date_found,bucket,category,title,source,published,location_hint,link,snippet,contact_email
2026-08-21,event,black_cultural,Heritage & Heart: Celebrate Black History Month in Orlando - Visit Orlando,Visit Orlando,"Mon, 05 Jan 2026 08:00:00 GMT",Orlando,https://news.google.com/rss/articles/CBMidkFVX3lxTE9VX1FjYTdZdVQ4T1FmR01iZ1ZWVkZYMmhITS15RWY1SFkwN2pnT2dUU2JlZGFZZW9GdHZkRWtKb1RXZVFIMml2b0ZtR2RrNkh1dVRxUWJxQzEyVWhuQmNLUjZUM0x2T1dkY0w0bDZmaW15YVgzRXc?oc=5,Heritage & Heart: Celebrate Black History Month in Orlando  Visit Orlando,
2026-08-21,event,black_cultural,Black History Month - City of Orlando (.gov),City of Orlando (.gov),"Wed, 29 Oct 2025 23:45:35 GMT",Orlando,https://news.google.com/rss/articles/CBMiwgFBVV95cUxQeXNlakozMlotaWxvbnc3Njl5LWlwRlBmeTZjanRVTW1HQ2JxdjIxSnBhT3RRRm5OdVFEZ3g2VGd2TUE2bXNsMlpkYmxOY0doaEpKWGZoZFBkdWJRdjRGdDJEd0VBUDFJZnFTMmpGMXRxUV92QWxEMUkzcWNZXzFOc3g1Y1NuSVA0TXZBWHN5eEkxQXlja2d2RXZlSFRLZkZlN0xna3VPd3g2QkVNdVdXSkVKSDk3djRRX3BPVjlsa0thQQ?oc=5,Black History Month  City of Orlando (.gov),
2026-08-21,event,black_cultural,Orlando Watson Shakes Up Tri-C JazzFest As Its New Executive Director: Q&A - Cleveland Magazine,Cleveland Magazine,"Sun, 31 May 2026 13:51:58 GMT",Orlando,https://news.google.com/rss/articles/CBMisgFBVV95cUxPelEtWjM4VjFyTGVzR0ZhQ0c0cWI4SWRJcXRYLUQyU3VNM0QtRWk3Zm5tQnB6NDFxY25neWFuLXRsRWJ5RXdPb2RaZVFaVkpKaFcydGRvdzZmMnNTNEd5dFFpYjZ0OUhvdjAtUko5MXdJcW5Xc1VRekdTTXlPOFRlS3ppcXlWS1puT1M1RjVPRVFRTGw3WlF1NGJjaUJ0bkVxM0VCdTFLRHN0RGFMaDJsNWFR?oc=5,Orlando Watson Shakes Up Tri-C JazzFest As Its New Executive Director: Q&A  Cleveland Magazine,
2026-08-21,event,black_cultural,"SPOTLIGHT: Immerse brings performance, interactive art to downtown Orlando streets - Central Florida Public Media",Central Florida Public Media,"Thu, 19 Feb 2026 08:00:00 GMT",Orlando,https://news.google.com/rss/articles/CBMizwFBVV95cUxNRHRJd00wcWl2ZTdnMGdUOUJTYlJxaUpWWGZQRjZZdWNpYm04MS10TnQ1bWRQaE13WU1sSVBWV2UyVFFXeDhNRmlzcUFOWTlWbVAyMU9uaS1Tdlo4ejJ1NENuU2ZWWU1tUnZaUkxoOHZ5enVfZGI5YU90YVE4RGpUYkNHM2tyS3E4LWJGZ3pmNGtFTzVPRS1WX21XMURYcXEyamp4TmpCc0swSXFRaTZ1RXpMMjRtdjJyeTBxZHdUY1V0djNpbThxdFhTSHBZRW8?oc=5,"SPOTLIGHT: Immerse brings performance, interactive art to downtown Orlando streets  Central Florida Public Media",
2026-08-21,event,black_cultural,Free Juneteenth events 2026: Where to celebrate in Central Florida - FOX 35 Orlando,FOX 35 Orlando,"Fri, 19 Jun 2026 07:00:00 GMT",Orlando,https://news.google.com/rss/articles/CBMilAFBVV95cUxNV0pFbTIzS2h2MllVaWhWMjVmZzRkQS1XSDNZdXExempxbmlucU1MQVpSek9nSGN4RThYbWw5c2hxR3BsaFFhR0JfWE11OEhzd1JUb0x1Wmp5djNFNHd0WEk5bk0tSHlqMEstNnRKT3JsUWV6U25WQXY3czVESUh6Ry1xTmJZMXhuOWNnN2hUNDVNbDQy?oc=5,Free Juneteenth events 2026: Where to celebrate in Central Florida  FOX 35 Orlando,
2026-08-21,event,black_cultural,Juneteenth events and celebrations all around the Orlando area - Orlando Weekly,Orlando Weekly,"Thu, 18 Jun 2026 07:00:00 GMT",Orlando,https://news.google.com/rss/articles/CBMisAFBVV95cUxPNlRfTkRkSVMyRHZzYUV2blRjOEJ6TUZGb0NLYVFtd0ZTdDVNUjNHMHN4TDBvRmotOGM5TG1MSXV2a185T3VtSHFHaVpWWERwMEUzSkc1eVFDQUVBcGZxLWlDcVFDNzJSb2NlUUxxbU5falIwWklVcXVhZ2pvay12NmhyZmZNVGhJSGNkQzRRcjJXWlZaT2tMQk1aUnJjYnBoOVFKWjloMmxGQkVoemplMQ?oc=5,Juneteenth events and celebrations all around the Orlando area  Orlando Weekly,
2026-08-21,event,black_cultural,Juneteenth in Orlando: Celebrate with these events - Orlando Sentinel,Orlando Sentinel,"Thu, 18 Jun 2026 07:00:00 GMT",Orlando,https://news.google.com/rss/articles/CBMimAFBVV95cUxQeHRieE1iSlJ6Y2JjOE5HWGswVHpGWmJ4c05ucTFFYUZnTm9wc2pUck9VM3U3OHRwa1pYcVJtV3RQSnJVR05RYWxtNWdTTXFnYjd4Z1FBMUs0ZVlhSy00X2U5Z2pyWms5RnRDRGpvdDlPdnV2LUhmZ2FTYUZyMDZBWTlfaVFYejhnMDFqbnd0dU1wUzhYWE1CNQ?oc=5,Juneteenth in Orlando: Celebrate with these events  Orlando Sentinel,
2026-08-21,event,black_cultural,Juneteenth Events in Orlando (2026) - Orlando Date Night Guide,Orlando Date Night Guide,"Wed, 10 Jun 2026 07:00:00 GMT",Orlando,https://news.google.com/rss/articles/CBMifkFVX3lxTFBhOUR3dTlwc0V1SVcwdFl2MS1xN1FaaVhVb2I5OFd5SDhSVnAzSm5pRy1Lcmt1RjhQckpWRnpzbkdXTlFvdkhNcTRFSlFQSG5IWlhYeU1aZm00QzVpUmhMeTIxcUhCMFQ4aVd4emZJZWw0eWY3VnF0bGpCVTVfZw?oc=5,Juneteenth Events in Orlando (2026)  Orlando Date Night Guide,
2026-08-21,event,black_cultural,"Black History Month in Central Florida: Live music, soul food cook-off and more - WESH",WESH,"Tue, 17 Feb 2026 08:00:00 GMT",Central Florida,https://news.google.com/rss/articles/CBMijgFBVV95cUxPSFJYOVJVOHBQYUZkLUVtVFRHdlZ1VF9BRUlQVll5Zm5SRjhqRE5NaExmYmF1UTQ3NDBRRVpjSlZKMUxOLWRYOFpwVC1sdEF2Q1VobnNKOFE2RHhickFqaElQMkNXUjN2c0tSamkwdnRCVjg2RnVmLUVxZ3FPUkhORkhETHh6SXQyRXQ5dzFR?oc=5,"Black History Month in Central Florida: Live music, soul food cook-off and more  WESH",
2026-08-21,event,black_cultural,Unity Heritage Festival to celebrate African American culture in Central FL - WESH,WESH,"Fri, 16 Jan 2026 08:00:00 GMT",Central Florida,https://news.google.com/rss/articles/CBMisgFBVV95cUxPYndVNDF2RmkwYzNTUmpCdTRuU1h5SHJ2TWxDaHRsc05sQVlKSGNROHNPYmJBV2d3UE9uWjIydThqYnlqZFNEQVMxanByekNsYi1EQlNKQk1ZNG43Mndidk51Q0FYOURJUzlOM1lLM3g5MU95Q2tRMUpzMjNlWlZLNVBsWUF2T1lpa1hlTFNzbGcxdzJubjdWaENxblM4OTBCc1hNcnNhWk9DZldfNFFJMmRn?oc=5,Unity Heritage Festival to celebrate African American culture in Central FL  WESH,
2026-08-21,event,black_cultural,Where to celebrate Juneteenth in Central Florida in 2026 - Spectrum News 13,Spectrum News 13,"Thu, 11 Jun 2026 07:00:00 GMT",Central Florida,https://news.google.com/rss/articles/CBMipwFBVV95cUxNdklZOFlqV3E0ZnZuTjYwYnM1YlRrdE83bzZpMkM2RVpqLU9aMVdGaTBhN195ODYtb21YUUNqYUI2azhtS1RMbEV5NWZJSmEyTnlGQXJrUFo4WktvRHFYdXdTb1JlV2s5ZlZqcU1vTGI5V2Q5U0djQmdxYXY0aFFVT2tKTFRNX3NTd1cwTzRvY0luNWYyRVdqYjZ3ZHJMNjljWE9odlFwRQ?oc=5,Where to celebrate Juneteenth in Central Florida in 2026  Spectrum News 13,
2026-08-21,event,black_cultural,Celebrate Juneteenth this weekend at these Central Florida events - WKMG,WKMG,"Fri, 19 Jun 2026 07:00:00 GMT",Central Florida,https://news.google.com/rss/articles/CBMiuAFBVV95cUxNbU00elN0eVlLTGsyTkloQlZMOFAxSl9mUzdYelp2OW5tOUNmT25jOUFKVUYyZ25QZEZMRjFEeWxmOVhBbVZiZGtuRkNhV241bkRrUmp4M3BTZXNRZDFiM2ZPVG95UktWMXdRS2djc01ILUdvczBqYmhTbzhVcHg3VXhjRnI1QlZJZGIwVlV5RTFCZmExRGNQaGJZcWt1R0R1TnpEWXhPNG5aMEkza0hUSTk4b3NJZ1J1?oc=5,Celebrate Juneteenth this weekend at these Central Florida events  WKMG,
2026-08-21,event,womens,Women’s History Breakfast – Power Players: Women in Central Florida Sports - Orange County Regional History Center,Orange County Regional History Center,"Wed, 25 Mar 2026 07:00:00 GMT",Central Florida,https://news.google.com/rss/articles/CBMiVkFVX3lxTFBDbS1aTk54MDRuSzlOZFc4aThzSmJSQkRrRVJnbXc4YTZidy14TlVUX19sVXZrYW9zcWZ4ZzZRVGRhS09YNFdWOFFkQnZ2QmR5eDRiWEFn?oc=5,Women’s History Breakfast – Power Players: Women in Central Florida Sports  Orange County Regional History Center,
2026-08-21,event,womens,"Women’s events, panel discussions, breakfasts and more await SBC26 attendees - Baptist Press",Baptist Press,"Wed, 13 May 2026 15:28:02 GMT",Central Florida,https://news.google.com/rss/articles/CBMiwwFBVV95cUxPMGpzOFJ4RFhra0k5d3NMVjZZTlppaTBTTkozY2haZV9oR0VjZ1d2amR4VDJlLV9URGtRTFpMM0llYUhCMTFlcTlySldJWHVSR0JPZ2hGcVl4eVZGQTNnVTgzcURkSTQzQVN3cEg3T2RrUzUxcFpwOVc0NWxnR1pJdVZGbDIyd1h2eXJuakdZbHRyekxnNE1nQTRRaGpnU1BpYXUtWU1NMzRmSkNoT0xqbV9xNDFmWXpvYXRkbXAyV2J5NDQ?oc=5,"Women’s events, panel discussions, breakfasts and more await SBC26 attendees  Baptist Press",
2026-08-21,event,womens,How to Celebrate Women’s History Month in Orlando - Visit Orlando,Visit Orlando,"Thu, 26 Feb 2026 08:00:00 GMT",Orlando,https://news.google.com/rss/articles/CBMid0FVX3lxTFBOanQ4ckx4clNZTUlhYUxHLUM1eHVLNGM0el9iYnVqcDRFb0NCeEJaLVVnTmpBd2lDclhnSTZRZ19wWE10anhYRURjYjdTM2RPQ1hYRUE0NWFIMldSUHExZnhoa1kzRktmVWFvc0RKOGtQcW14amdn?oc=5,How to Celebrate Women’s History Month in Orlando  Visit Orlando,
2026-08-21,event,womens,PHOTOS: See inside OBJ's 2026 Women Who Mean Business event - The Business Journals,The Business Journals,"Tue, 12 May 2026 07:00:00 GMT",Central Florida,https://news.google.com/rss/articles/CBMipAFBVV95cUxNUEdsWVZRVTNSRXJKWjQyWGxpYnJxQ2NCRExjenJidVZCQjFxRnhTQlpiNEFCY1lhOFBFNWY0eWJIS2ZjM3JpaGd5MVo5Tld0VWljZ3piY1JOLTJuRjFnRHdnSFV2QkNxNjNmb2ZZUExTS19FY0lQZjZxYTFmWjhGcHNDR3AtajM2SHFpU3B6c1dxTUo2ZTZkQU12UkNXb2JwNXlPOA?oc=5,PHOTOS: See inside OBJ's 2026 Women Who Mean Business event  The Business Journals,
2026-08-21,event,womens,"2 Central Florida pilots to fly 2,700 miles in national women’s air race - Orlando Sentinel",Orlando Sentinel,"Sat, 20 Jun 2026 07:00:00 GMT",Orlando,https://news.google.com/rss/articles/CBMivAFBVV95cUxPcUhBUjNRNERwaDFrX3VOb0Y4Rm5qMzloWk1hdkxoMHJvSm9lQVJienJZRnlTMHF2X1pyWHRUOFFmT19WakRxelB4c1hLdGIzU2otenE5dGM0SWZ6VHJydXdmMEJ5bk01QmhPOFNZS3ZLR3NGWGh6bjJFaXdPY3pSMFkxbmdCTTVqenJxNjVSUlpudmJiNXo2T3NhYW4ySld3alV5cHcxREhkMS1GcVBjb1F3Q0RndGtXa0xoYg?oc=5,"2 Central Florida pilots to fly 2,700 miles in national women’s air race  Orlando Sentinel",
2026-08-21,event,womens,Florida women's basketball announces 2026-27 non-conference schedule - Gators Wire,Gators Wire,"Mon, 03 Aug 2026 07:00:00 GMT",Central Florida,https://news.google.com/rss/articles/CBMi8AFBVV95cUxOZ2o0bi13UGhCSzRlNnUwWl8zMWkxRWZhRHdWYUxFYTUwTEl4YnRCbk9rbzJjYjhZOHU1dm1pNXF3NXpGR1V6Zm1Sa0NCQklxaFc2NVBRNm9hcHpzWnRPSGh0clZoWmppaFlqR3V3ZGVuT09KNFl0ZDU0MWNzTjRHR0puUC1LOXVjQVRSSDA5RDVIVi1HWjZ4THU0anNiNGYzcExCMDF1V1MxdW14aUJaQWFzU1BySWdyZ2E3b0xmM0dLUFZra3VlSUwwcVJCYUduVzctZ2QzVkQ3RjZMSmU3TXpuWHZ0QnEzM180b3U4NUU?oc=5,Florida women's basketball announces 2026-27 non-conference schedule  Gators Wire,
2026-08-21,event,womens,South Florida Officially Earns Top Seed In 2026 American Women’s Lacrosse Championship - American Conference,American Conference,"Sat, 25 Apr 2026 07:00:00 GMT",Central Florida,https://news.google.com/rss/articles/CBMiygFBVV95cUxORF9mdktBZjBDM01lWDRpcnZxUFJGdXJRMVo1UHZTR0tVbUtoeEZSX2Vic1djdTZhUlNYd3h0RHRqcTFpTWREOGk1UHNHMlZyVlpwTkI2Mzh1dnNjMDctclI2TlhoRHJtdktfb3JCOWp2NUhQNFRXQkk5YWp6Z3ZCenpfX2RpTEpQeUVxY19mLTRBRzFqSm95QWtnVkRubFFhM2R5b09ENzFIVWVYQXNlVllQcDN3SlFLZUhLN2NaenV5SlEzSFNqVmln?oc=5,South Florida Officially Earns Top Seed In 2026 American Women’s Lacrosse Championship  American Conference,
2026-08-21,event,womens,UCF Men’s Tennis Advances to Sweet 16 - University of Central Florida,University of Central Florida,"Tue, 28 Apr 2026 07:00:00 GMT",Central Florida,https://news.google.com/rss/articles/CBMicEFVX3lxTE54TWM0TnpKRmNIMWpacUVoS2lya1J0ellJSkEwN24teGN5MXNyT3VnZjA4WjQ2R2pCM0tvZF84aDN3Q3lySjdQUG9ab1AtSk9zYlltTEFSMTZ5SkV0Tzg1bGNnSmplVWVnd2p5WFYxU1g?oc=5,UCF Men’s Tennis Advances to Sweet 16  University of Central Florida,
2026-08-21,event,womens,Woman dies after alligator attack in Central Florida river - FOX 35 Orlando,FOX 35 Orlando,"Mon, 29 Jun 2026 07:00:00 GMT",Orlando,https://news.google.com/rss/articles/CBMilwFBVV95cUxPb3RqS0plZ2xnR1R5NWhtVzNjLUwzelN5MWZfdkNId1JmUHBwWW1DNG9OdFBXTUtjNzROd05HbVFlRFVKSGR3N1lYdmNaQnJXSXlQb1JvTUUzREpqVHYxV1Y5a1QwV1ZnM2JtVEJmeHh5cTBzbDFHWHZTS1ZTQUN4dmJ5c25iVHRBOWNsOHplbFBrbEJ4MDg40gGcAUFVX3lxTE8xdDYwN3B0aEEyVVpkckxuNGpjU1N5M3hsdS01T3ZRQjNDYkRSRklxLU1sQy1NenA3VWlaeFljS1RzSEpxVVNLaHB5X0NybmhaOFVWTjhHamh4a0dibnliQnB5WHh3S3ljbG5HdVpTOXJtaF9mQ0RINkNfM1lLREV4QWROX2ZmcDNzSWN4NDFhZ0kyc29Hc0lZdnJlag?oc=5,Woman dies after alligator attack in Central Florida river  FOX 35 Orlando,
2026-08-21,event,womens,Tickets Now On Sale for the 2026 Atlantic Sun Conference Men’s and Women’s Basketball Tournament - Atlantic Sun Conference,Atlantic Sun Conference,"Tue, 10 Feb 2026 08:00:00 GMT",Central Florida,https://news.google.com/rss/articles/CBMi0gFBVV95cUxPRExNYTNSdnV3b29CYmhMSkdDdVFQZGVmWWhaNjZ6TVZRQ2NRaUlHa3FHY1lkUjJKOXp1NXBRV2J4RVZ4TEFZN0JsWFcyLXYteThURXI3M0pxZmF4a2FScnJDeEdJZ0ljQmlRMjdTMTlnb0tFMnNQTGhYVnFRNU5jblVQejNucDBESmlKb0h4V0lhanV4UTVQallBX2RsRnU2b3NGLWVtMml0cHdoUjQ2MXlvRmlReVg4R0p6MnZvSXVPenlLZzR5OFpOOTJ5Z1pNMlE?oc=5,Tickets Now On Sale for the 2026 Atlantic Sun Conference Men’s and Women’s Basketball Tournament  Atlantic Sun Conference,
2026-08-21,event,womens,Best Ways to Celebrate Women’s History Month in Orlando - Orlando Date Night Guide,Orlando Date Night Guide,"Sun, 01 Mar 2026 08:00:00 GMT",Orlando,https://news.google.com/rss/articles/CBMijwFBVV95cUxNRW5KMVZUeUxqSHllWERWZVRVVjlDZ29zcVRNeVpKbmhJWkYzRVdJQ2VBeVhDcVhJTElYb2xMUEJrMmZEcG92VmllanhYcjdEdktSUG45dzRaLUoySm8xS3JmMTdjdEdXV09EWjR6eGVOVVhWNkdzNlJXOWQ3SUZGcmp0elQ3RDJva3VJTW5uSQ?oc=5,Best Ways to Celebrate Women’s History Month in Orlando  Orlando Date Night Guide,
2026-08-21,event,womens,Washington Spirit Carries Midseason Momentum Into Second-Half Return at Audi Field - Washington Spirit,Washington Spirit,"Thu, 02 Jul 2026 07:00:00 GMT",Central Florida,https://news.google.com/rss/articles/CBMixwFBVV95cUxPRTBCUm1yTUhoODBacldUelhid1pkMTFKVk8zbVk3dmNCTXAyZzAwQmZaODdTMHYxTXY2R2d0ODc5RVJtX0lzQ3l1WGM3TmNOZUpFYzNlX1pDNktPYk91QktlcFA2UVYyOXo4NXA3VUx6SFVGdjNzZmR3aTN0NmV0RVlpc0lIamhXdVg5a0NiRV8wT1FtYk9oakNLQTczNEYyTUZQSUk5OFNCVzVocTQtTmdpNTl0TnNWeHlVMUk1SFI2MGZURS1N?oc=5,Washington Spirit Carries Midseason Momentum Into Second-Half Return at Audi Field  Washington Spirit,
2026-08-21,event,womens,Women in Agribusiness Summit 2026 - Food and Agriculture Organization,Food and Agriculture Organization,"Tue, 17 Mar 2026 18:04:28 GMT",Central Florida,https://news.google.com/rss/articles/CBMisgFBVV95cUxOQ29Na2dTcTFFRThydXB3akg2LUZCWjJlclRqRWpYYmgzVTlTMHhGN0ZiX3BrYzhFWTFPT3Z3cl9MZmljUXR4U2JkU2NqOXZiVWc5Y2g1S1ByLVF5YlZBTWtjQVFybGhMcmRHOUxmNm5DMW1qbk82R0YtaUx2UTdMbFczQ1NxNzdEUjhFRENQS1laWG5tMFFqalJac0kxOUpyNGdkLXVHZFgxcUVlOGNEd1Zn?oc=5,Women in Agribusiness Summit 2026  Food and Agriculture Organization,
2026-08-21,event,womens,"Chaka Khan, Kelly Rowland & More Honored at 2026 Black Women in Music Dinner - Billboard",Billboard,"Sat, 13 Jun 2026 07:00:00 GMT",Central Florida,https://news.google.com/rss/articles/CBMihwFBVV95cUxOR3Eta0V6X0N6N1FtYmFFTjV6d0VjdWtVbEcyMGtXbUNrd21kVEx2Q0lnN0U5cnZnR3BqdjRRXy1TVWhuTXNxZG02OVF0QlV1czBZc3FZTlE2aDFjdWtOcHpLSmZOWXV0UFdZRFltYUIxdjM2WFF2TlU3VU9pSGJxcWtrd1ZpQkE?oc=5,"Chaka Khan, Kelly Rowland & More Honored at 2026 Black Women in Music Dinner  Billboard",
2026-08-21,event,womens,2026 Women in Business Awards - Sold Out - The Business Journals,The Business Journals,"Wed, 19 Aug 2026 07:00:00 GMT",Central Florida,https://news.google.com/rss/articles/CBMilgFBVV95cUxONjVZM0dyekw1Q0VmbjBnYW0yazlUenJCZTFzcFpvSnc4U29VRE1tUHJ4N1RDaXczd1B4UHJjRG1lR2c5b0tuZzVtZWJYRkR6MG9UbFNnUGwwVmpKZWJqeWxuS28waHBuYnhHa0hxenp5dGpLUU9PMmIxNGpSR0o1WlV3d2NnRWQ1bGgzQUp6eXFzYlFTcXc?oc=5,2026 Women in Business Awards - Sold Out  The Business Journals,
2026-08-21,event,womens,Women business owners in Orlando find support through networking and mentorship - Spectrum News 13,Spectrum News 13,"Sat, 21 Mar 2026 07:00:00 GMT",Orlando,https://news.google.com/rss/articles/CBMigAFBVV95cUxPRWdrMXF6LTNqZmR3Z2k3eEs5VVZyTEx2NDFoRG1jMUUyRS1PZ3J6RF9GVVVtYjcxNGFWUVlOelV2b0RCdElTbFhRaVFPQnlMQXBuQnd5c3dHR0p5dFJPQ2VYYXd5YkNwZjM5YXMwdFZkQUVLNE1uX0h6TXhWUDVTOA?oc=5,Women business owners in Orlando find support through networking and mentorship  Spectrum News 13,
2026-08-21,event,womens,Women in Business Law Americas Awards 2026: shortlist revealed - IFLR,IFLR,"Thu, 02 Apr 2026 07:00:00 GMT",Central Florida,https://news.google.com/rss/articles/CBMisgFBVV95cUxPUmYtNTdlUHhfdXZ3NFhBd09IRFM5VTExWTVUTXJLWEZ2WllNQVQwQ2JWZmMzaW9OaXpJZ1V4U0t1UlR5alNLU01YNnhvUTZ5LUZCcDZWRUFHVEl3S29JVF9SdllPUFY1STNmNkVYNWpnYnJSTndiSlk0S1BZQjhlbXpHcXc2REtFcXI3bU16bGFSSXlEajhPeVlvTFhud2Nnby1ZX2FZTXV3c3VUYXdJeGRn?oc=5,Women in Business Law Americas Awards 2026: shortlist revealed  IFLR,
2026-08-21,event,creator,"PR News | PRSA Names ICON 2026 Creator Collective - Thu., Aug. 20, 2026 - O'Dwyer's PR",O'Dwyer's PR,"Thu, 20 Aug 2026 18:14:11 GMT",Central Florida,https://news.google.com/rss/articles/CBMioAFBVV95cUxQN0ptZDgyUVREZ3UzcG1yZ2xFRzJxMW5PeWpQbE1pa2JpeVdTcnJVcDNLd0pfQVY3cTJUMW1OZnBhMzFPVzFiT0xzTVhZRGQtRlZyZ1FrcDliclBFR05nSU1uSThUYWxuRk12RzZ5TWMxTklWS3lFNHU5MTRHLU9uSUlSdExRMVNrLXZFMlRYM3pVUS1JY1pZd3hTMDE3MHBV?oc=5,"PR News | PRSA Names ICON 2026 Creator Collective - Thu., Aug. 20, 2026  O'Dwyer's PR",
2026-08-21,event,creator,"Meet up with your fellow players, ESO’s developers, and favorite creators at GCX 2026 in Florida! - elderscrollsonline.com",elderscrollsonline.com,"Wed, 24 Jun 2026 15:26:02 GMT",Central Florida,https://news.google.com/rss/articles/CBMiZ0FVX3lxTE1OMnA0MmptSGZLZWVqcEFnbC1qOVlNUkYxRlk4REM0RkIzdnBQcHpqNF8zOElPRHJwSF8zUDhNck1scGwtWjlYVWVRdkozelUwN0pnWHpERWFCbXpwSVdWZmRiYms0QUk?oc=5,"Meet up with your fellow players, ESO’s developers, and favorite creators at GCX 2026 in Florida!  elderscrollsonline.com",
2026-08-21,event,creator,Ulta Beauty World turns Orlando into a beauty wonderland: A behind-the-scenes look - WFTV,WFTV,"Thu, 16 Apr 2026 07:00:00 GMT",Orlando,https://news.google.com/rss/articles/CBMi0wFBVV95cUxNSjNmaGZtaDJBZWRXOHJYeDVXODRwc2dIQjA0VkNKU25YUlFuay01R1BjSDZ4bzI4aWNNM1E0S3ZQMVpEeXN3RDIwLVZpY3hEVzJyMWJzV2Z4Vm5xOU9FOFo3ME1KUE90M2RBQ1pxM0t3TG9mdXNsRHVqX28xR0tHTWQ5UnpIMjhxOWJJaDFVcUJpZUZXU05CUVdxRUpGcFFrMWhSTUNEUlo2SnhiQ0tFb3JKdjRha3JiczJSMElXUEQ1TlA2N3Mza1ZoRUJFdWM1U1BF0gHnAUFVX3lxTE50OUFDeUlfQkZlRXFjbmRWZWpWUTUxQmo3R0phRnI4ZV9CYndTTWlwZzZjZGwzX2hYRmltTFk3Z3hnZHczVXl1MHgxakNqR3BHYUEtQktIVmx5cTcxcFRad05GUXM4TmFJcmdMODJUbVZTUGtnVmo1NDQwemI0d3dxSUl6WGFMMmNpUW5Rd2pCOFBheHFvV3VZbnY3a3ZHcHFOalBTZzZTZnY0MmNnTkxCOXY3VW1jRXVzak9vR1U2aVRZQlhwQ1JBODlfNHpiVUVkZmdtMzZSbUdXaEJ2UnI0dmRPenJiWQ?oc=5,Ulta Beauty World turns Orlando into a beauty wonderland: A behind-the-scenes look  WFTV,
2026-08-21,event,creator,"Elder Scrolls Online plans a dev panel for a fan event at July’s GCX Event in Orlando, Florida - Massively Overpowered",Massively Overpowered,"Mon, 29 Jun 2026 07:00:00 GMT",Orlando,https://news.google.com/rss/articles/CBMixwFBVV95cUxObkc1ZnRYdDBTdTR1dXpwd05nYmpMUHI5bVRqN0U4TmlXVzFTaldZSzdGenBJbTFEVjR3M1lrLUo4cmtJNWotbFotQU9vVTl5RTQ0MlFlRldydjdSdDk2cndpb2FWVEhLY0k2SDFYZXVObmpLeXFkVWEwRUZtdE9NSFA0c3pvc25UUmZ1YzVjZ3ZneS00b3ZFMlozUHRiekM0d2JWMWRwSk1tVmNQblhPRzB6Q2kzbW03V3lWaUFrRXhwZ0JqdERJ?oc=5,"Elder Scrolls Online plans a dev panel for a fan event at July’s GCX Event in Orlando, Florida  Massively Overpowered",
2026-08-21,event,creator,"Introducing TouchGrass Music Fest, Bringing Your Favorite Artists and Content Creators Together For One Life-Affirming Weeknd - Audible Treats",Audible Treats,"Mon, 30 Mar 2026 07:00:00 GMT",Central Florida,https://news.google.com/rss/articles/CBMiYkFVX3lxTE1HNUJzYjMzbzlsa3JOLTZhdUNVNEozLVJFYklpTEhmalZHWFk1bEwyeEZuV29aZUxtWWJERXo0MGp4SkQ0dXlzNTJZX2hYMXlMR3lmenNyaUg2OEVETGM4aGt3?oc=5,"Introducing TouchGrass Music Fest, Bringing Your Favorite Artists and Content Creators Together For One Life-Affirming Weeknd  Audible Treats",
2026-08-21,event,creator,This app maker's co-founder creates content — including emoji keyboards — for social media influencers - The Business Journals,The Business Journals,"Thu, 08 Nov 2018 08:00:00 GMT",Central Florida,https://news.google.com/rss/articles/CBMioAFBVV95cUxPUjhFRTROOExOOWF4czNRMFlpMVNDQm9RWDlRUF9lZXJxQWhnTUJNMWhya0MxcEMwQ0RiZnVwMjVKZkFGcDh0UlVkR2lIUVh1RnNpRVJwSi1yWWRDOHNBQW0wZHFPMm5xVHpqUkFEVy1RYWdybTlydnBDYllpc0F2M2ZFc200MHI4cTZkWVZIUGdUNmJhNnZPX0x5dFpNYjNl?oc=5,This app maker's co-founder creates content — including emoji keyboards — for social media influencers  The Business Journals,
2026-08-21,event,creator,Meta defends its child safety efforts but critics say the social media giant falls short - Orlando Sentinel,Orlando Sentinel,"Thu, 20 Aug 2026 15:42:05 GMT",Orlando,https://news.google.com/rss/articles/CBMiigFBVV95cUxQLWZQYmF5OEl6RjRRM3R0MGpDSVpsT3p5UlVoMm5HRWluYldFeW10eFR1bEo3WlFYWkRsaV9DWUlXMWhhVWZuU1ZJRnd6enBJUEctazNHTnh6Y1ota0lfaGIzblVQRkNKVFhTMkJkdDdyOEkxM3lVTDVqUzlKZGN3OTRUY3g4czhzaVE?oc=5,Meta defends its child safety efforts but critics say the social media giant falls short  Orlando Sentinel,
2026-08-21,event,creator,Ragan and PR Daily Announce Keynote and Brand-Leader Speaker Lineup for Social Media Conference 2026 in Orlando - Ragan Communications,Ragan Communications,"Mon, 16 Feb 2026 08:00:00 GMT",Orlando,https://news.google.com/rss/articles/CBMi4wFBVV95cUxNNDJ3cWJvUjB5QVhWa2N2Tkw5TnRSal9SR19oQl9PVmpIbHVlYXg1WVVYWXVQdXV2LTlOd0dQd0hLVVgyalBiZEExR2lQSmx1OW1GeV9kU2V3NHNLVkNIN0ZhMXJteGh5dHowQlpscTBNTHl1Vkp2cHU3UzRTdmhzY05sVjdwcVdMREdMcXlaaHhrbXdVakJjWWQ0THBpd2lmNzJQV05UZHdMNkFHZklnVUR2MUJrMnVPY2JGeGFwTEwwUjNMbExwZFpHdTJsak9iOXBzQ2UzYkViTktxVmd0VHJndw?oc=5,Ragan and PR Daily Announce Keynote and Brand-Leader Speaker Lineup for Social Media Conference 2026 in Orlando  Ragan Communications,
2026-08-21,event,creator,"Simply Success with a Mental Edge Conference is Coming to Orlando, FL on September 26, 2026 - 24-7 Press Release Newswire",24-7 Press Release Newswire,"Wed, 17 Jun 2026 18:59:05 GMT",Orlando,https://news.google.com/rss/articles/CBMi2wFBVV95cUxPZE9oUVJMMXI1VHViTDhYMzczdDUxMVRaa0ZHdUN3cDZGN2pDc2VBRHFiSFdHOXUyTHdjdjZ5anBSVE1hWW5aeVNPX3JCM1MtN1VSNzhsZHF6a2YyYTQ1MkY5b2ZCZ21xWnplSlc2RGk4blE3Wm51cU1aUUhWeUR6VlM4QnZtSWZjbFB5bUw5d1ZIX3ZTWWR1SVRoT0s5Z1drTnp4ckIwVTRVSUtodGdJSTBGRENzbFRaSC1aYWJucTFsZWdoNzhtR3pvdlMxQ2hqbTdtNS1RalFjdVk?oc=5,"Simply Success with a Mental Edge Conference is Coming to Orlando, FL on September 26, 2026  24-7 Press Release Newswire",
2026-08-21,event,creator,The Best Customer Experience (CX) Conferences in 2026 - CMSWire,CMSWire,"Tue, 24 Mar 2026 07:00:00 GMT",Central Florida,https://news.google.com/rss/articles/CBMieEFVX3lxTE1jYTVOUEtLdC02X19YTVVxaFIzXzJaNmdyQ1UxQzlvTXRoRlhKY1VUN0NkcnNVTWE2TzV2QnRUVVlFZmxQWk5JcGRBbGF4dlJhUjg1RDlLUVp4UzFWVVktRjJoVkNmdm41a2dyZ04xakdCQkNGRTg3eA?oc=5,The Best Customer Experience (CX) Conferences in 2026  CMSWire,
2026-08-21,event,creator,Today: Family of woman killed in crash involving Orlando police cruiser to hold news conference - WFTV,WFTV,"Thu, 09 Jul 2026 07:00:00 GMT",Orlando,https://news.google.com/rss/articles/CBMi3gFBVV95cUxOdWg4SUdMWmxXV1IyQWdGZVJySmxaSlFicW5BUjBRemtKTnotcnhCQTBTdmh2WnZYNkdxNUNzODM5ZjNUNXZEN29qcFVRbjhmYnpKS3VHVzFpei1hMklkVms3Z3lMb2lubWRBLU9qRHZvSktnNGtxbTg5LXdqSEpXQXRhODc2eDFJTy1FT1FRVTg0WGlRbHZiNGM3bXJ6Y3lmZl9mVmZPM0RvU2k3UjJDcHZIVGkxRTIwaTNsdHhIdVlaUmVvandLZFhwdW91eEsxejQ3SFJUWVZwLU5SclHSAfIBQVVfeXFMUFBBeUtZX2dMNkRZOVAteVFheUh2U1Z4R2VNSWJZZHVySml4Z2VPWjNfVmJDOXBoejdFVEk4STR0OTktR0hrUTFMSlc3TjBCbkpULXJOMUJVUWJTY1ZBaFJMUDhNSW54UUF3b2Y0aU9HcS1PS0ZzVFhoMlplSnlwM0xHWDhHcWE4b1dPOERWMGVRV1pBQ3FadlgwV1NHX25DRXd3Szd0UTRBT3hadzBtNXY0bzlLVEpjTFhBZTA3MmZ6SVVLY0tVeHgwT09nLXB5ZGdTWFVPcVJnR3g3OUtMaTd0eGJVdTVmYjYzdWdnYzVxRlE?oc=5,Today: Family of woman killed in crash involving Orlando police cruiser to hold news conference  WFTV,
2026-08-21,event,nonprofit_programs,Cash-hungry college sports programs are starting nonprofits to make money to stay competitive - Orlando Sentinel,Orlando Sentinel,"Thu, 20 Aug 2026 20:35:23 GMT",Orlando,https://news.google.com/rss/articles/CBMi0wFBVV95cUxQdG1JaDBCaExrWVBWYVJ2b0JZWGlSUklScmJfOWdZTkpGRzdaUW5FbVJkVm1FRFo1ZnpIREJ0Q1NEeFhvNUJZRTJCSlpsRmNlUkp4UVE1RUZ6S2dSLTFOcFZzNkV1U1VGOGptbnFTOXNzcmR1NDhrN3N5RG85NDBHT08weTM3S0hnbi1pYzVVSnIxU3dObUs0ZXZRd0ZXM1NPVjRaVGh6SkNQSkVaZU5yZGhZTzY4V0VMN21XNFlwTUVmbGFjTkY1R2s2ZG03NlJUbXFv?oc=5,Cash-hungry college sports programs are starting nonprofits to make money to stay competitive  Orlando Sentinel,
2026-08-21,event,nonprofit_programs,City of Orlando and Orlando Economic Partnership Launch 2026 Orlando Tech Grant Program - Orlando Economic Partnership,Orlando Economic Partnership,"Tue, 18 Aug 2026 14:33:47 GMT",Orlando,https://news.google.com/rss/articles/CBMiugFBVV95cUxOMTcwSFkyZVJYbVZITGpRc0oxZVNRa0UzZVN1U2YyY1ZjeGJROTdrOHV6b2x3T25jUVRiam9TX3NSbDJmTGRLMlFmSjd0OF9NcnhBTDFISGNVaXJWaHUxckwtcHl5cGlBSW16MVBDc21VeFFyMHR3cUJOelk4aE50S0xiSlY4STBfSERoWGdhQlAtOFE2QkxTTkk4LTJQOEJuRmFEZ2Ewcy1adHZDbklNUmU5NjlnM0trc0E?oc=5,City of Orlando and Orlando Economic Partnership Launch 2026 Orlando Tech Grant Program  Orlando Economic Partnership,
2026-08-21,event,nonprofit_programs,CDBG Funding Helps Launch Tech Careers Through Per Scholas Orlando - OCFL Newsroom,OCFL Newsroom,"Thu, 09 Apr 2026 07:00:00 GMT",Orlando,https://news.google.com/rss/articles/CBMifkFVX3lxTFB6X1hoVkE5RW84clBUY3JUdWNUVUFtalNYU25VUl9jVnk0ZEhBSDd6TTFYeXNfV2cwOExhaTZxZjdicGV5XzJiVEtERHRxT0xIM1hJaXdzeDRiYmFPUUNJc2gyaXQ4dWFyeEZPSnpJdWNCZWlQNW04RllhT0FUQQ?oc=5,CDBG Funding Helps Launch Tech Careers Through Per Scholas Orlando  OCFL Newsroom,
2026-08-21,event,nonprofit_programs,Groups team up to provide health care to the homeless in Orlando - Spectrum News 13,Spectrum News 13,"Thu, 16 Apr 2026 07:00:00 GMT",Orlando,https://news.google.com/rss/articles/CBMiiAJBVV95cUxPaVZxaU5JUXBnWFBPQ0F3ZjVDVEVEakFibHRGRm4zdFVfLUVFU2xVWUg0X3BhTGluOGpFUTVYaUlZeW10MWRXUGdTaFo3QVFfMDlQdkJlV0JEeDNybFpTX3FIc1VDMUtIaDVlaVM0SEpvU1ZKbk8wQVlaWDFpQ25BalFQZ0d1b0RFSGhIc0dPWUNFWkJ3UlNPTzNxb240UkgwNTJsSy1QYndjMURaYjl2QVA5UE92c1Y5MmZNZVhJd0p6WGlsSHN6blFiWFJrcDE5R2FPWXRFX0hWbFhGTDFwVnAxTFNtek1aSkFtNUpQUmZYbHVuOEF2RW5YVmpvd3IyNXlGMVFBUGw?oc=5,Groups team up to provide health care to the homeless in Orlando  Spectrum News 13,
2026-08-21,event,nonprofit_programs,Irish Network Orlando: Building community beyond St. Patrick's Day - IrishCentral,IrishCentral,"Tue, 14 Jul 2026 07:00:00 GMT",Orlando,https://news.google.com/rss/articles/CBMic0FVX3lxTE9pczZKQ0oxX21zNVFTNXBHd19zc0cybTZRSXBLNExYaEYxc3NZRjg5YXFCZ0hXcHNVUkRXX1FNMmhfOG5lZ3M1UEMwTjJJa0JfVWlacHJSbUlYVzdNY3Y0UndBUkM2ZVhHVzFmN3loTWFISFXSAXhBVV95cUxQTmsxMHRSQVpHVVdYT1hnVjVqcF8xaUhnU3ZvMngtTWRmSjlfRTdnZEt3UENWb1FmRHJoU0t4T3BrRzRMZHRKN3ZGTlRzZnZBT2ZuNWJBYVBGV2FINFl3S0ptWU9pU0Z6V21jYjRLYU80anBxZnprdFM?oc=5,Irish Network Orlando: Building community beyond St. Patrick's Day  IrishCentral,
2026-08-21,event,nonprofit_programs,"New Beginnings of Central Florida Launches ""Pathways to Healthcare for Vulnerable Populations"" With Support From Live Well Foundation - South Lake Tablet",South Lake Tablet,"Sat, 02 May 2026 07:00:00 GMT",Central Florida,https://news.google.com/rss/articles/CBMi9wFBVV95cUxOT2RrbW5iZ25za1ktZi1lQlNtdklxWUJIWVF3TTRfV0g3RXZ4Zk1CeFZ0QjlfOG5GTm9wYVF5VGIwc2FEaVMwRGRabFlsMHk0T0s1UUJzOFJ5cXVGTmZKMjV2RHVFN1pQcERCN3RGMDM5UVdOdVhvcTZ4dkU2d05LMy1UVjRWbDJBemozWjQ4ZDFINVFOeFJHX2dCNFNqMmdyZS1ob19vNW5VN1luOXRwemgtM2toZi1MdnV3TGY0eUs2cEZ6YzdrN2RTdlJrMFJOMTNsM2VFcG9McUlSWTNLaDVaM3c3VVJLbkFBRkh6WUN4NEs2Nlow?oc=5,"New Beginnings of Central Florida Launches ""Pathways to Healthcare for Vulnerable Populations"" With Support From Live Well Foundation  South Lake Tablet",
2026-08-21,event,nonprofit_programs,Non-profits in central Florida gain exposure on new LYNX bus - WFTV,WFTV,"Tue, 26 May 2026 07:00:00 GMT",Central Florida,https://news.google.com/rss/articles/CBMitAFBVV95cUxNZGt2UlZyTUhOZUVOeDktSU9mRmdJb3MyWi1fdFpvaEs4SzQ0ZjVvOGxvUHc2TzIxR0RIOE10VzdEN2M4VmxiZW5VSHBkZ2ZiZFlHQ01ZXy1yX29ncW1wTkZTYThqQzhGWDFfdnRQcE9lODgwTloxU2pSSU1JSm5BVXNYLTZVX2VXM0ZJMnlfMlhxc0Y5emN4SUxnRGtWNE1GdGxDLWswNTBVM2NmS3hwajJ2MUvSAcgBQVVfeXFMTUd1SzhkV1dVZXZmdDNKSFZkQzVNUGJMMkloVW9aVjR4b0tWWE9QWkVuVUp2YVM5cjd3b2VIMm5HODhGYlFOYm11a1lFYTZvRFRCcVdKb0xoRkp1YTJ1VkdiMzZDY2tsRGplcFRtU1FDNnE3VV83cktvU2ZRVXVGbGU4WXZXWEw1d2UtYVNHRHdyZkVHU2tIQS1US0xyaGY3UFp1Z2ZXZnFKc0pOelowYnplVTNlcnhiUzJEOVFoQTMweWpjTWRjTFA?oc=5,Non-profits in central Florida gain exposure on new LYNX bus  WFTV,
2026-08-21,event,nonprofit_programs,Habitat for Humanity launches faith-based housing initiative in Central Florida - WKMG,WKMG,"Wed, 06 May 2026 07:00:00 GMT",Central Florida,https://news.google.com/rss/articles/CBMiywFBVV95cUxQWkdVXzlyYkd4bHpoTjJrc2ZlaVNpSnJZZjJNTEpmX3c4QzQ1cWljSmxRMy1NVkk0dW9JcDBaTEFNaTk2LVlKcWVMaU5CeTZSdy0xTUhUdldUSHJnSFZlcVdwQWIxd3RGaUZyWUdBUkVIeU51cktIRjg5TGNrb29qVUhma2syU0w4R3BCaTZJcXA4VS0tUXU0WEt6aXFwY200cW41SlJsd1hnNjBYa2Zmc0h0REhablhWd0VOYWJXRHFobEVmSUdxOWRqOA?oc=5,Habitat for Humanity launches faith-based housing initiative in Central Florida  WKMG,
2026-08-21,event,nonprofit_programs,Grant program seeks community partners to address Central Florida’s critical health needs - AdventHealth,AdventHealth,"Mon, 23 Mar 2026 07:00:00 GMT",Central Florida,https://news.google.com/rss/articles/CBMiuwFBVV95cUxQLUpKR0NzczBSWjdTWG93cjlvbDhOWm5DZ2ZrYjh1VGJsS2JVR1g5V3ozX29QTnVSalVWVG9ISFNwYU5TSlNOZ3pwQ25vd3ZIWGhtQTI2SG0yZXd5VmFLRnA3S0hMRmZEbFpORmhZQ3ZKdWVzUjhRaTFBeFNhUERweloycUloa21sSklrRklYR2hnaWpIaVdreFlhY2F3WTU0SHhGdWM5bHJodVJoV2drUnY3blNjdEJJNkhJ?oc=5,Grant program seeks community partners to address Central Florida’s critical health needs  AdventHealth,
2026-08-21,event,nonprofit_programs,Victory Cup Initiative Story Showcase Breakfast empowers Central Florida nonprofits - WESH,WESH,"Tue, 10 Mar 2026 07:00:00 GMT",Central Florida,https://news.google.com/rss/articles/CBMivgFBVV95cUxQZTRNY2tHMnhvZ1BtSFJLcngtQUp1S3JhX0RyVFU3RXEwaVlEcFoweTJzai1RTWNSN1VuYVQyaEJnSWRwN2tmd2ZSWXJHNUlZZmd6LW9yR0hTY1dLVzRRM21Kck9ieWN1ZlMtU3pMR0FjZTZHTWhIVEhKMmFxX2hJLTNnZ0stS1FPdEdYeWZLVE5OWWl6UlNIV2xQVW55MGtuTkFlMV9WMWxnblBoUUQtaF9FemhlMlBtTEJlRXV3?oc=5,Victory Cup Initiative Story Showcase Breakfast empowers Central Florida nonprofits  WESH,
2026-08-21,event,nonprofit_programs,Orlando nonprofit gives students a leg up in tech industry with free training - Spectrum News 13,Spectrum News 13,"Fri, 20 Mar 2026 07:00:00 GMT",Orlando,https://news.google.com/rss/articles/CBMihgFBVV95cUxPSk80a042T1BnMUg4eWxxXzdMb2t2b3J6WU56Tzh2ak9RVHo3VlU2b3lTRUNBSzZoQ19paWQxRHVRX0VjOVRIRGFfS1UyTzN3NG5mTFRtMG1EVE5URFFlS25EOUI0SEIxYzhnTkNyNlBVOUlnUVNCZHpOSU1xenoxOEJIZEpmUQ?oc=5,Orlando nonprofit gives students a leg up in tech industry with free training  Spectrum News 13,
2026-08-21,event,nonprofit_programs,Winter Park nonprofit helps disabled adults gain job skills as repair technicians - Orlando Sentinel,Orlando Sentinel,"Fri, 31 Jul 2026 07:00:00 GMT",Orlando,https://news.google.com/rss/articles/CBMiwwFBVV95cUxNYzlLeFpGNXZVWmszYk9jN1BFUjItV2dkVHB2VnZOZ09FU19oSzViQ3hjQm94SWVxZHBzNm9Kd1ZyVnYzWWNSTmVDSlM3c21WZXVKOTYtbk5YZ0FOZnJpTHoxLVRFSi1KYkwtc1hMUXJjWllXM1dTX2dVTTRVc1paYXU0QW4xN1Z6Szk1aTlEeGNoamttLVc3d1FESFdEN3JYbEcyUnEyQ0lsSXhkeFotSl9RZ19hRzRzbUZRU3NxdkE3Y3M?oc=5,Winter Park nonprofit helps disabled adults gain job skills as repair technicians  Orlando Sentinel,
2026-08-21,event,nonprofit_programs,Empower Teens United to host family workshop - Orange Observer News,Orange Observer News,"Sat, 25 Apr 2026 07:00:00 GMT",Central Florida,https://news.google.com/rss/articles/CBMimAFBVV95cUxObzlCUXkyaXdZeGNhLUNoTjBmVFBpMmxwYXJhZ2NZdGRCY2gxLWlaWWhCTUllamt0UXZ0V2ZnMXA2aGVGR1JWRHZHUnRBaDI4YmRYWmNrUHhORFNFVWZ4d0JHRERabmkyQXBRM0d4eS1lemdVMkdSdXZ4ZlBGNExPOC1NT21wZkNJNEo4TW50WjlHa1YtVVBSWQ?oc=5,Empower Teens United to host family workshop  Orange Observer News,
2026-08-21,event,nonprofit_programs,The Orlando Magic Youth Foundation Distributes Second Set of Grants to Local Nonprofits in Surprise Check Presentations - NBA.com,NBA.com,"Fri, 13 Feb 2026 08:00:00 GMT",Orlando,https://news.google.com/rss/articles/CBMi6gFBVV95cUxPTUk0dmFjMUlQVEJSU3J6RWplVnlELXR0X0ExVUppU2dUSDJyaWZnVG5DQ1pLR00zRS1kak50eDBqNFNYZmo0R1dzTldwZ0lWUVE3YjJSRFotYzJzb1JQWDh1WEtTaF8zNzRvMlljM1lHSTNVU0tTVHQwVEdCbk5tNlIyWWlDbTR1TTdTSFU4NDN3dm1pZk10eWZzZGZrSVVrUGNNQlU4eFhrTWV0MmJKcUZ3ZmxZR3NNQU03WXhZWTJIUWZZRW1nX1pXc2JvNnVPVmpRd0EyU3UxUXNOME1QanU2dThnNWc4NXc?oc=5,The Orlando Magic Youth Foundation Distributes Second Set of Grants to Local Nonprofits in Surprise Check Presentations  NBA.com,
2026-08-21,event,nonprofit_programs,"Orlando nonprofit focused on helping at-risk kids, teens through music production education - WESH",WESH,"Fri, 10 Oct 2025 07:00:00 GMT",Orlando,https://news.google.com/rss/articles/CBMidkFVX3lxTFA1NFpYanlKZXRnYnRJZlNaWE16TkdtS1BiZHROcklqSU4tSDdSdGIyQ3dLVFdsUjdTMXRmVEZELUxyV2xhbmMxR2ZSWnRSYUw0dXlIRFdRZDZrOXVSRm56NmFGcHRjMlBYdFVXYzlhR1JjQV9XNXc?oc=5,"Orlando nonprofit focused on helping at-risk kids, teens through music production education  WESH",
2026-08-21,event,community,50+ Best Things to do in Orlando this month: Events and More! - Orlando Date Night Guide,Orlando Date Night Guide,"Mon, 17 Aug 2026 17:21:55 GMT",Orlando,https://news.google.com/rss/articles/CBMiaEFVX3lxTFAwOE9JZDlWREdJQ3JBLWNZX1FRd2ZsWTU4NzhsRFJMd1VUNDlhQ1NCR1lPUkdSMkxCM0hpZmZBT3FZR3BFREZpMDFOcndFM0p6N2RGUTZoOEx4Y0RVdlotUkxfMkV6alJR?oc=5,50+ Best Things to do in Orlando this month: Events and More!  Orlando Date Night Guide,
2026-08-21,event,community,Teens attempt 'takeover' of Orlando community field event - WESH,WESH,"Sun, 10 May 2026 07:00:00 GMT",Orlando,https://news.google.com/rss/articles/CBMimAFBVV95cUxQQzJRVEtqWnpPRjQxVHIzakdIRVQzT19CcGZIWGwxYVFlZWVxV1VtREhUdjdzRHB1bGxHb05Fckc2bnhPZW4yX3VxMTljQ1k4SGl4ZUVqQVNYWjM0RW1CWFNMRFBZMERkdVBSNlJ6M3hiTEU5TFRkQ1ByOXdXUHdCZHRrN0hLR1JtbDRWRFlQTDR4N0pwb0hGRA?oc=5,Teens attempt 'takeover' of Orlando community field event  WESH,
2026-08-21,event,community,Orlando Brown Jr. Honored at 2026 Cincinnatian of the Year Event | COMMUNITY VIDEO - Bengals,Bengals,"Sat, 16 May 2026 19:12:41 GMT",Orlando,https://news.google.com/rss/articles/CBMirgFBVV95cUxNSXFGalFsWElzSnhKZG00R3YzV0JTZzJ5bFFadVFUS1NMNWRVNW01NmpuU1dDYzljdG1sZXZRR2pJSzVfdDFnU1I3bGM1aWM1TzhmX253RS13bWJnM0JxVnpRekxFdHJIbWhYTG5BZWpHdFJQZUJjbHZpU2JhY1VSbmNIWFVjMWVZR1J1YTZITG5FZy1aUkJRRnhyZVJWNHhkTXhoSlpZWnJyeUdLYlE?oc=5,Orlando Brown Jr. Honored at 2026 Cincinnatian of the Year Event | COMMUNITY VIDEO  Bengals,
2026-08-21,event,community,5 things to know about the Freestyle Motocross Block Party - Spectrum News 13,Spectrum News 13,"Wed, 17 Jun 2026 07:00:00 GMT",Central Florida,https://news.google.com/rss/articles/CBMitAFBVV95cUxQTG0yNzBPOUFrVlRFcU1hbnZWOEwxN3JrdkdEcmVXRm9IcDJaV080U2p1V1Zkd1NYQlFfLWlsblE4eDRpV2JZblBQOXRFdkRNS3k1ekFyZEZ1SUpXcWZwczFxWTN6T3pKTjhCdWJONW5wQlZXNXVmZGJMSC1odHZrSEJTdjk2M1hVdUdvSW02TkF4a3pocFluWi1fODRpUjYzdjhaSDJZQWdFWGVQd2JyMU4tMTA?oc=5,5 things to know about the Freestyle Motocross Block Party  Spectrum News 13,
2026-08-21,event,community,UF College of Nursing to host first North Central Florida Health Festival - UF Health,UF Health,"Mon, 23 Feb 2026 08:00:00 GMT",Central Florida,https://news.google.com/rss/articles/CBMipAFBVV95cUxQVkNZcHgyNHNTWC16Qk92OW1IWkdqekxNQnlGUzE3STVqeWZSbHhOT3dpQUhmNUEzaEZaM1RuaVJsbFVPQ3R2M3ZSRjhtUzFqVFQyR3piaDRvYWtUSElmMjloTkZYcF9TcmlteFNWeEdEZnFhc0JGdjNENTVPLVlWWm81RkFneDgxZ3ZSY0JhUEhGZERXcGhoWTFRcmVWWC1oSkQ4Vg?oc=5,UF College of Nursing to host first North Central Florida Health Festival  UF Health,
2026-08-21,event,community,Kingdom Fest brings free music and activities to Kissimmee on Aug. 8 - WFTV,WFTV,"Thu, 23 Jul 2026 07:00:00 GMT",Kissimmee,https://news.google.com/rss/articles/CBMiuAFBVV95cUxPUG1JWmJLNWlKSExTR3NFRjd6NXQ2MUNkTTd4QXVWSlJsVzFhV2RWYXR3MUV4S0N4SjhPa3k5dVIzaDVHQUgyN0diNThEcjlMdFRNUWRMTlN0UzZfRkdETlgwamNoVXlaRkRDaWdwMER6NEZkbWRVdnZzaVpYV0ZmdV83OEVaLTc3MDNKMkt3ZnFBR3F3SXZwT2JETWVkWmZDZmRNY3VxUWlMcDh4MkYtM01hQVZJM0JO0gHMAUFVX3lxTFBPZW1NWXRZTUdkMV9pSFh4VEFvT0JOMF9PeUVyT0dycGxfcWFBdTZPM1VkODhJUVdpMS1QWG1wcjFHa0dDOFJ1LVAtdzQ3N3BFZ2JIeURUa0xROV81RHVQU1JzbFBTX3ZhRmtUdi1GbWtmZS1kTU95QlFEU25MYW1qT0lqaGRBaXk1dW9mNU84U1dMN0YyT3k1SThiR1pyclhDT2NzWngzc3Q0WVE0YVYtNEF1clRCX3loTHZITVloLXZOT3MtSmlYQkV2Vg?oc=5,Kingdom Fest brings free music and activities to Kissimmee on Aug. 8  WFTV,
2026-08-21,event,community,"Milk Mart happens this weekend, as the community market turns 10 - Orlando Weekly",Orlando Weekly,"Thu, 28 May 2026 07:00:00 GMT",Orlando,https://news.google.com/rss/articles/CBMisgFBVV95cUxPYXNNdGhnZ1dqZXI2dUoxOGctMnNwR1d6d1pHdlNobEZVajJJdEVUVWxDdERlWUhKUVJ0WXNzYnFGekk1U1Z6MjlMNDJNVzM4eElQSnBWUXhLSkd4Q2kySmxtallYRU9DN2ItTmI0RU1HM3E2WVdHQ0ZNUU55a01VdmpqMVFfc3lodHA2RE13REYwcktCMWVKOFkwZ1JTYjhGSXpUczkwQWNiM20xalN0R19R?oc=5,"Milk Mart happens this weekend, as the community market turns 10  Orlando Weekly",
2026-08-21,event,community,The Grow bringing farm-to-table living to Orlando - FOX 35 Orlando,FOX 35 Orlando,"Mon, 27 Jul 2026 07:00:00 GMT",Orlando,https://news.google.com/rss/articles/CBMijwFBVV95cUxQZG03azJMeV9wYU5BdzJQS21QbHNsTVgwVXpmTHQ4NlAxaFNaV1RqWDVTVnZMbDlEbVlwam1ISEtKeUpJTmppVW1fRW9RcmNxNjNhTDZRUFFMV0gxTzFzUW9lQ1lWbEVlZkxTYjhJdnlRNlA0VlFsdFFzN1hQY0xPS2hpYV9OTGFjZWY5Zk9RVdIBlAFBVV95cUxNZVI4VXB3cU1la1V6emw2a3psUXRNYm1rZUVpa0R2bVJpcEhNTGJTUnJ3VkUyVmY5ZlZuTEFkNU5rWnRBd2Y4UEVaRzJtQ09uQmd6ODNWUUJfSF90YnBHdWNlTVlMYVY3Vl9mel9yVVF1dWd6bjBVY3J3ZUJwQ0NuVkJOZ0pFSFdQSDhLeWxvNnlUUTc1?oc=5,The Grow bringing farm-to-table living to Orlando  FOX 35 Orlando,
2026-08-21,event,community,"The Orange County Dr. Martin Luther King Jr. Initiative to Host the 2026 Community Resource Fair, “Bridging the Gap: Expanding Access to Resources & Wellness Expo” - OCFL Newsroom",OCFL Newsroom,"Sat, 09 May 2026 07:00:00 GMT",Central Florida,https://news.google.com/rss/articles/CBMixAJBVV95cUxNdDFYLTBQeXY0QW1sVW9GcFZ1U1h1TVVHZGdTbnJlVS14N2QwZjUzUWhVU0VxRC1jYzhUOHc3V0tubXk0cXVUMG9wTUtKWW54VUI3OHI2YmN4N2pJVVBWVWVSOVo1bWxGWjZXZHR4aERYa0oxdWNzZnF6VExjU2hSUG16Tmp3bFJCVkptZ3pfZ0ZFT3Ztel81OWtMMGRFRG54eHI5OWNUWXB3c04yTUxkRzNOMjR3TllMSlZTYkhhdnlJdE9PMnJTb3R2SlprU1pKVXAyVUZiQ09KNTVFbVBxRXVSVDlCTDhwVEF1LUF4ZmNIeWpPYmFLUTZWZDd4T0h4XzJCcmtueFpwY2k1VmZ5WXg5LVM4NFAyazNjeUZYdm9pOGJ1b2FPMEpLcVQ3SkE0S09lY3RLaW1uR05zUUVacHVpZDY?oc=5,"The Orange County Dr. Martin Luther King Jr. Initiative to Host the 2026 Community Resource Fair, “Bridging the Gap: Expanding Access to Resources & Wellness Expo”  OCFL Newsroom",
2026-08-21,event,community,"Former FSU, NFL player gives away more than 300 backpacks in Orlando - WKMG",WKMG,"Sat, 18 Jul 2026 07:00:00 GMT",Orlando,https://news.google.com/rss/articles/CBMiuwFBVV95cUxOaTJGbjkybVNYX29GNmlPMWEyMzQ5ejVOaEx1bGlKMjdLQXZoQ0hPREVfbjVDdWpPX09wZG1Md09UV2s1QW5jVVhRR1I5WUp5U2NnTTJjTV9zZmV0M0VPVFJpcEpDeHRndXBybEdSdkNjZG91SVJueUx6WDlVbWRTT0ZvdGxwcHBZUmtfWUJXS3F5bXpHelJKUTIzUmJva2JjWUR6cEdIbVAxY29ONDFIVVFicldTeWNQQ0Yw?oc=5,"Former FSU, NFL player gives away more than 300 backpacks in Orlando  WKMG",
2026-08-21,event,holiday_activation,Holly Jolly Guide to 2025 Christmas & Holiday Events - Visit Orlando,Visit Orlando,"Tue, 28 Oct 2025 07:00:00 GMT",Orlando,https://news.google.com/rss/articles/CBMifEFVX3lxTFA2TW1wNTRubElqQW5uOHVHX0djZk5IRHEtVVBmOUlJaTVvTWRod2FLY2dLT0xBVGNDZnJGZ3pCNUcyRjkzd2xjRnlHMkgyNFEzMzlBcjVLVmYwU2VpcXJTdlRLOEo5U0E4MmYwOVVtMjJ4dE1BZUpwUWZ6Z1o?oc=5,Holly Jolly Guide to 2025 Christmas & Holiday Events  Visit Orlando,
2026-08-21,event,holiday_activation,"Celebrate Christmas in Orlando: Holiday Events, Lights, and More! - Orlando Date Night Guide",Orlando Date Night Guide,"Mon, 01 Dec 2025 08:00:00 GMT",Orlando,https://news.google.com/rss/articles/CBMieEFVX3lxTE1fc05RaHZvS2daZXBWR3NkV2Zxb1lQYTMtSXBVZlVIc3loeXZqVjg1ZC1zQmdoRnNZb3d5WHVuaEZZYXdWUkI5dTlGaXF6STByYjR2ekdWSnNPWWpyRE0xZTk0ZXlVck5BN1NaTkhYNkxOUjRzOHFmUQ?oc=5,"Celebrate Christmas in Orlando: Holiday Events, Lights, and More!  Orlando Date Night Guide",
2026-08-21,event,holiday_activation,'Tis the season to celebrate the holidays in Central Florida - Spectrum News 13,Spectrum News 13,"Tue, 02 Dec 2025 08:00:00 GMT",Central Florida,https://news.google.com/rss/articles/CBMipgFBVV95cUxNQzM2ZFdadVNyY1dfRENweWRleXhoY0RVRFN0aFBlRGl0aDk4dVY1M19VM3dXM0R2RU1Hb1hBbUUweEg0MDBkcE1oYVhmRHNmVUYzaUVUZUpJMUMxX3lzUnVQWjRZSE5yUGdLLVU2cWY0RkV5bnFyeEhFUDl2aTJSYmU0VEh5NjZRN1dBRUR5N0ZXRC1YWXd4eFFkNzlDUWFiRFF0YTF3?oc=5,'Tis the season to celebrate the holidays in Central Florida  Spectrum News 13,
2026-08-21,event,holiday_activation,Things to Do in Orlando for the Holidays - Visit Florida,Visit Florida,"Mon, 24 Nov 2025 14:30:37 GMT",Orlando,https://news.google.com/rss/articles/CBMid0FVX3lxTE9ZOF9jZm44aVJMSGlxckZlNzJGdUxiRkF3VHdZVnI1ckRkc0ZOeHh2WDNka1lIRmtEUzg3R1NtS2RDTzFyWnZiajQ5b19WRno1bjNFV0piOHlyY3Q5OHlBTFJ0a3cyOTFkUVBZV1ZmRGEybWRlTFhV?oc=5,Things to Do in Orlando for the Holidays  Visit Florida,
2026-08-21,event,holiday_activation,Dr. Phillips Center launches free Frontyard Holiday Festival supported by AdventHealth - AdventHealth,AdventHealth,"Thu, 04 Dec 2025 08:00:00 GMT",Central Florida,https://news.google.com/rss/articles/CBMitwFBVV95cUxNWnhQckJsRW84LUlkMFBFbGpYWDlnZ2hpVTg0REJjdkdRM2dxUHdmeC05LUFHakVMb3FGUTZYZnljbmk0VUtld3JhTnZPU01TcWp3eWxWTE5WQ1VLUV9BWVZlQmZTeFQwNTFkTXU1U0s1YXpmVzVYR3BoWS1zdm1oQU9aWU5uaC1KRFNpMkRIR1dZU0hKVms0bDZPeVZsOXIzMUsyQW1pXzUtY0t1Z0JCLUhEWnRobDA?oc=5,Dr. Phillips Center launches free Frontyard Holiday Festival supported by AdventHealth  AdventHealth,
2026-08-21,event,holiday_activation,Starbucks at Miami Central hosts ‘Holiday Sip & Shine’ - Miami's Community News,Miami's Community News,"Mon, 15 Dec 2025 08:00:00 GMT",Central Florida,https://news.google.com/rss/articles/CBMinAFBVV95cUxNczB5eUx4MUVzVnpwRkI0UDE2d0UteWt2X3RSUHZwV2pGTVNUSENHRkp2aGRDTXptMDR4Zm1uMjh3d0MyNmZ0dUs1RGoxTHhXSGtyRjdGUDBxNjNNYnM4WUZCb0FHOVo0WWdfN3V2QlI5dGFJSmVHWjBDS0ZJSlR2Nl96d3lRMkVvYk10ckJkNVpmSVo3dS1wWV9TdC0?oc=5,Starbucks at Miami Central hosts ‘Holiday Sip & Shine’  Miami's Community News,
2026-08-21,event,holiday_activation,AAA’s “Tow to Go” program combines holiday safety and emergency assistance - 352Today.com,352Today.com,"Tue, 31 Dec 2024 08:00:00 GMT",Central Florida,https://news.google.com/rss/articles/CBMiqAFBVV95cUxPajJLM3lKVzJqZzluX1dzMTh0OU1MbUNSU1U4XzdmZ29VVG1nSjlGdFpCc1FYam1fMU9fc3JPbVAydklzZ3VMdlI0UUpfS2tpY3dYcVctcFhwbnE3Z0tVS2g3RXlnOEZtanVKUVluUkppX3E4U19US1ljYjJaNGpnSzNEQlVxbFo1WU1TQ08xMkJjdnFDcUhiNEdSMGVXbktZLTAtQl9UYnc?oc=5,AAA’s “Tow to Go” program combines holiday safety and emergency assistance  352Today.com,
2026-08-21,event,holiday_activation,"Calendar of Florida Events, Month by Month - Visit Florida",Visit Florida,"Thu, 02 Sep 2021 13:50:57 GMT",Central Florida,https://news.google.com/rss/articles/CBMingFBVV95cUxNYUkweEF5dWM0QkVuZEZtYWxnbDd4Y0thQjFEbXNRLUpNcXBLSWkwbGVoWVl6OVFpWVJrMkhhRzJfRVQ3NEN0YmROMXJlYzl2UlBHNW5HdEp5X0VHQmpLRjJaVi0xMC1yWW84cnQwbTBpeUpCb3IzVmpVZWh3a0ZqaTZ0YUNxa2xsX19nN2JyaTVwSTc2QmlTVWJQWkJ3UQ?oc=5,"Calendar of Florida Events, Month by Month  Visit Florida",
2026-08-21,event,holiday_activation,Dr. Phillips' Frontyard Holiday Festival brings cheer to downtown Orlando - Spectrum News 13,Spectrum News 13,"Thu, 25 Dec 2025 08:00:00 GMT",Orlando,https://news.google.com/rss/articles/CBMiyAFBVV95cUxNRW5ITlBNcl92ZngxaTNjYVQxWkR5Y2p6eVVrVi1aQVdZaTdCT2pkSUZxQmliNlBVSWJmQmZKVXhlblRKaHQ5YTUtR2RVY1dhZ2U0akRvSUxjMzNmc19PVU9QQi03SWNXRWpzS2NLSjBLTnJ3bWI0Q2o1aDRCVnFubm9mRUlvaVJqQlZWUEhuZEo5Ml83VWl1Q2N2bTlxMUxfMW5YNEdPTEE1aXF5cmQ2Z0RnelhCUGZUN3VTS3M5aG4zRzZaZjZiTQ?oc=5,Dr. Phillips' Frontyard Holiday Festival brings cheer to downtown Orlando  Spectrum News 13,
2026-08-21,event,holiday_activation,Dr. Phillips Center’s free holiday festival transforms Orlando - Florida Politics,Florida Politics,"Sat, 06 Dec 2025 08:00:00 GMT",Orlando,https://news.google.com/rss/articles/CBMiqAFBVV95cUxNWE9rU2Ffb0hfM0ZjVWtrNzZ3WnhsT3ZSVG9PMjE1ZXdwc1hzbHh3eEVHSEE0cWRUSzdSeHVXWWtqcjg2TWRETUhHSGFITGpFSVJpdzVrNWc5QWc2TjQ4WUctdUJvOG5uVUg5WHVFbEo5TFh1WXhYclAtNWgxY20wdm1kRHhjRV95ZExNaGFGdEVsaWk1S1FobEE5NVotN2djWUg4dmpUenY?oc=5,Dr. Phillips Center’s free holiday festival transforms Orlando  Florida Politics,
2026-08-21,event,holiday_activation,Frontyard Holiday Festival kicks off at Dr. Phillips Center in Orlando - WKMG,WKMG,"Thu, 04 Dec 2025 08:00:00 GMT",Orlando,https://news.google.com/rss/articles/CBMivgFBVV95cUxQLTBDS3RuZVkwMURKRHFzSDlwaG9RcUNYMHJEWVVZTmMyODdYWEp2WF83MFJPVEpxaUg0Q2cwZ1JDNFViQlJySDl5SUZYdGJpaG1VVi1aWHVFa21ueVViOXNleHg3NHh6YjNVRzZmbGV3MXFmODViMTQ2NktiMDk0Qlc3QnFOazhlUmFmNjNLRllpZkV6WmRDYkVoNjdkbExOUWQwemtrRng0WlFfX2I4ZEFhanQwQktIbVdwaC1n?oc=5,Frontyard Holiday Festival kicks off at Dr. Phillips Center in Orlando  WKMG,
2026-08-21,event,holiday_activation,Where to Sip Festive Christmas Cocktails at Holiday Bars in Orlando - Orlando Date Night Guide,Orlando Date Night Guide,"Tue, 23 Dec 2025 08:00:00 GMT",Orlando,https://news.google.com/rss/articles/CBMigwFBVV95cUxNTjBYU1RJMWw3RmdadlN2SjlTZVVYTldrbk41U0s1eW1NUHlkLTNnUGZ3Wnk0d1lxY0ZGYk44NHBnSUR2TE54VE5KSUl1d0pKaGVRRFptRWlMcmJSV3VIdVNqdWFxLTgyNWp1aUNsQ0tVVUZDNzVhXzRsREFfazl5N3d1RQ?oc=5,Where to Sip Festive Christmas Cocktails at Holiday Bars in Orlando  Orlando Date Night Guide,
2026-08-21,event,holiday_activation,Holiday bar takeovers Miracle on Orange and Sippin’ Santa are coming back to Orlando - Orlando Weekly,Orlando Weekly,"Fri, 07 Nov 2025 08:00:00 GMT",Orlando,https://news.google.com/rss/articles/CBMiwwFBVV95cUxPVE9RY0tmc3dGSjFGOUFtQ3hqZnBuZVM1LTBXaVFuNnhCZTQzbHhFb3U4QnBOd29TcklsdDhOQnpmZWxWNUxkXy1iMHNCcDE2d2U1UEMxYUFocjZBamh5My1tUFUwbW1aM01DQjhCMTRHTW4tTEROQTFpc2Zibk1BN0dSTHhZVy01cDZJSHE4UjNIdUNVRzJrZ3JybmJrWUhFQ1d1emp5WUFrOUZCLXgxRWN2dWZXU0xWbFNxcmlnUzF1M0k?oc=5,Holiday bar takeovers Miracle on Orange and Sippin’ Santa are coming back to Orlando  Orlando Weekly,
2026-08-21,event,holiday_activation,Photos: Disney Takes Over IKEA Orlando with a Pop-Up Store and Stitch Scavenger Hunt - Laughing Place,Laughing Place,"Sun, 07 Dec 2025 08:00:00 GMT",Orlando,https://news.google.com/rss/articles/CBMinAFBVV95cUxOVWQycy04T0dUZ0I1d3VBUm1CamQ5ZzZQLWotQ0xrd3hmU2JyNjBPT1BVSEJyMW8tMDBkSWpUVG9QUGU4RVJRMzhmNlVyenB2UnhybVd3V0R5VjFYUHIwTF9FdC1tSGZBaFNSNnZ6S19DeEItVFFLWDJvS2hpOTZFSHJXMUw3eXp2Mjkxb0NrTS11Njdza2YzU2RTeGI?oc=5,Photos: Disney Takes Over IKEA Orlando with a Pop-Up Store and Stitch Scavenger Hunt  Laughing Place,
2026-08-21,event,holiday_activation,Season’s eatings around the Orlando metro - Orlando Sentinel,Orlando Sentinel,"Thu, 11 Dec 2025 08:00:00 GMT",Orlando,https://news.google.com/rss/articles/CBMiigFBVV95cUxNLXFwZGwxT1JaNm55dHpvWG5HSHJ2ZjFFTXJfamh3UF9WTE9CVFpvX2tac2NsSXdOUEpoR093ZVZ4ZUJITTFVQ2p2TXU2c0pieGcxMEktRmwtYVNBREdpQzh0dVFldklCdlVEeWdQMXN0YUp5RVV6UGYxdURMa1VHMDJDQnFLd0VPOUE?oc=5,Season’s eatings around the Orlando metro  Orlando Sentinel,
2026-08-21,business_signal,influencer_campaign,IZEA CEO and CFO Will Take Questions on Q2 Results Aug. 11 - Stock Titan,Stock Titan,"Tue, 04 Aug 2026 07:00:00 GMT",Central Florida,https://news.google.com/rss/articles/CBMiqAFBVV95cUxOeG0wdklfVzNCOGZBMHM4by1XVjZBbDR1Qmk0aXhlZjJuV2U4OThjcXM5ZkdwVGVqbTBlcDJDRWtQQ0lKUzVrc0FPWWphc09iNGVsazdJVkJRQjdHSGEwM01QM0l4VFlON29kZVJuU2Nmd1FfNk9SOXhQU0hoZm5tbjlQekFwTUVWSEJlU2hzNFRqZFhOUFRlTFJCM09ZZ1l1c2VfaTBvS0w?oc=5,IZEA CEO and CFO Will Take Questions on Q2 Results Aug. 11  Stock Titan,
2026-08-21,business_signal,influencer_campaign,IZEA Announces Q2 2026 Earnings Results Conference Call - The Manila Times,The Manila Times,"Tue, 04 Aug 2026 12:18:12 GMT",Central Florida,https://news.google.com/rss/articles/CBMiyAFBVV95cUxOTksyOXp4ZmdFUWt4bjYyZ3pXeHpXUjQ0aFo2ZXB3dGlZY2NPdTBOcHdPMjR1UXhVc0E3b3BQX19hOVVwaW1ycW5YZU1NUkh1ZjJMczNNbDNWdEN3SnFjOU5GOE5OLW93WkdwRHVJaXhvUmlHeEVHS281T0o2WUl4UnRIOW9yME5YSWRtWG9QM3g4VUdMMUpSSVltMEpFZTlyTkZKSnNGMTU0MFlPM0s4R0Q0dkh4WlRpdnhCWHhabTlhSzl3Nk5EMdIBzgFBVV95cUxQcVY2QVA0Z0dBU1Q3UG5mWWpCU3RYNnZVTFJJVk1sc1dqZUNyS0FaRXZ3OVhhZHdLWEoyc1A2amwtbG1kdEtfalI4X0d6MjZaZjlPTUFzTU5vTENQWEtnRFZCWXhDYUc4VmgyUDN6c2JqbzVPeXNtcTk2WVNJQ3Z3SHllazNNaW1GZ29rQXlkekdGOFlEb0E0NThBQTBzOGtJbGNsZlcwRmtoUW1uZ0hVbEMtX25kdnVsMzlPUFVXRXBfNTJ0dzlla0xmR29qdw?oc=5,IZEA Announces Q2 2026 Earnings Results Conference Call  The Manila Times,
2026-08-21,business_signal,influencer_campaign,PR Daily’s 2026 Social Media & Digital Awards finalists announced - PR Daily,PR Daily,"Tue, 05 May 2026 07:00:00 GMT",Central Florida,https://news.google.com/rss/articles/CBMikAFBVV95cUxObmtDX0pGbFU4bDFRTG1Td3dvR0ltcE9CNFUzX0pMX2Q4ZTltcjNZNjNqYzY1QzRqNEw2dmg0WmFvZlA4bENJNUc3b1UyNFEyLVdLb0RsY1QtX2JCZ3o3RmFRVE9QdUstN0JkRGNkaDVaZm9NdlNNWkF0WFlKVHhOWnU1dkliNXlJbUtrZ3hMS1Y?oc=5,PR Daily’s 2026 Social Media & Digital Awards finalists announced  PR Daily,
2026-08-21,business_signal,influencer_campaign,"Auto Care Association announces 2026 marketing, communications award winners - Aftermarket Matters",Aftermarket Matters,"Wed, 13 May 2026 07:00:00 GMT",Central Florida,https://news.google.com/rss/articles/CBMixwFBVV95cUxQZHVaVHREenZFWmFmSWZmVGhnNWFEZ0pRTFZwamdja2ZBOG9nMkM0Qk04NTRucktwR2NMUkRFQnVhbzlMYThpYnhQS2N2N0hOemRwb3l3d2JaV3lWSFJjYWN0d1ZkZW56T2VCb2xpQW9Gek5uTkR1Rm1sSjRjM20zQk03RTRqdVBNck9YQmdOZlZoUzhoQlBNS3oyRTRkU0hUVEhxVnZzSVFxazJrSElZXzhuVXA2TUlOeWdNQkNpWXRBZkdFanJF?oc=5,"Auto Care Association announces 2026 marketing, communications award winners  Aftermarket Matters",
2026-08-21,business_signal,influencer_campaign,IAMS spotlights digestive health benefits with airport campaign - PetfoodIndustry,PetfoodIndustry,"Tue, 31 Mar 2026 07:00:00 GMT",Central Florida,https://news.google.com/rss/articles/CBMi2AFBVV95cUxOQ25nWXZTcHRXcDdmb01VeUpPMF9oLTBRdXVaVzYtM05VZElJSGxzTWM0cEQ1ODBVbkRlU0pqTlhBVnhNRkUzSW1lYzRuWHE1dl9CXzZVekE5X1diMUgzZW51Zm9UTUl0UzhGT0YxdjBreEpEa3gxOWtVYjZ4TUpaeHFtdFBiT1V4Y2hROU9vVWpsR1hWaWtfVjdFSTVaZ2NGUEN5ZjlROXlFZEhWNVVqY0x6WWl0enRXLVRoUFFaYVdENmJxM3NtUGVQdnJlMUNzSk41OElpZHY?oc=5,IAMS spotlights digestive health benefits with airport campaign  PetfoodIndustry,
2026-08-21,business_signal,new_location,"Shake Shack opening 2 new Florida locations in August, here's where - Florida Today",Florida Today,"Thu, 13 Aug 2026 19:38:00 GMT",Central Florida,https://news.google.com/rss/articles/CBMivgFBVV95cUxQTzlRU1N6YUM5OHN4Wnd3SGE3aDlkZUstMDFQUDI1b1lGcmdTbllNNE9CVlptbHdaMkVBNjl5b1Z3NW1GYWpTcjM4VnQxUm13cHRzU3dmNng1VWxjdmptTThHU1Nac1BFeUNxaC1MZVpmdmNlU0JvRkpXd2JiU1h5R0pKUTk2WlFneTZUM3duU28wdWJxOHU0M1lWR0FPaHdPNWFjeFJTeEl4MFpFM0xOdFBBM29qS25LcXpRcjB3?oc=5,"Shake Shack opening 2 new Florida locations in August, here's where  Florida Today",
2026-08-21,business_signal,new_location,"Orlando Health Opens New Children’s Pavilion, Transforming Pediatric Specialty Care in Central Florida - Orlando Health",Orlando Health,"Tue, 04 Aug 2026 07:00:00 GMT",Orlando,https://news.google.com/rss/articles/CBMi2gFBVV95cUxOM085bnRhNUR5T21RR056QWJ0S1FBcFZBYURXMVFWU0FfYWtpVjkxX3RHMDZib2QzTzRabEs0QTlUVVZ4WER2bUFpUldhTDJmMkUxcnZuVlgtVXVla2xZdjJnazQ3bHJ6WjByVS10VVVkcE9wUHJrSy1oMzhtLUo0Rm9pZVRfcDRKbDd0ZldGc0pQMk1sSjZ4OFRWNWFWN1ZwYldHSGdlZHYtb0xEdlFZazhVWWJlLXh6aHBhMVNiZ0JvRVhNUm5tZm1SQkZGNkcyN3Ewc2RZYkdMZw?oc=5,"Orlando Health Opens New Children’s Pavilion, Transforming Pediatric Specialty Care in Central Florida  Orlando Health",
2026-08-21,business_signal,new_location,Whataburger opens new Orlando location on Aug. 6 with grand prize giveaway - WFTV,WFTV,"Wed, 29 Jul 2026 07:00:00 GMT",Orlando,https://news.google.com/rss/articles/CBMiygFBVV95cUxPOS1RZmhaZnVrcllCNGtZb2ZHSFRpZHQ0ajJ6Q25fN2U1MDN4bGc5YXpKTko1RlRRYU9qUjJXcTBTX3dXanZDWVhrbFhnbU9SY0EyTVMwMnZTNzNLUWk1MTVVMGR4SlNnX1ZTbE5iQ1RscGhqX2hFellPZElxZU9POXZGU1Y0YkNZcnBGUndiM0NxcmNXMGplZURBTDBLRWliN2Q3WUhBQlkwUXYwNGExcUxHd3prMTBad3BoQVZjZXBqMFpCTXRoTGhR0gHeAUFVX3lxTE9lWWNoYm55LUJTRUkydXJXVkRUT1lEVWt5ZWNkdld2QzR4b29BUWI3S2NOU242NW1qOEtVTnFiWGg0ZXFUQ1dtYk5OQmQ5aTJ5bWl6M2lsRTZQVVJDX3MweHVqUEN2eDVKMTNYd3JpZDE3bXBkMzNiRUFYOEM0OUg3N2FpdEpqY2NTd292aWV0T1F4bUFkNldVVE5MWi1adzFzWjRjMi1UQkQyWE11ZnRSV2RjZVIwVXJhOTlwVkNGR0V3V0pFNkw3ekF1elhmaTdyQzhUbVhPNXI0V2lCZw?oc=5,Whataburger opens new Orlando location on Aug. 6 with grand prize giveaway  WFTV,
2026-08-21,business_signal,new_location,PopStroke unveils opening timeline for ambitious new location with its 'most elaborate mini golf courses' yet - The Business Journals,The Business Journals,"Fri, 14 Aug 2026 14:34:00 GMT",Central Florida,https://news.google.com/rss/articles/CBMipwFBVV95cUxNMktSMVMyaUMwU04tUlVsR3h3RXF2eWtKYk5tR1IxR2txQ1BwZXRXVkVBODRkQmdDSjBKY2VUd05TQlBndUQyRmFvU3I0VVQ1cFBveW5MZy1pek1KbFJER1NyemQ1TE91RkdzWWY1NXFtTHdETkt6bUY4SHJPanRZOXRaREgyQWlXYWZPYlFvUk0xZ2Y0cWZVdUNvTDgtWUJ5ZVk0cFk0dw?oc=5,PopStroke unveils opening timeline for ambitious new location with its 'most elaborate mini golf courses' yet  The Business Journals,
2026-08-21,business_signal,new_location,New Crooked Can location opening in Minneola - FOX 35 Orlando,FOX 35 Orlando,"Tue, 11 Aug 2026 07:00:00 GMT",Orlando,https://news.google.com/rss/articles/CBMiZkFVX3lxTE5KaFJNZTU1REZrX2NrRnp6c1VENVhfeUxJMXNWSGJVcVpOSlZmOXVSMWdtblRjV3BLNTNSNmNnR08yam10NDRPdHp4VDdrZnRFWDROQmtLMy1qckMwLWYySzB2R1lfQdIBa0FVX3lxTFBIei12SHdOOWladERXUjZ5UmNid012X2JmU1ZrNTZHanRBYnk4NG96VVZyR3E5eXhpeTE3aWdVNEc4eVpTc0FsN0tlRkxzV3B4dXRZNlVfMnkxcHF4VFBDejdxTVpsUmFqa3hj?oc=5,New Crooked Can location opening in Minneola  FOX 35 Orlando,
2026-08-21,business_signal,new_location,Veteran-owned milkshake shop opens downtown with 2 more locations planned - The Business Journals,The Business Journals,"Tue, 04 Aug 2026 10:00:00 GMT",Central Florida,https://news.google.com/rss/articles/CBMiqgFBVV95cUxQVTRsMWtEMnBhZE9SSW5zWG12a2NXMmNFQU9NRFAxaUNBdUlMaE5Mb3IzaGNEQWVGWmNTbzdkR0xyYW94Y2h3YWxCcEVqaVAyRTFKOHU4UVJMM21yb3hnME9DczNGZXFMa1RqaE55OTNfTkc2c1g4VmZidHRfLXV6dEFoWWhNcWJFRVpKc2RaNnA1RlFlQS1YUmxZRG1TVE0xRnhGS2Z1Z2k5UQ?oc=5,Veteran-owned milkshake shop opens downtown with 2 more locations planned  The Business Journals,
2026-08-21,business_signal,new_location,Whataburger sets opening date for Orlando location - FOX 35 Orlando,FOX 35 Orlando,"Wed, 29 Jul 2026 07:00:00 GMT",Orlando,https://news.google.com/rss/articles/CBMihwFBVV95cUxPbzE3VlNZT2RNRXhKX0l3WGxncEttc3pZa2FFTGw2czVJQUZuelBRTmprcHJvMElfSXNEb3VzcVhGRXRBbmlyV2dZekQyTmlBZTdocXMxQllwTG05MkNHMW1mSXVuYVZWZ3pYN0gtSk8yMXp6Q2cyT1pWOW1TQUlzVFNRMFU1eE0?oc=5,Whataburger sets opening date for Orlando location  FOX 35 Orlando,
2026-08-21,business_signal,new_location,TX-Based Burger Chain Open 24/7 Plans Manatee County Location: Report - Patch,Patch,"Mon, 03 Aug 2026 07:00:00 GMT",Central Florida,https://news.google.com/rss/articles/CBMipwFBVV95cUxNRzJSRU9tNUo0alJrVmZERElZQldjUllFY3JYRkFMWkNQb2RvdEFsMklTV2l4VmRFVXN1N2EtcUtsNTkxQTk4OGEwSFJ2OHJQanhJNnJlOVVrd1VMcm5CZlJycWtYbUlSbXpWOGQxTmZyb2hkUFpnS1FPWVl2ZjNCblpDWDE1MlBMbVp1cVlHbjhuNVlyRUhZRk5hd05hVmp1aENodGxyQQ?oc=5,TX-Based Burger Chain Open 24/7 Plans Manatee County Location: Report  Patch,
2026-08-21,business_signal,new_location,Trader Joe’s reveals upcoming Florida location. Here’s where to find it - WKMG,WKMG,"Thu, 21 May 2026 07:00:00 GMT",Central Florida,https://news.google.com/rss/articles/CBMivwFBVV95cUxQWlRDSlNNV0FNV3lnSmVIYlRxQXJwNWprTVFiMkJvTjYyOGNWSWRqbHlhOVlfcUNzM0laYzhmcHpBMlBVR1pnTmdpSzI5c0VaazBmWnJGWm43aHp1SXlydm10MllQd3dfOVRvdG5RNm1GZ3hzQ0JON2pBR2tEVEJ5MkVtZlRrNzEwMzlpV2lUSzh3aTR2Tkh0SlNhWC1pZnJOM29fYkF0cmFucExqUlhlYjYtVWpqWFdKd0RWZld2SQ?oc=5,Trader Joe’s reveals upcoming Florida location. Here’s where to find it  WKMG,
2026-08-21,business_signal,new_location,"Orlando Dance conservatory moves to Winter Garden, expands programming - Orange Observer News",Orange Observer News,"Wed, 19 Aug 2026 02:23:00 GMT",Orlando,https://news.google.com/rss/articles/CBMimAFBVV95cUxOZE9TNXpZWUJCdHRDQUlta1NpT0dRaTUxU3pQcGZLTlo4WFU0Z19DWmdpME12bXZhWVd6NktlUVNZVWFfdlI0MzZrQWM5T3FBanVjMjREdW5iOHg3Y1NzQ25uWm04TWpNQXZydFRlN1VPcEt0VEtDeWdPd043VktXVkZuNWQ3Uk11aWZ2ZktBTEhDaUgwYllTZg?oc=5,"Orlando Dance conservatory moves to Winter Garden, expands programming  Orange Observer News",
2026-08-21,business_signal,new_location,Hernon® Manufacturing Inc. Expands Operations in Sanford with New Facility - Orlando Economic Partnership,Orlando Economic Partnership,"Tue, 18 Aug 2026 19:57:52 GMT",Orlando,https://news.google.com/rss/articles/CBMipgFBVV95cUxQa1RzM3VNVUQwOVVaQnFjaXVscGRKSENVLWZzcGFhVjBCREI2XzBXZkVKUW12NV9mRGhUcjU1VlFKNUtLUmp4SC0wMWt0dFFtQ3RwWTJoY3g2eG82dlVUcXJpWFFIaDhpUlRhLThVd0FpS19pbU9Sc3NIYm9DbHhOWDJaYVRSdW5pQVBqV0hCZm40UDNaZ2J3dUl0RXViNXBpUjAxUk93?oc=5,Hernon® Manufacturing Inc. Expands Operations in Sanford with New Facility  Orlando Economic Partnership,
2026-08-21,business_signal,new_location,Plans show expanded Mattel water park complex near Orlando - FOX 35 Orlando,FOX 35 Orlando,"Thu, 20 Aug 2026 03:09:35 GMT",Orlando,https://news.google.com/rss/articles/CBMilwFBVV95cUxOb0RtZmZCOGtjSWs5MDdNUGc5VWFlc05IbHpBcGtWMUJ3bWpOSzVkQks0d0lJZkRaMFVYTTFuRS01RDBZdXczX1JWckt2VGM4Z250QjZJUUVHZ0tVZlAyNU13N2RLVkxaQ252UlllckhLeHZRZjdpM204MU9JNDVHUjRBZ0oxTDM0QjJESDJZaXF5X2gxVnBB?oc=5,Plans show expanded Mattel water park complex near Orlando  FOX 35 Orlando,
2026-08-21,business_signal,new_location,Orlando aerospace and defense manufacturer Elite Metal Finishing expands operations to accommodate growth - Priority Marketing,Priority Marketing,"Mon, 17 Aug 2026 18:54:19 GMT",Orlando,https://news.google.com/rss/articles/CBMi0gFBVV95cUxQRDl4dzlaVWNaMXpudFoxdENQbmxZR0t4eXJfajNBdG5rVU9Wd3pOa1B5ZnZtUkNyRGhfTzZmcFdnZWgwNlNmdlF2NXVaNGJZUnFaMWpJN3Ftbjl6UkxTSjBhMWFldV9FWjZ6dDZ3ZTdLXzR4alg2TUF3cHE3a2tjS1pTeEpPY1AzRDhTX2JvdzZkeVVYbnpGdG5Wblo1aXBWOTQwYzdMQnlnZnQ2TXRTTlZ6eHMtckV4MHVDbE9EY3ZxYU5tQ1pPV0FNYmZhQWZrLXc?oc=5,Orlando aerospace and defense manufacturer Elite Metal Finishing expands operations to accommodate growth  Priority Marketing,
2026-08-21,business_signal,new_location,"4-Horn Trench & Shoring Expands, New Orlando Branch - Construction Equipment Guide",Construction Equipment Guide,"Thu, 20 Aug 2026 04:00:00 GMT",Orlando,https://news.google.com/rss/articles/CBMinAFBVV95cUxNZkc3ZHdMOFVscjRCQmlFU08tY2lkTHdGRkc2NVlfX3JFRHU2UTRyRmFrNmtIWVF2R1J0T0hBYVlOMlQtSXdPVGhhdDRFSC1McDMtajV0ZnVja04tTkZ5ZTAwcjQ1OHlSM0RrRWQ2QUxFYmlmd2hJYUc4bVBnUmJodzU1eC1hU1hQbnpCai0yYktPNmI0UVFZMG5rVnU?oc=5,"4-Horn Trench & Shoring Expands, New Orlando Branch  Construction Equipment Guide",
2026-08-21,business_signal,product_launch,Chaos at NYC Swatch stores as brand launches limited-edition collaboration — with one store forced to close - New York Post,New York Post,"Sat, 16 May 2026 07:00:00 GMT",Central Florida,https://news.google.com/rss/articles/CBMiwwFBVV95cUxQQ3Vra1BTajBxdWItdl9Hb1A5dXFJeFA2UFhpZTV1UU5pWmlURGo1aHVsMk9VeUtQb3o0MDNqalVRRXR3aGJEai0wMVRJYmFLbklEbkdwYUEwTE00ajdHWkQ1eENQRjZERFJ1U3FvUE1fNm9hTHN3UlpYdGRqRklvYnZwSW1jcXJPNGVJUjVsTG0wNFdKbm9BY3drcHJDUXB3TzVILW01aF9CXzE5UllCcUg4cTJQOGM2R0FBMHgwZm5Rblk?oc=5,Chaos at NYC Swatch stores as brand launches limited-edition collaboration — with one store forced to close  New York Post,
2026-08-21,business_signal,product_launch,Nutriband Inc to Showcase Expanding AI Wellness Product - GlobeNewswire,GlobeNewswire,"Fri, 15 May 2026 07:00:00 GMT",Central Florida,https://news.google.com/rss/articles/CBMilAJBVV95cUxNYzA2VlRnck1NcXFkR2RrSTFDR2xxV2ppdWJwamUzdkU2c2NVWi1NVm1XZjJxQTF3UGhkYmFISFhHQi0wa2VxcjBnRE9BS0pBSTkzTXFsRHR1X212VFA3eHI2T2JaT1p5VFZRWWZhUGxQajNSNkRNOWRBRHBGZW9TSFhNSGFUOFhDQTBWazFOd1FWMmpXMVU1dS1CRXJ3RHNZaGRRRUpmcGJGenV0aEVfTFBRY3dRcVpzMnE1US02VXhrQThIaURmVWFUa1ItaWxiWkdiSl9qcFFYZHQwTUNGSDJEeUxJWkJrclQzTS1LdmZwYTM1aTB6bF9fbEh1NmhEV2N3cld2YVdEY203NjRYNExuSDQ?oc=5,Nutriband Inc to Showcase Expanding AI Wellness Product  GlobeNewswire,
2026-08-21,business_signal,product_launch,Hardware Resources to launch new products at KBIS 2026 - Woodworking Network,Woodworking Network,"Wed, 11 Feb 2026 08:00:00 GMT",Central Florida,https://news.google.com/rss/articles/CBMilgFBVV95cUxOT28xbkw4WXJ1Q2xTeDlFYUE0cWZWSDlRWTYxYkM5aDJlblZGM216Y1NTTmNicDRQUldGcXZyTDJGMHVGY3B6RWNTN2NKQ2RpLWtESllhSVpZRkR4c1g5bzY2NXNwZXM0dkVQRWxPeFJRcWRaUTFiNHhFdGFzUHdGaVJENURHcWhDZFdoS21nVHlQRjBOQXc?oc=5,Hardware Resources to launch new products at KBIS 2026  Woodworking Network,
2026-08-21,business_signal,product_launch,FLUENT Cannabis Opens Orlando Sand Lake Dispensary - Cannabis Business Times,Cannabis Business Times,"Tue, 03 Feb 2026 08:00:00 GMT",Orlando,https://news.google.com/rss/articles/CBMiswFBVV95cUxOZi1jUEh3OUtpVjNlN0xlejBnUldLSzlpSEY2YnFUVC1vMDM4TlQ3ZHdWQWRlSTJuUk1xV25zbDZRWk1LV3VDN0RYUDZwb1cxc0tqeHkxVE8zMEFtWmhvSHNWc2J1R014bHZBV3pZcUN6R09yMXJVTVFvckVDb1hLbXBOOXl1djhVQnZtYzlNWXJnMGsxSGxVV3dVVkIxWEpoV1NkRGVVXzJSbHBLYnZRMXdkOA?oc=5,FLUENT Cannabis Opens Orlando Sand Lake Dispensary  Cannabis Business Times,
2026-08-21,business_signal,product_launch,The Nearly Forgotten Incident Releases First Trailer After Ambitious Central Florida Production - Hernando Sun,Hernando Sun,"Sat, 08 Aug 2026 22:00:31 GMT",Central Florida,https://news.google.com/rss/articles/CBMi0AFBVV95cUxONGFFalM2QzNhN2JYRTdvLWI4X0xnQWxSVDZBSDZNeUVfVldKOFlTbEktN3ZfeVd3MUlZeVF5bkRDcmJ1OHF3TmxFSUJybnFYYlVtYTM4WmJ5aHFyQkIzY0NXdklFTVR5ME5sUVJ3Sjc3ZlVSWlprVDFjWW5CV3dNOUI0UEZrOEdGazlIenowb19jNEljQ0NCbndyOTZiU3dwWmx5cHhWOUk4RnFWSW43RnRlMW1IeTFjYkZ1U1NMRllucldncFNQVm5adm5mTnBw?oc=5,The Nearly Forgotten Incident Releases First Trailer After Ambitious Central Florida Production  Hernando Sun,
2026-08-21,business_signal,product_launch,Relativity Space to expand Terran R production in Florida - SpaceNews,SpaceNews,"Wed, 22 Jul 2026 07:00:00 GMT",Central Florida,https://news.google.com/rss/articles/CBMihwFBVV95cUxQSDR1dEU1OFJvUjdkNzdpd1I0VXJ1Mnhpa2JRenYxZ3l1WGVFcFg2emFxOHlJZGM5cmloTU5wUG9ZYU1zWFM3RFg5akk1WnFENlV2QzhocW5zREw5VEp1eUZvU1NmQnhEUXlfQTF4YkpRQXc0UU9PREpEZ0NUaHVOVXEzOHlVY2M?oc=5,Relativity Space to expand Terran R production in Florida  SpaceNews,
2026-08-21,business_signal,product_launch,AG James Uthmeier launches investigation into bread additive - Florida Phoenix,Florida Phoenix,"Mon, 13 Jul 2026 07:00:00 GMT",Central Florida,https://news.google.com/rss/articles/CBMioAFBVV95cUxNU2haMzBld2I5eHpvN0g2NTFrNXdKTHhpbl9GbEF6X3hHTDlNSGZBX3BXa1FEb0ZHQWZ0ZHprTEs2aXFaVi1oakpVc09hT210MndVM0xtNnN0WW1qeWUyazVVeGxRY0MtS1VPY0VfaHZlUHRHaFYwZUt0X1BMUHJsQ0hKenhoVm4zQVZHMlo3a20zVFp1X0d5dENELWJNcnlx?oc=5,AG James Uthmeier launches investigation into bread additive  Florida Phoenix,
2026-08-21,business_signal,product_launch,NOAA predicts below-normal 2026 Atlantic hurricane season - NOAA (.gov),NOAA (.gov),"Thu, 21 May 2026 07:00:00 GMT",Central Florida,https://news.google.com/rss/articles/CBMilgFBVV95cUxPaE5IRjM5S1hSeE9lc3d1Qkozc3dnUDVGY2hLRkZEZzV3d2Eya09adUFDUzM2eGwwbjFKSmFlemstTmpPZ0ppeTdSNHVrUmpiOFFGTkhUM3dKYnZvdll2d1hTb3ZfcDhHUVVqZ0ZoQUpvaFl4ekowOUtJSTBaaHItWnYwdTlQM08tRWxEWmlZNllhOVNyOXc?oc=5,NOAA predicts below-normal 2026 Atlantic hurricane season  NOAA (.gov),
2026-08-21,business_signal,product_launch,"Johnson & Johnson Invests more than $1 Billion to Strengthen U.S. Vision Manufacturing in Jacksonville, Florida - Johnson & Johnson",Johnson & Johnson,"Mon, 15 Jun 2026 07:00:00 GMT",Central Florida,https://news.google.com/rss/articles/CBMi6gFBVV95cUxNRkJWRlgweUJsTXJlVnRCeVpzX1o4eWZIUlo2WjRMRUNxVk5yNHc5enZtRUppUmlJM19CM0xxSjVyZDktWldtM3ZlOHp0Z2V1elNfalZIS0tVRDRydGlqSTFSY3NHbF9WRkE0b1JDZldVOUhUV25hX2hCNGZsZlVPRUY2b3VzN2k5bGp1Rm9vbjJob1hfT2RHX2NVQXBjQWJFTHA0SE54T25aMnNVWDMzdkhWLVN3cEVjR01hb3ZCbWxPdVVoTnhyeld1SDRfUDY4RExVS0gwcl9WbFI1VXB6M1RUUTgxUERFQkE?oc=5,"Johnson & Johnson Invests more than $1 Billion to Strengthen U.S. Vision Manufacturing in Jacksonville, Florida  Johnson & Johnson",
2026-08-21,business_signal,funding_opening,"City’s rebuilt small-business contracting program may reduce opportunities, experts say - The Business Journals",The Business Journals,"Sun, 02 Aug 2026 07:00:00 GMT",Central Florida,https://news.google.com/rss/articles/CBMiqwFBVV95cUxOdFBDLTM4TEZLaFFoaEZZMXlqM013RmRRMkNDTEdSelVwMEVXQUFlNGhsUXk0c2lqQ3VWWm5oUjBFYWp0MzRZR0FaMEliSWVyZlVVTWFONHFGMVFmS2xjd3VXUGNEcTJpaWgwNkVzR3V1OFk2MVB3TnRBcERuNGhERTFQOFdBdW1kM29rSnJSb0dwQ1NEdWMwdkkydHlLSzVqRGZpellobU9laUE?oc=5,"City’s rebuilt small-business contracting program may reduce opportunities, experts say  The Business Journals",
2026-08-21,business_signal,funding_opening,Small-Business Grants: Where to Find Free Funding - NerdWallet,NerdWallet,"Tue, 26 May 2026 07:00:00 GMT",Central Florida,https://news.google.com/rss/articles/CBMieEFVX3lxTE9lSVhmRElUNDhnZEh6TGZ2SWl4TnBocDIwRWVMSl91NEQ0TkdYMFZYS2VnT1pkU0tMNXliQUhwTlFicEVYNjhtQ3AycGhpLVNoRi1URVdhRndUNkhxdHZ2Q3lLNGMzMDRnNDVxR0pFZTd2anJnQU5tNg?oc=5,Small-Business Grants: Where to Find Free Funding  NerdWallet,
2026-08-21,business_signal,funding_opening,Kissimmee approves grant funding for former bank to become new Brazilian restaurant - Spectrum News 13,Spectrum News 13,"Thu, 09 Jul 2026 07:00:00 GMT",Kissimmee,https://news.google.com/rss/articles/CBMiywFBVV95cUxQeWZPdDd5YXhUYUJOSU1HSkhjZnY3Y0huMDRzSUpiSV9WY0FQR1o0VkFLSVpieTl1SXRWTk5VYmE2eFpGZFFXNDRiS3VFZFU3LVNKNWtUSGcweldlWTJJRjZBeVdoMlUxY2NvMWJxMnNzelA3UzdZcTI1bXdVeTdrVTVBMV9qZXpVbjdreEZCVXFsM1NYeHlldndVUmRvTVNndE10SXE4bkVWTFJkNmNVQVMybERwX05wdG0wS1FvMnI1Q2dsQVVaaTI5bw?oc=5,Kissimmee approves grant funding for former bank to become new Brazilian restaurant  Spectrum News 13,
2026-08-21,business_signal,funding_opening,Kissimmee commissioner Martinez cleared of ethics violations - Orlando Sentinel,Orlando Sentinel,"Thu, 30 Jul 2026 07:00:00 GMT",Orlando,https://news.google.com/rss/articles/CBMipwFBVV95cUxQWmRaLXl2dkltNzF6SGZmcElxdXpmOUJlWkFPNF9FQ1NUTmpCNkpJMHoxdHlKVG9EOW5hdXpDaDE5TDBCNVFBdmlCTVc3dThCVTEtMGVGRE0yUFpKSEJidE1mbnhueGNWNTNvNkVMd2NWZjU5bWJHWktKcXVTcGU1RTlhdEg3RzFrRHZQUUhDRXdubDlqZHhnN2ZGS1VOSkhVR2VINGZ5aw?oc=5,Kissimmee commissioner Martinez cleared of ethics violations  Orlando Sentinel,
2026-08-21,business_signal,funding_opening,Special prosecutor recommends impeachment for Kissimmee Mayor - WKMG,WKMG,"Thu, 23 Jul 2026 07:00:00 GMT",Kissimmee,https://news.google.com/rss/articles/CBMiswFBVV95cUxPT0VTTXdXWU9ScW0xRjhJR1dSeHJVRWRhaWRSd05QZ05qSFRVd1djYjVlMTR1bHE2SmNZMVV3MkJqem5ZWGVxY3pDb3BCaS1MbmJDV1ZVcmNlUUN6ejlNdUtLY09UVlJfcE5TczVER3kwZC13S2ZsOVpranlNc3RXT1IwOGJsMmxVYXlIY3VuQmdRQ3d1STZxYmNIejNOWVI0czlFY2pFcXI0NXYxOXo3YlViWQ?oc=5,Special prosecutor recommends impeachment for Kissimmee Mayor  WKMG,
2026-08-21,business_signal,funding_opening,Help on the way for Central Florida businesses hit by February freeze - Spectrum News 13,Spectrum News 13,"Sun, 29 Mar 2026 07:00:00 GMT",Central Florida,https://news.google.com/rss/articles/CBMizwFBVV95cUxPZUtleEZGMnhsWmFQV3lybzRWLXJXRFgtaW5rdXMzV1NPV29yc3l2M0tUYmZMcGs4d1dUZFRiTEZRRnA0MEJTU3pQY2NES1VvNEhlTTRSY2Q0SFhjeGhGaUZRaGlkbkRYMi1rWmZwUWRPQmNxTXo1M1RYQ2VkVDZXR3poQmZrRS1wdnFoOHNWR0l1QzhsekFmY3BLTDJLTmpSYW1fQzUzOVpkajZnNDl3ZjRhR0pMbXcwQ18yRUxKVTBRUFVwWF9FRWpzU1M0MUE?oc=5,Help on the way for Central Florida businesses hit by February freeze  Spectrum News 13,
2026-08-21,business_signal,funding_opening,Florida Tech’s weVENTURE Women’s Business Center Awarded Grant from Truist Foundation - Florida Tech News,Florida Tech News,"Wed, 10 Jun 2026 07:00:00 GMT",Central Florida,https://news.google.com/rss/articles/CBMisgFBVV95cUxNWUxHR2Z3MzN6allERXN1Z2hyWTVJUEhmRktCakNyZFFRem9OVjE4dzBvcHNBd095QVUxZWpCVmVaaWEtRmlCMHhabzZWMWF5SHRVZlAzdXdkT29DSTBKanZGNUljQlplZnBZaTZvUGhLRWV6UU9Gc3FkdElPZlVTUDZQbGtQc1lrVjh4REhaYmxXZDRTRDJ0RHFmREU3Sm8yN3VIbUVaUkFCaV9XY0VGNGdn?oc=5,Florida Tech’s weVENTURE Women’s Business Center Awarded Grant from Truist Foundation  Florida Tech News,
2026-08-21,business_signal,funding_opening,UCF makes new push for $35M after missing out on preeminence funding - The Business Journals,The Business Journals,"Wed, 15 Jul 2026 07:00:00 GMT",Central Florida,https://news.google.com/rss/articles/CBMiqAFBVV95cUxOY2lCS0Jhd2xmS1NycmxsZnlid1pjVWRmbUxkRmlXTFJQek4tc3QydFVIbklDRE4zQmpwREZQSFdNcGJ4UnZxRzJHMEJ2WXVndkJzby1ncjlwdWVQb1N3QkE0eGZvQ0FIb25lU1F0ZDgzaHBPd0V0NVBXRWgxNVhibmIxOWtibzRTaWpuOFo0a3JrckVJekloUVhzXy1YMEpFc2NEUnpDQWk?oc=5,UCF makes new push for $35M after missing out on preeminence funding  The Business Journals,
2026-08-21,business_signal,funding_opening,Al-Air Brings Combined HVAC and Electrical Services to Central Florida Homeowners - Yahoo Finance,Yahoo Finance,"Mon, 29 Jun 2026 07:00:00 GMT",Central Florida,https://news.google.com/rss/articles/CBMilwFBVV95cUxPT091SFktWE1PaU1iQ3NEVmZleEFvZHhOdVg1anVjdVZHQ2FlbjZFanhGYmZ3a0lscVlSc3hKOTBReUxvNFVYTXFFbmdLUlRETmNQWjZoeFhPcE5SeVFGazR4UDU3MTFKY0pEQmFWM1luS3pvRXk5RjV3Zm9DNnhGVktuZ1ZjVmZzdU9XWXh5SF96QktvTGRv?oc=5,Al-Air Brings Combined HVAC and Electrical Services to Central Florida Homeowners  Yahoo Finance,
2026-08-21,business_signal,funding_opening,Orlando’s new Dollar General store offers freebies to first 100 customers - WFTV,WFTV,"Mon, 11 May 2026 07:00:00 GMT",Orlando,https://news.google.com/rss/articles/CBMiyAFBVV95cUxNTGZLeXFyUUgzYklXbzQwb2FpUFFMSzJRc0NhT3NWLU50bmlKcTczdjlxWjFnMFItV1ZHazZZNVlUeERMcmJGVWJybnRpUmREUlNxaHJPaVBJcjZUZmV5d29NM2JBdE5ocnhoVS1SMTNWVTRrWUUyaE5wUUFmNEtPekVoUlV1d2xCRUp4bklFMkxwYXUxTGJablBKSjdfc3d5NmdEcWlFdjFKaXUyRE56eXRLcnhYRUtYek81cmtPOS1Lbk9OT0h5adIB3AFBVV95cUxQZjVCcGtZWUtPektJTjNJNGl2UzJYd2JDWmpfRTItNnBEQUlvcUJuY2kySW1Nb3EtajRaeWhrNXJ2V2ttR3RvVzJPMXdvQzVzX1pIaS1fckhscmpuWU1yUzdEU0hVcjdsR1k3LThJLXp0U2Z3bkxnUUZSQjZBZHlpd2pHRTlsX3NGcG9mLWJNVWEtUGZwOVR5c21SeU43QmRKSk5VYTV4V194Q3Atd0pCVUlXZmFJVkIwWXB5MEVYM2x5OGtRdXFMTFItUUpWRDUwVjRXSEFRVVNtN28w?oc=5,Orlando’s new Dollar General store offers freebies to first 100 customers  WFTV,
2026-08-21,business_signal,funding_opening,Coke Florida Celebrates Grand Opening of New Orlando Distribution Center - Business Wire,Business Wire,"Tue, 16 Jun 2026 07:00:00 GMT",Orlando,https://news.google.com/rss/articles/CBMiyAFBVV95cUxOYmctSkdpVXlmQWhUUmxrcDFOc3FQUlBnbnNRZU9BVXplanVCX1VBMnJpaVVTSWdIWWpHRjR5eEF5QkFBcFg0Z1hfMUFCYk5fRldCOFl3T0hseWJMWE5seldwT3dQSUdaSGxEQk85RGRwakpLVnNjUzE0VzZXLXYzQVNRMjE0OW5Wd1ZMbEVQYVhhSk9IeEVBOEZIdmpzaWx5WXlOWjAyMWZCWDFndFdFcnVaY1NHUW5qNDUtamJTVm9aeXNTU19yOA?oc=5,Coke Florida Celebrates Grand Opening of New Orlando Distribution Center  Business Wire,
2026-08-21,business_signal,funding_opening,"Harbor Freight Announces New Store Coming to Orlando, FL - Harbor Freight Newsroom",Harbor Freight Newsroom,"Fri, 05 Jun 2026 07:00:00 GMT",Orlando,https://news.google.com/rss/articles/CBMiuwFBVV95cUxQeTNoV3MtUFRJSEpIXzcxb2pER0MtUlJtMHF6RHNhRG9ZdjFXN0NkSEp2TWNLLXNrMEIxYnhyTmQydFQyNk50aEM3NUV4cXc2bWdfU0U5dDhPUldOUmlfZ2g5OTBSek92NkxqWnd0el84QjU1bW1qUUdMTWNKWjhHN2dSd25QdlFNVlVJQmJtamdDWTVGemRVYkM5Znh0cW9ZZnI2aFZhSXh2V0UyeENKYjJRZElJZVBGUGM40gHDAUFVX3lxTE9yTkFZYXYtaENweDhwc1AxanBYLWM3aHRCRWQwM0xIcUVpWU5TN2lES3lwaVoxN3VwN1A5c1lGWVppOE1IaFZJRDFtYV9RSWlrbVlaVnA2c2s2UmJCUW5hdmZlYUdZeTFfTXlWeTAtRUU2NjNhWTlNZUlKZkFLcXJGeEl6bGl2RzJQWE1mejdSY1ZVSEhYWlBjUGF6ZXNKU2FLajdlaDFJcHViNC1HcFBzNDd2TG5xeEJVc3JsVTNLV2R3VQ?oc=5,"Harbor Freight Announces New Store Coming to Orlando, FL  Harbor Freight Newsroom",
2026-08-21,business_signal,funding_opening,Mills 50 lands 20+ new businesses as demand surges in Asian-inspired district - The Business Journals,The Business Journals,"Wed, 22 Jul 2026 07:00:00 GMT",Central Florida,https://news.google.com/rss/articles/CBMiqAFBVV95cUxPd2s4bDNYZUU4LTNIcXExNW53Q0djMFpZZkVlSkdXUTc4X1ZiUS1iSU1QUE5lRmtZZ0lIQTJ4cVI2VHI3OFF1VnpULVRWNXpfYjVaMV9YSzZRWVR0YnNFR2ctOWt6Z0JjN2ctMTNRVVNMUnlyaHRHOGNZalJwY2xZaU9sR2JVNFJXWGJweWxFcmpuUWlhaXNUV01lZE1vVFdSUEFaeXJNWTQ?oc=5,Mills 50 lands 20+ new businesses as demand surges in Asian-inspired district  The Business Journals,
2026-08-21,business_signal,funding_opening,Primark to open second Orlando-area store at Vineland Premium Outlets August 20 - WFTV,WFTV,"Mon, 10 Aug 2026 07:00:00 GMT",Orlando,https://news.google.com/rss/articles/CBMizgFBVV95cUxNdlJ5UVN6RXZfRWNHWGtkR2NUSXBNbmg0VTNtUHg3WjBNMEd3SFR1elNNaVJfTC05eWVZVHdQUEFsQXR2VmxxOEVwVjJnYnh0ckFacTQzUDdaQW5LUnpuSjhZVTFHNUxXU2x6LUVuLW9NRENJN2xPd0stc1FTd0RXOUE1aDc5RTVoRzFOZVowNTBGbmZnR1FjT3dGamt0aktpU3V3TnBJRU0xSHpoN2pKNkhTcEw3MUo4cDlzaTlfNmFmV2ZJcTg3Q1FLTEFFQdIB4gFBVV95cUxNbEcwNEFSZTE0RTR4WVpTaEM5U3oxOHN6RnoyLUJrbHBMRktMNHVKQ1ZGU0NvRUJ2S2JpdnZaOW5GMnhURnZuMWx3OGYwb2FTbmtpdzVaOEdZLVBpeUs3UnEyOWthR1E5NDJRa0gxd2hZQ2ppNDFqNWpSRlR2S1Y3WTN4anJWMkRPbnNoejlSOUUxNHdPVGppZ2s0QVVLa1BYalZ4YjJSMUVUa2xrcmRtd3VfUlA0T2tzM3NGU0RTVzZMcGI4ZWtkZmZnQzFZQm5JLV9XR2laMTcyUmoxbTlVNHBn?oc=5,Primark to open second Orlando-area store at Vineland Premium Outlets August 20  WFTV,
2026-08-21,business_signal,nonprofit_campaign,"Historic Films Inc Launches The Museum of Motion Picture Journalism Grand Opening and $340,667 Fundraising Campaign to Digitize Universal Newsreels Collection - News-Graphic.com",News-Graphic.com,"Sat, 15 Aug 2026 03:30:02 GMT",Central Florida,https://news.google.com/rss/articles/CBMiqwJBVV95cUxPeU1MdXdFNGRpdmladUJBeEZsTEFHQ1FuMXZ1NWp4OU9sRk1lSDRjV25RZjAtdWNTRlBsZTNrMUE3NU8tV0hTV09wUGxDVDJYMmpySm9TM0dxaEQ5UUpTbWpkSnl4ZFcyV1k5N054Q3BzUTE3SllRMFZ3QU91aTZXbFpQcEdiZWJmTWhBb205SE9lZWZHX0pNSEpuUFVlVFBPX0NzMFl3dS1SMjB0eFhFSWVQQ0c4SkpwcTVYUUt3S1o5YUEweFpYUmliZF91NTJMMG14dHhvRTByQWwwSlg0MldRLVc2akNuci1EZ2VzS2FZM0ZpOF9EdV8xVU5fTDRhN0tLMEh6a0U1UTlfTTZPb0J4azFIWkpscHV4VFRKTTJfNE0wZmFmNk1yOA?oc=5,"Historic Films Inc Launches The Museum of Motion Picture Journalism Grand Opening and $340,667 Fundraising Campaign to Digitize Universal Newsreels Collection  News-Graphic.com",
2026-08-21,business_signal,nonprofit_campaign,Stop AAPI Hate launches a nonprofit to mobilize voters before midterms - Orlando Sentinel,Orlando Sentinel,"Thu, 28 May 2026 07:00:00 GMT",Orlando,https://news.google.com/rss/articles/CBMikAJBVV95cUxQNmNveVd4S0VndjNvTXlnTzIwb0drSnRBTU93Y25zVEJOSkRfX1lobUhmbGo4dDlOSDByVk5CUVpjQ19DYkIybXJxXzhiRlFCUDRXTDREQS11YWZtQlR5YnZhSFpFVXBJVjdiUVE5eU15Mm5VSWFHSTlmOHBwUFdRTUsyR1N1YjB4WTdpbVNNRk9WZVFWMzZxRHQtcEtfbGhpTm9XMFREQlFLWjNkRzhfLVBuemU5Z2k1WGpCQUhzVDNUZlFpNlZia3REZFJ4cGdMcWtQRXItX253UVlKSkZ5aElBclBJRjEtV2Z2RFphWndUaWVTNEJkTmNDM1NpdndGNDdTeXR5STVHbDlVRWViVg?oc=5,Stop AAPI Hate launches a nonprofit to mobilize voters before midterms  Orlando Sentinel,
2026-08-21,business_signal,nonprofit_campaign,"NONSENSE HUB Announces Expansion of Its Nonprofit Portfolio in 2026, Welcoming 10 New Mission-Driven Partners - 24-7 Press Release Newswire",24-7 Press Release Newswire,"Wed, 14 Jan 2026 08:00:00 GMT",Central Florida,https://news.google.com/rss/articles/CBMi9AFBVV95cUxNU294NC1mQk52TFFHSHh4VmZod1FxMmM3bEFIcXR2dzYxZ29HeUZDY3ViaHZRc1JCcWlNSmRIRDZQWW5LOXlQSWtFcXBzZ0xzYkwtNmtaa0swVk1FUDh5d2lzY1VWQ2hqM0xLYXI0NllCbFpObWpuM1hEZGxDOUZBUF9MV0s3MzM3dlM3V0trSmwzSDF5S20zN0kzR3J1ZWNvbV9fNkdvMHMxbUdGR3QxNm9UeXhyc3ZUckhMRWM1OHpaYzdQb0tXc2ZKbEtWQ21KSkUyc2pEcG5RSkR6dDVNNUFyNW5sWTZDTVdsTXNYbHhMMXpj?oc=5,"NONSENSE HUB Announces Expansion of Its Nonprofit Portfolio in 2026, Welcoming 10 New Mission-Driven Partners  24-7 Press Release Newswire",
2026-08-21,business_signal,nonprofit_campaign,Spelman College launches historic fundraising campaign - The Business Journals,The Business Journals,"Thu, 09 Apr 2026 07:00:00 GMT",Central Florida,https://news.google.com/rss/articles/CBMinwFBVV95cUxQT3BiWXFaTk01UVFFOWZRMDdkQ0dVZ3RvTU53dlNRVFVNZjZoWmw2QXJtWTljZFJZR2RRTHFUZXVnRUNjWGxFeHVRVkN3WXhQWjdZQ3JiSGhCWTdXS3JCYmVpUUczeWFTVWU0ei10cldjMW1xWXFKYmFacTJGTDBGRWxWZG5hUm1MbXJQRUtIZUVBUlJEc0twc2ItU0JwM00?oc=5,Spelman College launches historic fundraising campaign  The Business Journals,
2026-08-21,business_signal,nonprofit_campaign,Full list: Winners of the PR Daily Awards and Top Agencies Awards 2025 - PR Daily,PR Daily,"Tue, 02 Dec 2025 08:00:00 GMT",Central Florida,https://news.google.com/rss/articles/CBMimgFBVV95cUxNVVhWOVAxV1FVSTVlaG1Wc1NJRE9CN3VBNEF4MmlaaDMzTTZfMTRkdFNWTmZudEhtbHJ3LUkyZjAwQWgxMS1xQS1ZM0xLSHR5Q1lHSnc3ckctdUcxejJyanl3MXp6RzBYN2QwdkNtQmtIUmRRMG9PLXdBanYzVmdLSE45QkdJTUtRdFdrQk16ck9YOVlrejlDLXFn?oc=5,Full list: Winners of the PR Daily Awards and Top Agencies Awards 2025  PR Daily,
2026-08-21,business_signal,nonprofit_campaign,Victory Cup Initiative opens funding and training applications on Aug. 24 - WFTV,WFTV,"Mon, 17 Aug 2026 13:04:18 GMT",Central Florida,https://news.google.com/rss/articles/CBMiwwFBVV95cUxNa0wwRE8xaEhDaHBoVzhMREM0SVNsbnZ2c29hRFRBME1kZ2pYb2g1LWVoNXM0eDdpYXpqcFJfTy05UjBlR0x5eGtDbUtkLWJIQ00tT0QxbVVub0paTm9HQjViY01mdkNVWkFRb1hZc1Q3Y0pFV3ZnOVc0VEo5NmRLMDdINk5jaXliOEd5T2VmRkJQMUUzTGhnNnNSYWZzWEdTVGVvY1BKbk50TnhuTFFMU0otVXFfMTFSYTZibnhYa3dCMnPSAdcBQVVfeXFMUEFvOTNpc0VCQW9wSVZHTjBtOEFrNlBGODZaUE9ReUwxWTduQU5YWFkwLWI5N3cyaTRYTVhELU0xc1Y4WW5JVTJpcFp6OW1jNms0R09OeUhwQWFJOTdtNVNFWVdodEJPWXIydWZieWtyallNaUdLTjlxOExaWHFrT0Z5SWpxcDBhUWVvUFRteTVzWUtXc3hIRF96a2Z3Q0gtalpHQ2IybTRYU3NmODZ2QlVtbURLQk13a3B2eGpybllJV3VNWHhSM2gxMmRkUU1odFl3QU9QN0k?oc=5,Victory Cup Initiative opens funding and training applications on Aug. 24  WFTV,
2026-08-21,business_signal,nonprofit_campaign,Wednesday’s Daily Pulse - Florida Trend,Florida Trend,"Wed, 19 Aug 2026 11:27:28 GMT",Central Florida,https://news.google.com/rss/articles/CBMid0FVX3lxTE9OQlRWbXJ2WTN0aEV6eXlWdUo3RTJCTjlXSVlna1Z1OUthQWx6T0h0cGlkcXk2QTZ3ekhsdzJwRFdxdXZoZjNFOHEzN1dWR0xKZEZ0OFdQUm5LYnMtQVU4cWhBU1VVMkRUaFByYnh2Ul91dlpQdTFJ?oc=5,Wednesday’s Daily Pulse  Florida Trend,
2026-08-21,business_signal,nonprofit_campaign,New initiative launches to encourage Muslim Americans to vote - Heartlander News,Heartlander News,"Wed, 05 Aug 2026 15:05:32 GMT",Central Florida,https://news.google.com/rss/articles/CBMilAFBVV95cUxNNlVwS1pJQU9MVXlfTG5kdW8xeUUzM001ZkFXS1RyTkp5RE85ZklrWDF5Nm9pVkdyaGNORS1RNEN3Y21RZlMtN1R3XzBRcVI2NlNreGdEY1VhZ3B6OHdvb2xtdGRoUk1SNWNUQzI3Q3k2aWpaVG02ZEdNcWtCMXVSM2FxWXFnSHpwODl5QXpTZjUwTklo?oc=5,New initiative launches to encourage Muslim Americans to vote  Heartlander News,
2026-08-21,business_signal,nonprofit_campaign,Florida nonprofit launches specialty license plate to fund scholarships for first-generation students - WTXL ABC 27 Tallahassee News,WTXL ABC 27 Tallahassee News,"Wed, 22 Apr 2026 07:00:00 GMT",Central Florida,https://news.google.com/rss/articles/CBMi0AFBVV95cUxQU2E2cGR3aVVrZVJ5b2w1N0M0UlV0RnNPWGg5TUN2TWlnclJ4ZVN4NEZQbklHOVQ5U0NuQjRVMnlCS3UzOG9yZThkZ3I2U1RGUklBUFlPNGpNekhwSHhvWlpyZ2k4MzBQSkI0OVRDdVR6SnNNeWkxR3VQRGNMeEhHaktRazYtSFlXRUp3b3dsa3Nzc1MyQVB2NFl2d1YyZHBOUzEzNVQ2dXlvSG43N3liaExEZ0g3NWxSekZVaTNuVEx1d2hneS1kTHoxMWY3YWsy?oc=5,Florida nonprofit launches specialty license plate to fund scholarships for first-generation students  WTXL ABC 27 Tallahassee News,
2026-08-21,business_signal,nonprofit_campaign,Record United Arts annual campaign raises more than $11 million - Orlando Sentinel,Orlando Sentinel,"Mon, 04 May 2026 07:00:00 GMT",Orlando,https://news.google.com/rss/articles/CBMiqgFBVV95cUxPSXJ6V1NnN0R0TmFtdm5NVWlYR2UtMzQycGludUlKSmtQZEEyR1VqNXNqVE5zdWNyLVVBQ2x2ZkZkdXpwb0p0OHBHdVc4MmdDMFl3aEw5ZHNUenUzMHphTnJ4amN5SVZJX29EeXUxeGxDSkFzR1ZnMkRJZkQwN1RKYk16R29SbS1IQ19pWms4N2pta2dXNldNS0Z1Q0RGQld4MDhCUVFEeFJ6QQ?oc=5,Record United Arts annual campaign raises more than $11 million  Orlando Sentinel,
2026-08-21,business_signal,nonprofit_campaign,Pet Alliance opens Orlando shelter for adoptions and meetings - WFTV,WFTV,"Wed, 03 Jun 2026 07:00:00 GMT",Orlando,https://news.google.com/rss/articles/CBMiswFBVV95cUxOMHdlZDJaQUFCODI2UFF1V2taZFJTTTBaTGRLSmJsUlJGNy0weDI4X1AtSGFia2phTmR2TWNmeEZZODNWRkRMWVpHZTZPQ0VaZFhtRmNaRENvY0tUejBLd3BNVkpPNlBwTXYtMDY1dVg2Y1lDS3JFVXNPbW5VWjFiY0c0cnZZSEdtQXhSRk1TRkpqNl9TR2lDOERuOHI0OTZRZTVudzFCMWFyZHFZWjlxSzhLQdIBxwFBVV95cUxNSW4wWWpYcUEzNzluWHhHNWQwOV9oSG51WTlOX3R5WnhPUG9LcHJWS2k3aFA3VkcwdGt3TkdqeXNNdHRRM21ma1JEd0czYTgtVGtOQWJXUWViRjA4bk12OUlnZnplVklCYlFuS0Q1ZDR5Sk51azhSZTNtOHJJMVFMUC14NUM1M2VCSWlGRHFDSTh6Z1V4VW5SaWMya1BwdDNyNzVCOHV0UWxpMUhYbWJkazd2VUM1ZE5UVmJEX3cyRTBNVUlJcEtr?oc=5,Pet Alliance opens Orlando shelter for adoptions and meetings  WFTV,
2026-08-21,business_signal,nonprofit_campaign,"In Orlando, 10th anniversary of Pulse brings events to remember the 49 victims - Florida Politics",Florida Politics,"Fri, 12 Jun 2026 07:00:00 GMT",Orlando,https://news.google.com/rss/articles/CBMivwFBVV95cUxNbmU5RUNUWTdIS0hsSDF6QTJMQ1N0d01BT0gzTXBPd1NXbEk4NTRGTmRhd3RRamFSWlE4ZmJ5T2RBbnFxdlhLTVlBOXExQ3FPaTJOVzh4NzlJTDZqdUZzYndLZm5Mdmx5LXRWNk16VHFfOWtybFNOQ0JibDJJTGV1S0JZV1NvRWt6Zk5TclhQVnlLdzlhNmdmcmtWdllLSVJRMy1tUHFkRlRDNk05R1B1MDg3d3B5TlZjRXBiZXpsVQ?oc=5,"In Orlando, 10th anniversary of Pulse brings events to remember the 49 victims  Florida Politics",
2026-08-21,business_signal,nonprofit_campaign,"UCF starts $3.5 billion fundraising campaign for partnerships, athletics and more - The Business Journals",The Business Journals,"Mon, 23 Feb 2026 08:00:00 GMT",Central Florida,https://news.google.com/rss/articles/CBMiigFBVV95cUxPQzRlSEl4cEZ0REpEQS1EUm92aFJLODdyR0Y4MzJsc0oxU0x0TzllN3hPLVJXU3lSOE9aZWQwcTdwNk10MUR5b0hlUk1XS2oxNzhOM19kZFMxTUM4RmttNlZVZURNSXcyTU9EY1M3clJKSWVSNU45dmdGWHRjTUw2LVFnLTVIWEtsTkE?oc=5,"UCF starts $3.5 billion fundraising campaign for partnerships, athletics and more  The Business Journals",
2026-08-21,business_signal,nonprofit_campaign,Event to support Sanford Porchfest raises $22K for music fest’s 2027 return - Orlando Sentinel,Orlando Sentinel,"Wed, 11 Mar 2026 07:00:00 GMT",Orlando,https://news.google.com/rss/articles/CBMivwFBVV95cUxQZFhidDFkNXJWdVFSQ3B0SmJGX1BpY1hQSmVuVG9zY1ZLcWh2TVE3VjNBR1paT3FSY0VqaG11bFZjQTVudjJWQzkzdjE2TW5qOHNkaGNEeDZOX2V1OEFJQkdmOXRNYmlmSWJseEFucmRIeHBXSl9NSWV3am9LYWJFQ2RrLXVsTWxCV2RhX2xHT2E3ZmRqX2M3bUFQdDVVX2FVU0pvSUNaUnlqVjlCRWZCQVV5QXV1aWNfbDFDQ2lvNA?oc=5,Event to support Sanford Porchfest raises $22K for music fest’s 2027 return  Orlando Sentinel,
2026-08-24,event,black_cultural,Black History Month - Orange County Regional History Center,Orange County Regional History Center,"Fri, 09 Jan 2026 21:22:19 GMT",Central Florida,https://news.google.com/rss/articles/CBMiYEFVX3lxTE5DTkJXZ1hSbFh1dVNZLVFVN0EtZjdWSnBrU251SjUyaTM1TmllTlNSLVkybWI0eHdFZ3EyeVJZdmpZZFlSWGNPWFVqeWlYTnNGN3Z3Mk9VUFpOZm5zeV9uVA?oc=5,Black History Month  Orange County Regional History Center,
2026-08-24,event,black_cultural,Orlando to host series of Black History Month events in February - Orlando Weekly,Orlando Weekly,"Wed, 28 Jan 2026 08:00:00 GMT",Orlando,https://news.google.com/rss/articles/CBMiogFBVV95cUxOQlVfdVNtQU1KZUw5dFBtY0s3TGVQeWpTN0hVdDY3TXNPdE1uNDNoZFgzaWhEMWdZTTdNQk1XamQzUkJ0QVJkTGdyQThpdEpoWVludktIZ19CTGJJalVQR2RSdWVnV1VQc3JTRHBFTkFick5mbXowVktKYXZlcFYxZjhVS3VZcEs2cTZNODg2cVFFV3ZlNm9ReUNTSF9wdjJkYlE?oc=5,Orlando to host series of Black History Month events in February  Orlando Weekly,
2026-08-24,event,black_cultural,"Juneteenth in Orlando: Jubilant Events, History, Dining & More - Visit Orlando",Visit Orlando,"Mon, 11 May 2026 07:00:00 GMT",Orlando,https://news.google.com/rss/articles/CBMiakFVX3lxTE9Vek5PYkRnZGN1X0RPVEFIQkVpMDhhc213VmpzV09QWjlMaUJnNVVSNEF2clE1b05iSXhqRG1TTkM3a1ZscU9zVFVYUE5jR2dmMXZwRGRDbk5wUVM4bDFTTUtyVzR6UkhnYlE?oc=5,"Juneteenth in Orlando: Jubilant Events, History, Dining & More  Visit Orlando",
2026-08-24,event,womens,Women’s Basketball Set To Face Central Florida On Sunday - Morgan State University Athletics,Morgan State University Athletics,"Sun, 14 Dec 2025 08:00:00 GMT",Central Florida,https://news.google.com/rss/articles/CBMiwAFBVV95cUxQZ3A2T0JtYWQ2T1lnZVpPZ3ZiUkphQXNzcXBpVFJZRFo4OGxQVUxyemthNkFDdXFaM0Y2RlRRbEQwbmFVVVRuUGNqSjZwXzVFU0ZiVGdDWWZtcXJnTnZkc3lVMU1sdTJUVWE0NTgyNWFnZUNPaFlTLVM0Rm9acFFFTms1elI5VmhkYjdrbU1Ob1d5ZnZmOGUwZGN4VGlHUEptU09HWEpOakMwRjl6NERpVkxEQVZXWWg2TTNQejBiZDc?oc=5,Women’s Basketball Set To Face Central Florida On Sunday  Morgan State University Athletics,
2026-08-24,event,womens,West Virginia Scores Conference Game Program Record 106 Points Against UCF - West Virginia University Athletics,West Virginia University Athletics,"Wed, 11 Feb 2026 08:00:00 GMT",Central Florida,https://news.google.com/rss/articles/CBMivAFBVV95cUxNT2tYbnktWlVZZ3NSX3dFV21DaWNTX3FaZTllQUZFQnRxV3AzNW9BUzRDV2NRTHJsSFpVNHExREsyYjJvbjNrRkFDNkNFc3UxOWxGZ2RteFYxZFVOTmpxc091LXFTT2E5d2RHQnBBOGptcV9NUG1vN2tYUk4wamdHY2gwNGFHTzBlX1ZlZlhTMWFRQjd4NFQtR3NveGZnNkl0NXJrQnpSbjhENTllZk03NmV2ZEdEYWxMMW5CNA?oc=5,West Virginia Scores Conference Game Program Record 106 Points Against UCF  West Virginia University Athletics,
2026-08-24,event,womens,"Milwaukee Bucks to Celebrate Womens Empowerment Night, Presented by BMO, Tonight, March 8, Vs. Orlando Magic - Urban Milwaukee",Urban Milwaukee,"Sun, 08 Mar 2026 08:00:00 GMT",Orlando,https://news.google.com/rss/articles/CBMi3AFBVV95cUxPamlESDBFRTZsRUhKTG91Z2Vmb1ZnbWdnQ3Ntc3pzbVpPbERlaWpSU0l0SjNUVF9iRVdadHZobld0a0c3UXhHdTlESzRZYjBhRlFjMUtkRjBmZGVVU2VVcXpTaWsxOUhJOUZ2Uld0WDdsVEZObm5UcUVwdHhHWHJ3SnJIZm52czlGQUlpUEl2TjB4MkFUdWppdXVmOFh5cktBT3NjQXZIbnZmT002NDVtQTU2a0Z1cmdJdG0zZGJIUWdGTEZQSEQzOTBWaldCR1YwcnllQVp4V2R4VkZk?oc=5,"Milwaukee Bucks to Celebrate Womens Empowerment Night, Presented by BMO, Tonight, March 8, Vs. Orlando Magic  Urban Milwaukee",
2026-08-24,event,creator,Universal Orlando launches Universal Nights at Epic Universe this October - WFTV,WFTV,"Fri, 14 Aug 2026 07:00:00 GMT",Orlando,https://news.google.com/rss/articles/CBMiygFBVV95cUxPc0V3X3NKMTdKaWxpZ3g1Q2Y5b2wzTDI4cVJ1cFpPWGhyTGtfUTMyOWlNU1hpSENmMlJKOUpxdmpZazZDN1R6eWV2ejlXNlhQT1pJNVc5NThlY01LeFF2aHFRU2txZHlkMHlPbzdZY1pKTHItVHpuajV0WDRvbldIb0Vzdmk0UGY1ckRZaUZ2RU1kd1Vxa2tEd1EyamRuazlBV1lnOHI5REpQYUhQTnRYMUhhQXdFdWJCUEo1SHNEajNYZU4teTUwRVdB0gHeAUFVX3lxTE9HTVBFM2pNbXhyWkV3OGlBNnp3YkowbjBVbEFzdndlbUdVNG5wRlhsT0JVUEVtaTVGaGN2bUtxVE4xci0wdHRFQXg5TUxGcG0tNXhNcDNSQkF6SGN6VXVhakdLLUQycHhzMlRtZHBlYTFmdG1HbjlFZ19GU21FN3RxM2t1UDhmNmlCMV9BNTI5ZFJxR3hJX281Rkd1MmNtZjlFdEUweVBEV0x5OTVoTnVSMWFUXzd5cDRRb2tJeEh6aURrR2g1a1ZXSVhYQlM3dHJfOGFqQU5qYU1JRkxSZw?oc=5,Universal Orlando launches Universal Nights at Epic Universe this October  WFTV,
2026-08-24,event,creator,"Creator Economy Event Calendar – July 20, 2026 – Creator Economy Live, Affiliate Summit East, Highlight Jordan, and More - Net Influencer",Net Influencer,"Mon, 20 Jul 2026 07:00:00 GMT",Central Florida,https://news.google.com/rss/articles/CBMi2wFBVV95cUxNSUd1NVMtamswUzR6MktoMi1pakY0T2xqVXFRRnF3dVBNSVhsRWE1VlVkY3E2NC1UYmlqLVJmN2taRkxrc3I2R19tZGROMkRNM0xqenhaVmN4T0luU3VIM3BvVXVjb0t1Zkg2aUtGYVhuSUpIdG9GS19oNHVSZWF3WFF4ak9OUnlkcjNuS0NWdDJBaTRFV2p2bkg0WXdiRzhFNUs3T0hSUnBNRFVCRTRSc1lzaGhDSzVQLTV6OW93ZVdQVmRoZERUNjJOSVV3N3Z2VW1IVHY0UDVfWWM?oc=5,"Creator Economy Event Calendar – July 20, 2026 – Creator Economy Live, Affiliate Summit East, Highlight Jordan, and More  Net Influencer",
2026-08-24,event,creator,How Cinnabon built a social fandom by ‘marrying’ Slim Jim - PR Daily,PR Daily,"Tue, 03 Mar 2026 08:00:00 GMT",Central Florida,https://news.google.com/rss/articles/CBMihwFBVV95cUxNZ0NBV1drS2g4SS1EN1E0QjY3OU0tQVFUdnBiU2JaS2xFZHZ4XzdkY05TOTBnZW45bF9lUUhrc2tJVGdLMDBsZmh5MTllRzM3WUgyUkFUeWRxQjJfLVFrQmwzVXhXQ0tubkxXY3ZxbHZEbE52LTlaTm10QUpPaUI1cWFfbUpFRWM?oc=5,How Cinnabon built a social fandom by ‘marrying’ Slim Jim  PR Daily,
2026-08-24,event,nonprofit_programs,Magical Dining launches at Arnold Palmer Hospital to support nonprofits - WFTV,WFTV,"Mon, 24 Aug 2026 01:14:00 GMT",Central Florida,https://news.google.com/rss/articles/CBMiwwFBVV95cUxPdGd6UEtXdExoMFNYbVBDTDhFZjEtNUJYd0JmSlYwbFVZZEJfbEYwYlhKZVUxSWRCRkF4cHdLVmJpQkpvLTNUQ09hRFVWck1MbGNBemoxSzluTExCczRqd2FOYVA1MmtIV3hoaXRjSERIQ0MxblFvQ01mSXJUMFAwVzFHREE5X3lOTVpPOWJyZjNjaVJXeDZWZ0RocmZnOXJZbURyVDNCdDh4aWJSZHhhUm5DbWp3SXpna1JTYjBNSnVVeWPSAdcBQVVfeXFMUFR4SDQ2N0hDZ2FRT3NNVmZieHpubFJTMjFWUXhfajlXaWhlSWJyNGdyN090NW9ZMEg0LTZJY1R5VlY1VEVUcVZiaW44c2FoRG0yU3pRSWQyNkd2ZkFyaWVXSjAtVkZsa3JKc1c2QkwyaHRKTFVOdlRNdmVFXzZobzdLTG04TWFQbmZINTNrTjN2N00wQWVnY2JLdl8tM2dHRm1wV2l4MmVqOW5TNG9kZjJsSWw5enQ3QjNDU0R5LVo2TXN1ZVItWVlOdzVjdE9MOUk4cXEzSGs?oc=5,Magical Dining launches at Arnold Palmer Hospital to support nonprofits  WFTV,
2026-08-24,event,nonprofit_programs,Central Florida has a new program to help restaurant owners. Here's how it works. - The Business Journals,The Business Journals,"Mon, 20 Jul 2026 07:00:00 GMT",Central Florida,https://news.google.com/rss/articles/CBMipwFBVV95cUxQMjNaeGJRN2U0ZzVOdmhZbWk5UWtPdzhXaENvckN3c1JNbU56WVRMc3NpeGMtc0NtcWR4clVsbk1haWRmTHk3ODU5S3JSYWJOOTFyTVc0Wmlya0xQR0FTNHFhamxqR1Vzbzd1REJIWkZTLWJGSUtlNmNzZEtTcWdsWGdCazNuVG1rMnlGT2dqYUswejljT2JnX2lLbTRtYmZfSGxOSTE3OA?oc=5,Central Florida has a new program to help restaurant owners. Here's how it works.  The Business Journals,
2026-08-24,event,nonprofit_programs,"At Fourth Annual Celebration of Giving, Universal Orlando Foundation Donates $1.5 Million Toward Community Causes - Universal Destinations & Experiences",Universal Destinations & Experiences,"Tue, 09 Dec 2025 17:34:44 GMT",Orlando,https://news.google.com/rss/articles/CBMi_wFBVV95cUxQb2ZhTTRMWW0xRVRiZnhzT0lxWUF3dDRQblNlWThpVEpIdjBrUUVwMHo0bFNBMHFNZ3NKUl9IYWp2NEQyUG5wRmFuTU9aOFdab3J2M2xJXzdNaXY1TWlBWWRLOXFXeG10bUZGVEFDeTJ2QkRtcU4wV3ZLLWNfY0VmVUI5VWhYb05qN2N1b2FmM24zSl9ENXZmVnlLM3hKVkZja0IydTRKcHNFVEhNemRYcWpnckRSVnd0VkRfYmR0SGtPN3hpQ29uVmVfRHVrWlhMSjdhN0JSaWFhZy1zZE5CUGhORzFQbVNzV1RoaEVtNm13a1ZRQkJval9rMUtQd28?oc=5,"At Fourth Annual Celebration of Giving, Universal Orlando Foundation Donates $1.5 Million Toward Community Causes  Universal Destinations & Experiences",
2026-08-24,event,nonprofit_programs,"Brevard nonprofits can share story, win funding via Victory Cup Initiative - Florida Today",Florida Today,"Mon, 24 Aug 2026 09:03:00 GMT",Central Florida,https://news.google.com/rss/articles/CBMi0gFBVV95cUxQcG1fZXI4RDRRc0JCZ1RrQk1fTjVXNzBWbjRrN3J6X0lJb1RiLU5mOG8zbWgwSkVMSGpQeXFWRUVWTHhwVjI5M0szSVdMR1BRaTBYTEpyU0hIX1F5RjVaSThOcEl1OC1zMHJUTlFhXzRIN3JBeUpTNnI0NG5HQkVldzZldGhfQk1XdFJsa1VkTnFWT2lWZzZOUDFYV3FydkpHLWlOekYxR2xLX3FCa3k1cXAxVng3MkpDQVkyemFBb1hXZUtWVHZPNVhiUFBlaHNORXc?oc=5,"Brevard nonprofits can share story, win funding via Victory Cup Initiative  Florida Today",
2026-08-24,event,nonprofit_programs,‘Sesame Street’ owners file lawsuit against SeaWorld over licensing dispute - WFTV,WFTV,"Fri, 13 Mar 2026 07:00:00 GMT",Central Florida,https://news.google.com/rss/articles/CBMiwAFBVV95cUxPWDNSOXlleTJXQlRCLXZ6ZFFfU1hJa3AyeE5uUy1HZUhEUWVNNkk4Z1JVVk45NmQ2NkpaV2UxMDU5SzMwY1FOVG91NnlMREk1cmJvbE4zeDQ3YXliQVp6cmJsaDBXbERUbHo0UFpTUVItbXgzSE4ySGRQMDVJRTF5aXdvYklhNUpFUi1FRzd2bk9Xb0xtT1BKTGRoelBJSGk2bDU0MFNudlNySDRTR3BFMmt1MkhnYU16WFZlY0p2cULSAdQBQVVfeXFMT0pndFprdXo0NFBhRHZwZVBGNkZBeHRFNlhSd1RVaEZIclhydnNsbEd2aHc4NUIwYlN6TFNBNVZJMldlWEJieEdXSUpxQ3N5RlNJSldQVnItaHFuUWtUX2hyT3kwRjFuZ2hSZGRKdGhneW1IU2hncFo0ekhvT0J2TTdMYUxnZmVMdnhMMEtUR25CRDREYks4bWJ0cnJfM1RENnh2MUNjRldqWTk1X0lVbGdkVGpHRXY0Zm1QUmFvSlpYdXg0UzZoOExhaTRJQ1dGcE5Uc0w?oc=5,‘Sesame Street’ owners file lawsuit against SeaWorld over licensing dispute  WFTV,
2026-08-24,event,community,Charley Orlando Music: Solo - The Karen Sager Community Room at The Center for the Arts - Ithaca Times,Ithaca Times,"Sat, 22 Aug 2026 05:54:17 GMT",Orlando,https://news.google.com/rss/articles/CBMi7AFBVV95cUxPWFQzOXl4OUJUbHpPS1kxNWFSWHN5bkh6S2drcUUxOE1RTTYxN0cwWjlUY0dRRGVhNHFhZDQyWEsyZnZSekZjT3QyTXlnU1BpdlNXZl9XcXhhLXVhMGRoNHJGQjlRYXU1OWtuVW5yOVFPLXpRelFoWjFtOVZwb0d5Q0FIT3NnMExnRW5EVFJocUFMYjlFYVZxTzFBM044TnJOd3A0dlJUVW9JRzRSSjlUYXo3dUp6S3FwSkQ2LWRDME9oNmNqaGlQR2dmN2xsWXowdlN0R3BpLVAtME52QkczTXB4MGJsNWJ4cnU5RA?oc=5,Charley Orlando Music: Solo - The Karen Sager Community Room at The Center for the Arts  Ithaca Times,
2026-08-24,event,community,Films with Central Florida Connections at the 2026 Florida Film Festival - Orlando Economic Partnership,Orlando Economic Partnership,"Tue, 14 Apr 2026 07:00:00 GMT",Orlando,https://news.google.com/rss/articles/CBMipgFBVV95cUxQLVdPVzFEQjJraGZLcmJjUllhMTlFRGxicDhfSW5HX0JvbHEzWThwRWg2NXlWcDkzTlNXeXBxUkpBa2dpaFFnUDF0eEdIRVhmaUFiamFqcDBNbnV5eHBTRGRhZnZXLUJuVXdaTG1oam5yOEY0aXhXN0RhWU43OWZCSVhvS2tfUm9JMFdkckJsbTkxV09qYlExSzIzdTJUbWwzLVJJTWJ3?oc=5,Films with Central Florida Connections at the 2026 Florida Film Festival  Orlando Economic Partnership,
2026-08-24,event,community,"Mayor Buddy Dyer and the Mayor’s MLK, Jr. Commission Announce Events - City of Orlando (.gov)",City of Orlando (.gov),"Thu, 08 Jan 2026 08:00:00 GMT",Orlando,https://news.google.com/rss/articles/CBMimAFBVV95cUxNVVJNZ0N1MGJUanRqODIxbnZWWm9na0VJcDZIZzVnLW5XeDF1SXFRRmt5bWhPTTJzR2xEbkwteC1UempkOXlHSGlNc2FsUHFnSXdTYm9xb1NZV1ZGUE5DeHNNcjZmM3VNNzc1dWoySzdDTkNsNGl2Y29lYktVU2dFS0k3QmRYaUZNZjNqYjgtblBnRklSVmQzOQ?oc=5,"Mayor Buddy Dyer and the Mayor’s MLK, Jr. Commission Announce Events  City of Orlando (.gov)",
2026-08-24,event,community,Orlando's CommUNITY Rainbow Run on Saturday keeps up its annual pace - Spectrum News 13,Spectrum News 13,"Fri, 05 Jun 2026 07:00:00 GMT",Orlando,https://news.google.com/rss/articles/CBMiiwFBVV95cUxOXzdTYktkZmNqczhtLWFVRUJnbkVYZDF4REIwemtUaWdQWDBrY2RpRmU5Q3lWWGViQ3RLYTJudy1FWHNiWF9JLWljSVhDeUtKcFkwQlhnVVBXSjJCQ19EOE5qTzg5eDNxMGVpNVJ1c1pPQWwzN2g0WDZNY3RraHNSengzS2Y1c2NPdHlZ?oc=5,Orlando's CommUNITY Rainbow Run on Saturday keeps up its annual pace  Spectrum News 13,
2026-08-24,event,community,6 Things To Do: March 20-22 - WKMG,WKMG,"Thu, 19 Mar 2026 07:00:00 GMT",Central Florida,https://news.google.com/rss/articles/CBMigAFBVV95cUxNSkkzQzBjYWFnZElXTzVHRkJqUUxSZ1RDZEp6OXp4eE9rdDZCZGlmZnJCTnRCczJyVTdYeDVJWWtpNENDSWRodFVSLWl3NFVOOGpuWW82WUl1dFYxY3lRcTZqRnJzM1RnbDdCeWh6UTd2emlYVklMcGpUV3VBNDBoWQ?oc=5,6 Things To Do: March 20-22  WKMG,
2026-08-24,event,community,Orlando Magic to host community and fan events before tip-off of Game 6 - WFTV,WFTV,"Thu, 30 Apr 2026 07:00:00 GMT",Orlando,https://news.google.com/rss/articles/CBMivgFBVV95cUxNem4tb1lTTklJd0tneTNwTjBlcDdUVk1PRmlxbm1vbUxIaXV1WnpSS2lYcUNjNWpwQlZ4R1pqNWJ0MHRZUkdsTTEwSllGT181NU1yQTEyam56SDJRX2pGd1VmMFFyZVoycFgydS1kcTRFMlVBRDBSWkFiTnJhZmdlUk1qNUxJdzRRMEM2SmtYWlVFSUVhZWhoQTBjTjVTLTREUXQ4dVVEQ1otc09PSTFlVUZTalhEYTdPMFh3YTNB0gHSAUFVX3lxTE9KYXRQTGhxTnlHdmZvQVN2cnBTNmUwd0JQbFprVG9BOXI1UW5IX3ZzSUhTcldqUGpQeXNQeGZoM3Q3Yy1UYnpyRTNvY0FxYUdTd2RaVTMyby10cWVNZ1Zqd29sNTBKektsZlNkN3dYVDZwRjRxRUk2R3MyUndmNW1tNTBBZFNpUG9MQml6bDU5V1VxdWhpZmNKV0VDSWxoVVJHNmgweTFDTVk5eUxlZG1sZlI0V1g1dEFRZjdVRlgyN0NSZTdBZVpYRTE0X2VsemlwUQ?oc=5,Orlando Magic to host community and fan events before tip-off of Game 6  WFTV,
2026-08-24,event,community,"28 Best Things to Do in Altamonte Springs, FL with Kids: A Family-Friendly Guide to a Beloved Orlando Neighborhood - Mommy Poppins",Mommy Poppins,"Sun, 19 Jul 2026 07:00:00 GMT",Orlando,https://news.google.com/rss/articles/CBMisAFBVV95cUxPSzBzOGFhdkhLZDdrdms2aWhneXJ0bmNpZHl5RmEwSWp3WUFqUW52NTFySHFjOHdnYndiNDE5LTA2Rmo5X2FkNExweXV5QmJPNGdHQlJJYXA4RmdkT3Zyd2ZBUm1UcTJvNjFKcUczMS1BWEFxNGhSV05TZk4wdm9MQnJyR3VHaXVjWFYwNGMxczVYTVNDVkl6a1AtRXFiTHdhX2ZGWlYyU1MwcERlU2pRag?oc=5,"28 Best Things to Do in Altamonte Springs, FL with Kids: A Family-Friendly Guide to a Beloved Orlando Neighborhood  Mommy Poppins",
2026-08-24,event,holiday_activation,Orlando Event Calendar For December 2025 - Orlando Magazine,Orlando Magazine,"Mon, 01 Dec 2025 08:00:00 GMT",Orlando,https://news.google.com/rss/articles/CBMifkFVX3lxTE5hVUFvX0E0ZXF3UlIyZF84a21LSV95QWpyclJLczY5dzFrekNDMGtWVGNKY25ZdzlGOVdxV3FEaHZiQlFFRWpmVUZrRVo5NDVtbWMyYnRlVFNQZnp4dm9fY1VpTzNPOTdraE9VNHFHcXJWalpMZmtta2ZfQ0R0QQ?oc=5,Orlando Event Calendar For December 2025  Orlando Magazine,
2026-08-24,event,holiday_activation,Disney World Announces New Holiday Hotel Discounts for 2026 - deeparrival.com,deeparrival.com,"Sat, 27 Jun 2026 07:00:00 GMT",Central Florida,https://news.google.com/rss/articles/CBMijwFBVV95cUxQNjFmOGdsQUdHOEltYmE1bDhleDdsek40aWpQOTl4M3pCTV83b1FTTnZvUUVBenlVLURIT0Zubk9wM3ZQUHdRU2JtbW9FeF9hUnl0Sk9fSmxvbFAydWkwMEczeVJzN1pkVERMUmptUHJPb2xxYWhlUFR5U200WmxCQTdlYklzal9BVVBwTHFuZw?oc=5,Disney World Announces New Holiday Hotel Discounts for 2026  deeparrival.com,
2026-08-24,event,holiday_activation,Orlando’s Dr. Phillips Center hosts Frontyard Holiday Festival - FOX 35 Orlando,FOX 35 Orlando,"Tue, 16 Dec 2025 08:00:00 GMT",Orlando,https://news.google.com/rss/articles/CBMiVEFVX3lxTE05SE40MGxLM2hsQ0dLY0VmMXkxdHVkYXZTT0hJVUZodE9SRE9kYnFCVlJPbFhxVmVxTUl2bmVleTV2eHV6SW5VTFZuS1oxbkM1NU84UNIBWkFVX3lxTE1wQUZmcGhhamV5SmtoeHNsTkZDdXFXWUMyMTVybGowemktaGw3Q25KZ2FwWTJyc25STlRseFNFMG16cWZfWGVGTVFMTmx3THdfeVBYdzc0S0NyQQ?oc=5,Orlando’s Dr. Phillips Center hosts Frontyard Holiday Festival  FOX 35 Orlando,
2026-08-24,event,holiday_activation,Disney teams up with IKEA for themed pop-up shops - ktla.com,ktla.com,"Thu, 04 Dec 2025 08:00:00 GMT",Central Florida,https://news.google.com/rss/articles/CBMiiwFBVV95cUxQT1l2M3VhQ2dVY2ZzNC03LV9uS1JmRFVvaEF0QVVsV2h3aG5nZzZOSmphUFdGOHRiRU9XNzBXX29EMWtIZTNlOHlwaU9GRWdYNFR2cVQwSWN4V2o5dUxzLXIxV1ZfSGFQRmtYaXM1Rmo1b2JTMTJlNDFaemswSkZZUGVMZWpGMDV3bVlj0gGQAUFVX3lxTE9hc0s4bzJZcVdxR1Z0cGZXZkIwUDdSdkNYWUlWaWRCMG9rTmZqU3FpN2h4SHQwX3RaSWR2WUFXaldTTUpPbmY0bGpCN2N2c1gtQVNmb1pwS2ZKVXNjMkhTQmFwbVh1QnE4Q29kYzdnWXowOGFOUnBJSVlPNWdJM3ItS2U4d1doOTJoVHQxRHYwdw?oc=5,Disney teams up with IKEA for themed pop-up shops  ktla.com,
2026-08-24,business_signal,influencer_campaign,The Cast of On Brand with Jimmy Fallon Has Been Revealed: See the Full List - NBC TV Network,NBC TV Network,"Tue, 09 Sep 2025 07:00:00 GMT",Central Florida,https://news.google.com/rss/articles/CBMigwFBVV95cUxOTXBwVlRDUWlmdHVXVXIySVNLSFE2TFNLcWlWcGt6Q0lTSVZSdU9ZWVkySDM2MFIxd2E4SUVSSmhScWtNSEphQ000NmQ1bVU2RU9GSDVXTC05bkk3TE1KRGxhV0NJNzNNc3BDOVBGREFZOTVnbUZyWlViSkU4cHFnMWZrdw?oc=5,The Cast of On Brand with Jimmy Fallon Has Been Revealed: See the Full List  NBC TV Network,
2026-08-24,business_signal,new_location,"Publix plans new Apopka store, major rebuilds of 2 Central Florida locations - The Business Journals",The Business Journals,"Fri, 21 Aug 2026 15:00:00 GMT",Central Florida,https://news.google.com/rss/articles/CBMipwFBVV95cUxNVHVOcFI0U0ZQSWViSTFoRFk4eVdYakJOWUtxa3IyR1FRRzJYc25sZktyUXNKN3dtQWJjNVh6d2J0cGhLTWNnYnNQVmlwdHR5VTFKS1FyNzRRU2tXX0ZrX05wM0k3T3huYTlTaUxkMzR4dXpTaGRqTWZFTnlFOXY2YVlTZzRkY3l5Nmd3bDEyWTh6OEdPR1lNbVB5bXY4NmZfcE9TS2IyNA?oc=5,"Publix plans new Apopka store, major rebuilds of 2 Central Florida locations  The Business Journals",
2026-08-24,business_signal,new_location,Shake Shack opening 11 new locations in these states in August - USA Today,USA Today,"Thu, 13 Aug 2026 07:00:00 GMT",Central Florida,https://news.google.com/rss/articles/CBMipAFBVV95cUxPUzJlUXBJSkhwdHRxeENlbTkxenppZFQ4SEI5NURGcUgxVW1ONVQ5RjlvNjZCWUg4cEhZRDhqVEpQUGg3N1JETF9RNTJOaTJrY0ltb3ZQekxzTWhqZEgyRW1ydlZONGk3R1A2SUFkUC1FbDdJMFpTQXpPTEhraGNTQmprLW1qQkNrS1JFdHhrZlBIVVplUnNCVmliLWc4TU9vWGZsWQ?oc=5,Shake Shack opening 11 new locations in these states in August  USA Today,
2026-08-24,business_signal,new_location,Orlando Welcomes New Chick-fil-A Restaurant - Chick-fil-A,Chick-fil-A,"Thu, 23 Jul 2026 07:00:00 GMT",Orlando,https://news.google.com/rss/articles/CBMigwFBVV95cUxOcnB6QmNXdDg5MFpHYkJSeUFGQlVpSlBnRVR1WmtZMWxTZGlwU3lDYnM4dEZMaE1lOFg1VHUzTHdjVks5T1lQYl96VE5wbTgzM1JXdFd2LXFCYU9XQ0JZdVdqblRZRV92MHBiMzFwcGRMRWhXcWI2ajBXYm4tNlAwMUxBSQ?oc=5,Orlando Welcomes New Chick-fil-A Restaurant  Chick-fil-A,
2026-08-24,business_signal,new_location,Primark expands in Florida with new Vineland Premium Outlets location - WFTV,WFTV,"Wed, 19 Aug 2026 15:56:14 GMT",Central Florida,https://news.google.com/rss/articles/CBMixAFBVV95cUxNZ2RRd3hjd3R5VzAzSVg3dVhNazVqSEJkTUdQZVFFb1BjeW51am1hdHc3a21TSDJscWZ5MlByZVN3LTJIU0t6NkV6M0RGRkVsWjN4SHk4MWZ2MW43RDZCMENFclkwdTZsOHBfcmJiOUdHWnVUbzJaNnNYOTEyNjNLekxZZDNrOWhHMS1xZnhHY3BKa0VXX0FGVEFOVzlPMVR2YTNMQ2hMOEZBR2VMV0xnYTNGc2ZCT0R5RXN1dnpHd2FwRUtV0gHYAUFVX3lxTE9nMXFkR1dUT1RfTmk2X29IcEtVWjdkcTJYQUEwdmVjQm56Y21SMHdjRlNsa2tKVXlpc2VjOVJQb2w2TnFLNDFmSUF5MnFoSnYtdnY4TWNZWkZia3k3b3ZNeXRpYktXSU1HZzFsSThVQmcxRWp6UFpYQ25lOTRXX1RTNkZHNjNHUm5hVlVJenR4RTFYcTc5NWxaN1NQMHBoRi1hcnluTHEzUEk1RURJZTdOdi1wcy1vazdYSzlGUnZ5dHl5eHV6bTk5OVJxN3luYkxIb1JwRnhTeQ?oc=5,Primark expands in Florida with new Vineland Premium Outlets location  WFTV,
2026-08-24,business_signal,new_location,Earn Your Stripes Expands to Orlando with New Baldwin Park Franchise - Club Solutions Magazine,Club Solutions Magazine,"Mon, 10 Aug 2026 19:56:36 GMT",Orlando,https://news.google.com/rss/articles/CBMisAFBVV95cUxQRWtNSTNSckxGdU01VUptR20wQ2lYQmt4Y1RzRkVFRjNqSElJWWxwSjNDNllSbWJNZkEzc0NYQmNrMzZKVlBUa2VFUTdwNDZNdHo3c2xxM3p1a2RYWUN3ZThMazhEbG5PN2JBajJyMzFUcE1FajVFVVhIVTExY0xuWVZaOGJiR1MxcHlULXlVYWhybERmWUNjS0doblg5WVN0cklLcDlxRFg5WlMxQnBIUg?oc=5,Earn Your Stripes Expands to Orlando with New Baldwin Park Franchise  Club Solutions Magazine,
2026-08-24,business_signal,product_launch,Barron Trump-linked beverage brand launches first product with Florida-inspired twist - FOX 35 Orlando,FOX 35 Orlando,"Mon, 15 Jun 2026 07:00:00 GMT",Orlando,https://news.google.com/rss/articles/CBMitAFBVV95cUxQaEZ4NU5NM01FR1ZPUHhSZlBiYmhNREJLX3FFWWIxaHVZbDFkWm9HODlYZXlWN2oxOXVRenJJMERtR091V1lWU0ZvaUlscDJaSGhCdGtSZ0hpLVRwNFlwTEVFeDdmcVVNbnhiRTNGcmRJYzdjQ2ZldkhCSGlVNFV5WTBDRERFQ3hyd0hfSUV0UFNfcWUyU2U4MlZpRFh2U0hTWHJUWjB6TW9ySlBGLXROY1JpZ0o?oc=5,Barron Trump-linked beverage brand launches first product with Florida-inspired twist  FOX 35 Orlando,
2026-08-24,business_signal,product_launch,The Top 20 Kitchen & Bath Launches From KBIS/IBS 2026 - Modern Luxury,Modern Luxury,"Tue, 24 Feb 2026 08:00:00 GMT",Central Florida,https://news.google.com/rss/articles/CBMiaEFVX3lxTE1sUWhvRUcxY3ZlVEIxLUdET0VTdFZGbWpRaGhmNTR5dV8yQXluOTY1em5IdW10T3g1b2stR3FXdU44WnR5WU9NbEpIY05LT1FZN1FkaUtxd1pLSGxZOURIWUdzdUhHNnB2?oc=5,The Top 20 Kitchen & Bath Launches From KBIS/IBS 2026  Modern Luxury,
2026-08-24,business_signal,product_launch,Norton Motorcycles Launches New Product and Brand Resurgence - Motorcycle & Powersports News,Motorcycle & Powersports News,"Fri, 14 Nov 2025 08:00:00 GMT",Central Florida,https://news.google.com/rss/articles/CBMioAFBVV95cUxQU3dBTi0tWGhCeGtmcjBURFRWRElxYUhuR0s1bzRhaGJDYTdNM1k5TWlTcWNGZ0IwNWg4MWZ2cGt6OHZkemF6WEVPZVladVhnYm5NNmFQR1VBVWZ4Mk01dzRVWUREcEI4bzZKNlRsNUN6aFZrd1JsVFQ4Y2x0NWRSTEpINmg0WjM0QkVVT1Z3ZFhWUFpEMmxRTGpUTHFzLVV2?oc=5,Norton Motorcycles Launches New Product and Brand Resurgence  Motorcycle & Powersports News,
2026-08-24,business_signal,product_launch,"Air Products to Build, Own and Operate New Air Separation Unit in Florida - Air Products",Air Products,"Fri, 24 Apr 2026 07:00:00 GMT",Central Florida,https://news.google.com/rss/articles/CBMiwAFBVV95cUxQdDF6Njdubm1KZ00yLUhvTTBkeG0zTWtRVzJVU0d5SC1wbnhSSUdoMnJVQXpQTHpHemtwVkJJUkU4SGpGRFVPZlJpb3ZaQXlLZmVOak5oLWZYRWVGVENFdlA3NXdtaVZmVDQ4ODZicFdUcjBweHJ4SldZSE9zVkhleThCX0hlM1ItS3F2UVh1Rm8xbjR5dXZTOFJxQ0cxczNHdFo3QzdMNjltUE9aaUdDeEptbGZoQkdtd1hwNlBva1M?oc=5,"Air Products to Build, Own and Operate New Air Separation Unit in Florida  Air Products",
2026-08-24,business_signal,product_launch,Best places to view historic Artemis II launch from Florida's Space Coast - WESH,WESH,"Tue, 31 Mar 2026 07:00:00 GMT",Central Florida,https://news.google.com/rss/articles/CBMiowFBVV95cUxNeXV4SEkxR2QyQ3d3Qkl2eXRFU3RBTklWV01OQ2txUjVkNGdYQnZweGlTcnZicHk3LXVqeUNkQmFkYmEzMENFVVNDTmFrWFVNREU5YmFLR2ZPM3RHMU1yNEtlcWtTSTZLd2dDeE1laW5FWl9CVVRfMzRCQTcxTmhMMVFzQlhablB5aHVaUDhpM0w5UUhZeDcxSFlNTUFSWDFsbTM0?oc=5,Best places to view historic Artemis II launch from Florida's Space Coast  WESH,
2026-08-24,business_signal,product_launch,TSA Gold Plus launches to help public to private partnership - Spectrum News,Spectrum News,"Tue, 16 Jun 2026 07:00:00 GMT",Central Florida,https://news.google.com/rss/articles/CBMijAFBVV95cUxNb21DTW95SnEzTHBmYW0zZUd6SjNKSURBQmh0clJKZ2FFQVlfYlQtYjVpRzJKRld1UXUyRHZGU2dhWW1yWFVRNDliRHJLN3ZQd0ZuY285cE16TXMxWnJfMWRCVUVScTljVEg3bFl6UE1hVkIzdERvYlZkTmJrOWhvaG1UV19wbVBGOVdUcQ?oc=5,TSA Gold Plus launches to help public to private partnership  Spectrum News,
2026-08-24,business_signal,funding_opening,Kissimmee mayor seeks to shut ethics probe over city grants to her businesses - Orlando Sentinel,Orlando Sentinel,"Sun, 17 May 2026 07:00:00 GMT",Orlando,https://news.google.com/rss/articles/CBMivgFBVV95cUxOU1ZOOEtVclBTVEM1SjFVQ3JwVGtsbjBzUFVRWldrQ2VxM1czN2ZKZkRJRU43S2pvZXBCazZyVURxSFNvUFpoUGl2X1I1Q2ItbFg4WDVwYk1nWnduQXFIU1N0Sk42MDZsLWRYVWNyZWRUMnFEa0w5VG9mazl5N3FSTkxIT3BUeVM5eU9zR04xTnFhS2ZBekM0TlkwZmt4aFlkTFJMZzVrSHQ2NFhtYkMxV0hUZVFuckZpanZ6cXJn?oc=5,Kissimmee mayor seeks to shut ethics probe over city grants to her businesses  Orlando Sentinel,
2026-08-24,business_signal,funding_opening,UCF advances $60M Daytona Beach expansion with new state funding - The Business Journals,The Business Journals,"Thu, 23 Jul 2026 07:00:00 GMT",Daytona Beach,https://news.google.com/rss/articles/CBMikwFBVV95cUxNLXVhbm5lQVZiMlRsak9YTlV0bGtIRzBTUy1iLVBYWWU4bXg0X01JM0c3TF9PVGVlZWdxT2x0LTZScFpnQkZEY0VxUXNsejA1ekh4WnRqMzB0T051WjRmVXZmN2dMYjIzNF9POHNHVFh0dlpRWmxiTlZkamRDSDFpRG5LU1VGUXJITGprQXpmdUsyb1U?oc=5,UCF advances $60M Daytona Beach expansion with new state funding  The Business Journals,
2026-08-24,business_signal,funding_opening,Glazer Family Announces Small Business Fund Program - Tampa Bay Buccaneers,Tampa Bay Buccaneers,"Fri, 06 Dec 2024 08:00:00 GMT",Central Florida,https://news.google.com/rss/articles/CBMikgFBVV95cUxNaUVDalVSdF84NWpCTHM2UUszd1ZjdHZwV0NBQjN1bXdpTFE4cDJEMTU1RFVvTEhhU1BWRWdEVl9tMVZZdXZITHg3S0dWVUxPQlVHXzNJdDlvWS1aOW1aRVV3eGc1NWdHLVFpbFFRTUhfWWFDRFEtT01jMXNRV1U5b1BJMXJLR3hfSXlmMTEzSmFndw?oc=5,Glazer Family Announces Small Business Fund Program  Tampa Bay Buccaneers,
2026-08-24,business_signal,funding_opening,Florida Paints opens Eustis store - Leesburg Daily Commercial,Leesburg Daily Commercial,"Thu, 11 Jun 2026 07:00:00 GMT",Central Florida,https://news.google.com/rss/articles/CBMixwFBVV95cUxORU5aTzQzUTJGZ1B0LVA1ZDF1aFFwOUQ3Mm13NzdTUGFrQ2hwOVk5MGp0RUQwT2FnckZDNW03MnRfYWxZQmZaaVcxVnF2UDZzNERueVlKZHR0MzlDQW9EdGQ1c1Q0R2xWcGYtc3RjWkhiRzF0WVRtTm0zaWVWS2w2U1B6Z0dnMVNpeHBySHRWOFkzaW4yb1IyNW90YU1ZZFVPeW4xdWxqY01ya3BfWV95RXlERGpCNnBCTWRuVzVuZlgwMXZFdjNZ?oc=5,Florida Paints opens Eustis store  Leesburg Daily Commercial,
2026-08-24,business_signal,nonprofit_campaign,Mijente Announces Week of Action Against DHS Ads on Univision and Telemundo - The Latino Newsletter,The Latino Newsletter,"Mon, 08 Dec 2025 08:00:00 GMT",Central Florida,https://news.google.com/rss/articles/CBMif0FVX3lxTE1nVVJ5WkpNSXljNGlkT1dHQ21Xc1ZwaGxrWGFrd0FwUVhMeTNLOGMtWVpBVGotb0NiSDNySFdIeHdISW9jbnppM1J1SzhYWlZjdDAwNlhmVWdVbVRfMG9NVmRCdjhUQkJNRnBodjBXc2tuc0NUMUV0Yk1URzkyN00?oc=5,Mijente Announces Week of Action Against DHS Ads on Univision and Telemundo  The Latino Newsletter,
2026-08-24,business_signal,nonprofit_campaign,Florida’s race for governor is getting more crowded - Florida Phoenix,Florida Phoenix,"Mon, 03 Nov 2025 08:00:00 GMT",Central Florida,https://news.google.com/rss/articles/CBMikwFBVV95cUxPN3o3WTR3RHBRT0xUb1JJWnkwdHp5djB6WmpHQzhvVWtvNGRfTEtPUlBuZFZmYjJ4S1lRbHE3UTNZWTRKUE5uZVluUWpiS01ERXUyNktxcUh4TTJpSU9EYklTZUl2UFByeHNLYkEzZVVzN0lzblFfTEFzWFBmN0JlamtjMFdvaEtBQnpNU0VINHl1MFE?oc=5,Florida’s race for governor is getting more crowded  Florida Phoenix,
2026-08-24,business_signal,nonprofit_campaign,New initiative launches to encourage Muslim Americans to vote - The Center Square,The Center Square,"Tue, 04 Aug 2026 07:00:00 GMT",Central Florida,https://news.google.com/rss/articles/CBMilAFBVV95cUxPWE9JSXNjbXgyVWJFbFBTMDR2SFJaQkE2T2lYVGZRZTJ5aVJ2RXhTb0VoR3NETUp1S2M5R1NiaXNmNkNoVnJqNHgyZUMtTGVJUVBHUVRic2x4bmk0RHlWdGUxVjNPWVR3Sk9DYTFOVm45SnVUNkhNM29hQ1l6Q29aa1lwbnVIN1VBZWxrZHBNNVhjRURI0gGaAUFVX3lxTFBTMTJZUjFJb2NNNzZndHFtdUs0VGJZR1lIeUQxYnl2TDhDbnRMaEUzMHZ0UHNXeDZ4WjNqUGp0ak1EcEl5QnI3Q29jQ2tndVM2aXBBazR5Vk90WlhmTVlwNWJTREozdXVXUWJFVi1KaVZFXzNqU01Gb19MazZtTGttNTVfZEpFRG9zdDVzbVBUOTZpTmt0ZGV6Ync?oc=5,New initiative launches to encourage Muslim Americans to vote  The Center Square,
2026-08-24,business_signal,nonprofit_campaign,This campaign aims to boost Black nonprofit fundraising by convincing everyday donors of their power - WKMG,WKMG,"Fri, 21 Aug 2026 12:22:53 GMT",Central Florida,https://news.google.com/rss/articles/CBMi5AFBVV95cUxQYTNZYTdRMkRMMW1QLUJ4VEo2a0pTTEo1NHJaNDRDZGRub3Z0eGV5b0FfNmtudTlvQy12VS1yMlF4UkhnUGxsaVM0R3ZMcmJnTVJ1VHZnY2xQZHVEWUdhQnBDTmFBVVIzYmx1R2ZRY0dodVI5NzhjdllOelh4TGRzcDU2bmE4SVB0bWxBNzQxS0tnU3NwS3MwY2pQamdYNGJrVlI0OU5pUklHYTdXeHBuMmptcDJSUXNyZFg2ODRReVJRMTRaT2FkV2VDRjMySXN3emVCQkdZVFVPMG5rM2F6dkg2eUs?oc=5,This campaign aims to boost Black nonprofit fundraising by convincing everyday donors of their power  WKMG,
2026-08-24,business_signal,nonprofit_campaign,"Chuck E. Cheese Orlando (International Dr), FL AND THE TOY FOUNDATION CELEBRATE INTERNATIONAL DAY OF PLAY WITH FREE ADVENTURE ZONE ADMISSION, JUNE FUNDRAISER - Chuck E. Cheese",Chuck E. Cheese,"Mon, 08 Jun 2026 07:00:00 GMT",Orlando,https://news.google.com/rss/articles/CBMijwJBVV95cUxPdW9TSnd6TTB6bURDb3FNbC1rU0VpbkFIc2V0SGtSRzZDVFJSUWtjVlF4bnRqN3dNQnc3M3FhZ3NhQVVMX3dtcFkyQmJ0UF81YmJnamFhYlBmODFyNjVRb3dsMXl3NTdaZTlVOWJwcVQ4VkI2OE1rVk56N2szd051YV96UWNkU25MYlJLMVFmSDFqVUE1UUYya0JHclY0ck1xcEk4MDR6S2pjVnd0MmVtT3BKVUpHRjVsWlJGQ1ZSNHE5c2RjWVZBUUM2X1lUblBDRlJtaHlXZXFMRlBNTmF5bkx4dTNfMGcxdld0WVdNc0xZMXowMFdFNkJaN0tmVlBFNXB6Y1FlRlpncUNzWkRB?oc=5,"Chuck E. Cheese Orlando (International Dr), FL AND THE TOY FOUNDATION CELEBRATE INTERNATIONAL DAY OF PLAY WITH FREE ADVENTURE ZONE ADMISSION, JUNE FUNDRAISER  Chuck E. Cheese",
2026-08-24,business_signal,nonprofit_campaign,"Wine Quest | 30th annual, signature two-night fundraiser May 8 & 9 - WESH",WESH,"Wed, 06 May 2026 07:00:00 GMT",Central Florida,https://news.google.com/rss/articles/CBMingFBVV95cUxPZ2wzclZkRUVSY1kwZGIzdHpPeU5QZjV2WVJCQXJIU0NXYThiTlNmNTF2MnV0djdUNEl3TC1CemwtU3pnM0NaaFVQdThRemdZaDVFM2ktRG55Wmp1NHRNOEY5Ni1kazBjUG91RGdrNFJYbWRYNnRDdVJBVnJfZHZnYldYaXd0RHhuOTlZVUY4UmpId1ZRNDdXbkN4b1NMZw?oc=5,"Wine Quest | 30th annual, signature two-night fundraiser May 8 & 9  WESH",
2026-08-25,event,black_cultural,City of Orlando to showcase local talent at Black History Month event - WFTV,WFTV,"Tue, 10 Feb 2026 08:00:00 GMT",Orlando,https://news.google.com/rss/articles/CBMivAFBVV95cUxOc2VaNEFfUlhpVXE1ZEdNVnlGaHh2MW5tM3o5RUJZTy1ERWN6OFl4NUM0OHMwb1k5ZklxTVRnVXVKWUFZcXQ3d0ZGd3oza1ptc3p5M2k1RHB5dkpkVHU0SF9ZdXRjZzVkRDFKX1NlWDFuckk5MFIxeEFiQjJPN1k5LXppUEVfb1hJeUFDR3RqSEs2bkRpOVk4b2c2dTQxMXgxek1GbDJOVTBDYUt6NmJZSWZHWWUyNUtqeDVoUNIB0AFBVV95cUxPZFJWSlBUNV9TM1Vmc3Z5WUpGcjYxVy14blFPVXhrbUlaSlg2clI1alFDX3AtMGl2c3NjeTZsYXljdF81Q3dYOVhvdFZYTFlZemd5dTBqWjhla3JmN1lwdkMwOFZ6bmpKZWF1YWxaV2JBWkk4Sjlyd2hEdUdOeHA1U3BWNjBRY29nZ1VOV0dlWVFYRENUTzJVWldXVTBUeTZVM0Z4Q0JCSUozN2RfTS1CQXk1d3o0ZXlCR0NsRWhaTjY4WmlmdFhkRlpEVS1SSUlF?oc=5,City of Orlando to showcase local talent at Black History Month event  WFTV,
2026-08-25,event,black_cultural,Magic celebrate Black History Month with volunteer work throughout Orlando - Orlando Sentinel,Orlando Sentinel,"Thu, 19 Feb 2026 08:00:00 GMT",Orlando,https://news.google.com/rss/articles/CBMi1gFBVV95cUxQVE9EUWJqMm5jZ3I0bmNpb0VKeDYxX0k4SGhiTVJDdDVuUzdTa1N6UHF4LVRteWxPNnZRTnhObWdEWVN2cFhvZHh6RllmdlFwNFNXV0h0UW1rNkRnLVRmQjE1UHloanJYcnJGVUsySnVCdEdpclFPYmtIRV9jd2lORFNLZTZVMTVUdUkzRExEeWt1RHpPbkh5enFlaHFiOFJDdFRSNjB4QUloMHVvbmY2d19WNE9SR25FT0loNlZteFdjaEgtaWdSbFdlWWNnaHYzdnVfMGJR?oc=5,Magic celebrate Black History Month with volunteer work throughout Orlando  Orlando Sentinel,
2026-08-25,event,black_cultural,Tri-C JazzFest’s new leader takes event in exciting directions - thelandcle.org,thelandcle.org,"Wed, 24 Jun 2026 07:00:00 GMT",Central Florida,https://news.google.com/rss/articles/CBMimAFBVV95cUxNS3NGbElDUi0ySXhYOG5PTW55Wkc4Wmo2S08wMmNkVFpncnRuMlM2ZlBCU3F3dWFlbVl5V2xoRGNQQlB5dlZNSTUwOXA4UmV6aHNpS3JKS2puWmYwTFhOYmxUUklZWHBIczNvMUgwZzczaVJwWXBJTkdDU3prZlQyVW5ZdGlvQWxVRi0yd000dGNHYmZIam56Ng?oc=5,Tri-C JazzFest’s new leader takes event in exciting directions  thelandcle.org,
2026-08-25,event,black_cultural,Join the Festivities: Orange County’s 2026 Juneteenth Celebration - OCFL Newsroom,OCFL Newsroom,"Wed, 17 Jun 2026 07:00:00 GMT",Central Florida,https://news.google.com/rss/articles/CBMiygFBVV95cUxNSFpIa1VhVnYzeW1nTXhDMnA3YWZYMGkyZUdtd1JGMWJjd0dMWFUtUmtiUGUtWXEyUHU0UHNvbGRwTVkzeEJOVWJnazkyd25XOHMzaHJkZFVweVRXODdBS1hDSjdwVGE1YW16dWZudWR0RS1uZGRtSUYzNmpIbVRnM0Q3MkpPejVJNWJPUnhOWEI2NUtmanZ3ODJiQXNfNHZ5THFMdHlyX0lQZlZUMXpsTk4xUXpLcmx5TVNSWUxTd2xUbktCUjBra2pR?oc=5,Join the Festivities: Orange County’s 2026 Juneteenth Celebration  OCFL Newsroom,
2026-08-25,event,womens,Florida women's basketball releases 2026-27 non-conference schedule - Gainesville Sun,Gainesville Sun,"Mon, 03 Aug 2026 07:00:00 GMT",Central Florida,https://news.google.com/rss/articles/CBMi_gFBVV95cUxNeVZtanI3M0I3N0c1c2w2WDBNX3d1RlBVcUJwVnhwcGM2N3lvLW41NGxOdFpRSF80eU12UjhwdW9Yc1lGVEg4Wm5qNGFKOUl0elhfTUljQ1h2bHU3MUNBdWVJei1MczM5TnJDQVotUy1lN1Uta09yTE5YWjlzenV3cEE5eXRRVDZVaVU1SnQwV1RTcDFFekFMQWtYdnNxaVNBSzRiLXJvLUJkaTJPcGg3R2FzXy1Hb0ZpUzlkN3dSMDZLbVhfMU1Ka3pVN3dnSjNvbUh6eXdnYmI4RUlLcGx1QkVsQzNQaTVxYXNCMnRoWE9BUUh3b0Q5emtOcGU4Zw?oc=5,Florida women's basketball releases 2026-27 non-conference schedule  Gainesville Sun,
2026-08-25,event,womens,SCSU Men’s Tennis Face Central Florida In Opening Round of NCAA Tennis Championship - Mid-Eastern Athletic Conference,Mid-Eastern Athletic Conference,"Wed, 29 Apr 2026 07:00:00 GMT",Central Florida,https://news.google.com/rss/articles/CBMiwwFBVV95cUxPMjFRYzdreUJwSE5yZGI4emRrbU5MU0VUTWhqQ1F6S2NTRUhtNnMtOVNnbllRdFZybHZjU3NqYVp4RGVqN3VWRExabWluQ1NsNTBtcnUxc0xnVUZrZjZxd2N0cDFSTGJqRFlKWEQwei1fRlpTR3RfNnhwOWkzbko1LWQzTkZuZ29fM0twX1lTakY1NmNFSGRrZ2F2aU5FWEU4NlVka2dfY0I5X185d2ZyRlcyUW1fZ0QtRjNpNUFwbWVaSVU?oc=5,SCSU Men’s Tennis Face Central Florida In Opening Round of NCAA Tennis Championship  Mid-Eastern Athletic Conference,
2026-08-25,event,womens,2026 BIG EAST Swim & Dive Championships Begin Wednesday - Big East Conference,Big East Conference,"Tue, 17 Feb 2026 08:00:00 GMT",Central Florida,https://news.google.com/rss/articles/CBMiuAFBVV95cUxORjM5RUtQQVQtU3FoSTJnRjdCWTN1OXdyV3M5SlBCTHNUVUtYZUM0a2N1ekZMdENEOE0zdC1GTjNEREF0WV9NNjNFdU9PX00wZ1Y2TUFuV1d3dDItZThzbWZfSnJHeGNoU3RNZFFpQ0dWY1Bla1VXdjVrcjdQa0g5SzdQUEtzd3NJd25WaV9hdm5oRy1oR0ZPXzVGMEx5bVM5Q0tIYTItcnhMMlp4YkFmMTlxdFd0ekVB?oc=5,2026 BIG EAST Swim & Dive Championships Begin Wednesday  Big East Conference,
2026-08-25,event,womens,The Top 15 Accounting Conferences to Attend in 2026 - Intuit,Intuit,"Fri, 17 Jul 2026 07:00:00 GMT",Central Florida,https://news.google.com/rss/articles/CBMilwFBVV95cUxQaWlzd1hOakxFYzcxR1AzUnJ0bFhESkJMS3N0OEdwWEtQU2RPendyVGVwejd5Y2d2S0lJQ1BLRXk4SGtrYWt2eWhXOUlKVWxYWFVEZk5SbERaS2xtS2NrWUVwUUJCcG53SmMwQkN5eno5LW1ELWRNM3JZamxlSkpkdVRaQTU3UmxRNjVPTS1pWkk5Q1RPTWJN?oc=5,The Top 15 Accounting Conferences to Attend in 2026  Intuit,
2026-08-25,event,creator,Magical Dining launches at Arnold Palmer Hospital to support nonprofits - WDBO,WDBO,"Mon, 24 Aug 2026 01:14:00 GMT",Central Florida,https://news.google.com/rss/articles/CBMiwwFBVV95cUxOX1RUSFZQWk10T1Nzd1VzcERHTG1UU0JlVzQxWDI5aGxra3RrWHAzNlF0NmNtazRnSEQ5OVMzcW9Ec2Jub3dxQjRDRzBVdHJpLUZIU2xhQURFUURQZURoU3RtOEVOMHpXQzI3NXA2R2JfMUMwMkpaVHhiWXNhaHVxSXRyak5rVWk1bjd6eVIxZ2VaN1M4VjA4ZDdVZi1mUjdHYnZDbFJtR2d4Skk3eERFMHhqS2l0S3VmRmlTWU9kejd1TFnSAdcBQVVfeXFMTXdaTjRxeTFfWXIySm83RDRHdXRvNXJqc0NyajZzb3hxRGxpVm1aQkc0NlBvZl9UZ1UzNWlKQU43V3JXUFZvU0V5b3ZnSUNqS2FqbEwwMEsweWRvRWQ1QkhuaDBJSXFQaTdkSE1KakpEcnZXbzhxcTVjWG9wVGtZc2d4bGhYMEgySXFsQ2k4VmpHVGwwcmtFZ19Xc0d5U0dGZWFtc2hzSWpyZGsySjdmREl2WVpXc1BJV050NFdxWEtJcTBRNTkwUS12dVNPb01WV192SFVYOVk?oc=5,Magical Dining launches at Arnold Palmer Hospital to support nonprofits  WDBO,bill@cfarley.com
2026-08-25,event,creator,Sunday: Christ Church of Orlando to host back-to-school giveaway event - WFTV,WFTV,"Mon, 20 Jul 2026 07:00:00 GMT",Orlando,https://news.google.com/rss/articles/CBMiqwFBVV95cUxNWGpTeXNMM3htMHNONllyaV9RelZOb0V4MmR2ZjhzSWVySTFkbk9mY0dzdTMwc0RocjIxeUEzdmhRcDY4ZVhuN052WmpNNXc0Z2FyZ29zRE52QXFuOURsRDlCZXlJVVhLdHVuWjdjVzZIdUs2UkxkSnJBQWtxcms2VXRfZGZteXlFZ1JWR1EwM1BMX2RscDlCb3RPdS1IUEZoeG1Bbnp5UkVTLVnSAb8BQVVfeXFMT0ZiS0tGeS1udnhqbnpYVXRwVGh6YW1keWEyZDZEMUNMSGozekhZbE1KQWNrYjh6Z2J2UEN3a0x4SkdQV1JBS1JZbjFyUzJWcFpDMnhnV2dSc1o0VEdDZzdaWTVFU1U3TFJieFFxOEhMOFZBSHlCZVlJSXR3ZS1icmtXQmtDZVlhMzFSaW1ZT2FDazloajNOTWJmRU1qZmJLQy13cnZJTlFValN6aEdqQVFWSHBCZlNBUG82Q3l4bUk?oc=5,Sunday: Christ Church of Orlando to host back-to-school giveaway event  WFTV,
2026-08-25,event,creator,Meta defends its child safety efforts but critics say the social media giant falls short - WKMG,WKMG,"Thu, 20 Aug 2026 14:18:03 GMT",Central Florida,https://news.google.com/rss/articles/CBMi1AFBVV95cUxPYU4tRUpVT1BWRFFkcjB6elZwTlZfU1g5UmpjMkUzVjg3cjZqUGJzQzFQMnBxaktKRktzYmRpa01QOTkzSkVaOE0welJSa1JzWGhfeVpsZElaNDFHa191VFZZX2Z5azR1eEFENjdJTVRFRTg3SHpqaXpJQWpHNEE3WWNfS2lOQnV1MkNiR0d2OHJjYkRvNDdvcmhhSEMyY2huazdLWEVHaHVrT1BBQzVlTG1xQVAxWW94MDVXMFhPSWJieDhKZmI0Z3dHcDRkbzJBS2pBSw?oc=5,Meta defends its child safety efforts but critics say the social media giant falls short  WKMG,
2026-08-25,event,creator,How LeBron James to 76ers Impacts Orlando Magic - roundtable.io,roundtable.io,"Sat, 25 Jul 2026 07:00:00 GMT",Orlando,https://news.google.com/rss/articles/CBMimgFBVV95cUxOb1otUEI5Z2tCOTlydVpydmsxa0phWVdETEZiMlQwMzFJbWNRVGgxSVludWxmeERoQS1uWXo1WW1mU2FDaXFXMzVpaTB3alM5TmRUaEE1bmxlTklxYmUtVXdlbWpOZjl0dHVJQlNQV0VzTHpQOTlWLU11M2FLbm9TVHp4NlNJaVJkSW5Xd2xBa1ZDanNQZEdEYTJ3?oc=5,How LeBron James to 76ers Impacts Orlando Magic  roundtable.io,
2026-08-25,event,creator,"Southern Baptists pass a ban on women pastors again. This time, they hope it sticks. - Religion News Service",Religion News Service,"Wed, 10 Jun 2026 07:00:00 GMT",Central Florida,https://news.google.com/rss/articles/CBMiugFBVV95cUxQNmp5UTBVendtWVJWalJqV19XeTlYM0ZhN24xNk40ZUJ6Q3hTR1lQNkFRaThManhkeDZBUFhpNkh2UXY5aUJoaUJuSTNxazd5c0pQQ2pCLVJsVW5KWXNEMzcxRFRZS2xhTGhFTmUweS1nZVh6OEp4SGExcVJhUzBCQ2h2a1NURWhaQ2diMDYyTmo0RDBEZU9ONWhKN1BYRUlUV1hKSDN6ZmFuYlFOcXRKSXVPc3JzNFZ1d2c?oc=5,"Southern Baptists pass a ban on women pastors again. This time, they hope it sticks.  Religion News Service",
2026-08-25,event,nonprofit_programs,Sesame Workshop files lawsuit to end deal with SeaWorld - FOX 35 Orlando,FOX 35 Orlando,"Fri, 13 Mar 2026 07:00:00 GMT",Orlando,https://news.google.com/rss/articles/CBMickFVX3lxTE1wbHBNT2ZWMDE5ZGN2TnlDMzhqNFBXR2lNNERnbTQyVXQ2Mmlha1JsRk5ZN3ptNGZqUHB6Uk04Z2Z6QkFhUGlxTERrM3RIdEZXU1A1R3hJVUQ3VE8ycUp3SzViRlkxb0hNVXpReFFCeVNKd9IBd0FVX3lxTE9wMVVGVWN3VV9Ydk9Fd2tiUGFyamhIRmxPaVR1M3lDTEFYX0NiSkllWTM2MHVYVW1Zd2pJUENKT0Ewd28xY0lGVGU0bkY0WnhybXgxNU5jSnhxdXVXYnNMN0FSc2VBelJXYUpDSm1Ua2NodnppamVj?oc=5,Sesame Workshop files lawsuit to end deal with SeaWorld  FOX 35 Orlando,
2026-08-25,event,nonprofit_programs,"'Gone ﻿rogue': SeaWorld refused to pay Sesame Workshop millions of dollars in royalties, lawsuit says - WESH",WESH,"Fri, 13 Mar 2026 07:00:00 GMT",Central Florida,https://news.google.com/rss/articles/CBMiowFBVV95cUxNU3I3U1ZuQ1lMZ1Y2eVRYc0RKWC1EQ2FCQ0lRcUNtdWpoU0lwNUVxMUZQNUgzLUQwdHJnSjh5My15ZGJtZEttdmdWOE05UEczOE54UVB3VGVCTTl2Zk5uZnQ2NWNpMUxhNjItLWxOOGQ3RnVrZmlIODV0ZlB3UHI5dTAwX21faTRDb0Y0WVZUVXQ1MnoycE1jTnNlRTVlbnJ0WVQ4?oc=5,"'Gone ﻿rogue': SeaWorld refused to pay Sesame Workshop millions of dollars in royalties, lawsuit says  WESH",
2026-08-25,event,community,Orlando scraps Leu Gardens master plan after neighborhood concerns - FOX 35 Orlando,FOX 35 Orlando,"Tue, 25 Aug 2026 02:55:11 GMT",Orlando,https://news.google.com/rss/articles/CBMiZkFVX3lxTFBPRmVNWUNkRVgyNzJiZWRHV25rUVZHTjkyM2ZXYWVmSzNDVlBjVTBUdXdZeE1tOEl4bGx5VU9BOG1ldjF3UjVuc1BxSDY1TG1rdExSeGtKanIweEl6RmlyRnNvVGdIUdIBa0FVX3lxTE5lMlI4NzRaaXBSSDBwLUN2c2YxNUlaTnQwZWQ2WmItS1AyQWM0a21LeXZXb2hOeGlVclJseXd4TmZxbDFYUGNnWjRJZUZraUxSbjBfZDhwbGg5eFZwWkxLbTItUEVUYXhWT08w?oc=5,Orlando scraps Leu Gardens master plan after neighborhood concerns  FOX 35 Orlando,
2026-08-25,event,community,Orlando scraps Leu Gardens master plan after neighborhood concerns - Yahoo,Yahoo,"Tue, 25 Aug 2026 03:40:00 GMT",Orlando,https://news.google.com/rss/articles/CBMijAFBVV95cUxPUjFiV0Z5NEs1czVTM25MZUVIQkRyRElTX2JHYTVKNDBSa2l5Q0haY2d1UlJhRUdWT0VodGllUWFiOUg1RXFqZHNOcWJNX1N6VVo2VzZXZlEybEttcmZlbmtMbXJlcS1NbDljUE9yVEhka3c0bHRvUm1MZEJGbC1mdlN2YnVyb1d0bFBRLQ?oc=5,Orlando scraps Leu Gardens master plan after neighborhood concerns  Yahoo,
2026-08-25,event,community,"Orlando celebrates 407 Day with deals, community pride - WKMG",WKMG,"Tue, 07 Apr 2026 07:00:00 GMT",Orlando,https://news.google.com/rss/articles/CBMioAFBVV95cUxPdVVCMEdILVVteUNaZ2M5UUVRa3lzOVdzWGtONFZuZzdBblRFODg0WDhwb0tvQlYtV19sZXlZM085d05SeXF3M3dnWDd1S1JiN1YzNC1aeDJVZF9XbE45R2IxcUZfc0pPbVJPcGNILUlpSEp5d3F4dDRQVnFtRlpabVNja09lNEJmSFladF8tYzU4cHdoS1dTR1F3WDhPOGJK?oc=5,"Orlando celebrates 407 Day with deals, community pride  WKMG",
2026-08-25,business_signal,new_location,Bark Bus expands to Winter Garden - FOX 35 Orlando,FOX 35 Orlando,"Mon, 24 Aug 2026 17:05:20 GMT",Orlando,https://news.google.com/rss/articles/CBMiZkFVX3lxTE8xMWdKU2M2R3FZMXFLaTlfaUhnTmVaMmpRdlpibzQ1LWZtNGN4MUJ6eWJHSzlNc2ZYTWg3Tjd4NndMdnh4dmduMUNjeTlDdlhfcGxTa01jTXBCZnFCUU5PTTVvT3JFUdIBa0FVX3lxTE5LTERPQTUxM2gzVUlRT1hOUXloOTB3akp4aDNQaWJoUmdQLXRraVdjN3NjUXEyZlJySmZXQlY1MUVQM1llcFpDekZTSi1nNWtOTW1YM0dyT2dFcXNTU09aajF1QzlGLXBPLXow?oc=5,Bark Bus expands to Winter Garden  FOX 35 Orlando,
2026-08-25,business_signal,new_location,Sanford manufacturer opens $2.8M facility as demand drives expansion - The Business Journals,The Business Journals,"Mon, 24 Aug 2026 20:58:00 GMT",Sanford,https://news.google.com/rss/articles/CBMiqgFBVV95cUxNMVVGUkVDdThJRVhQcDZRVXdyaDFsSnE2UVBfeU5vUDZReGtQRHlqOHdsYVNnZHUxbmowczdmYkVLSXBwQmV4bUNfdFJaRTQ5T2J4VHFVTExoU1JRcEpQbEh6Sk9vYzhXb2Q4S1FuVUM0ak81QVViY25rcHNXYXQ3WnlZak43SVp1dHdoMXNhTG5YbVJlMzdNb3VTYVBITGxPRDladFB5WEU4UQ?oc=5,Sanford manufacturer opens $2.8M facility as demand drives expansion  The Business Journals,
2026-08-25,business_signal,new_location,"Orange task force votes down Convention Center expansion, baseball stadium - Orlando Sentinel",Orlando Sentinel,"Tue, 11 Aug 2026 07:00:00 GMT",Orlando,https://news.google.com/rss/articles/CBMiuAFBVV95cUxQTDZxOUl6VzUwdnBqZk5DcnhaYTV3NmdST0RGOWNGS2dsOVhJUVg1X3RpRFowYjRHVEdGVzJtVUxka3RfUksya2pPMk5rb0EzeGYyWmlxN1pWTExESklQak9Zb3pVUFRDbndwZXhMN3VsMmFYWlg4WjhSZ0Q1VmVRREtrX2xYbm5qb0drcE53RjRya01wVnRZME9TT0ZGeGdCcVdGM0lWVlFXMGlQSk1LZDRGdFU2TW5n?oc=5,"Orange task force votes down Convention Center expansion, baseball stadium  Orlando Sentinel",
2026-08-25,business_signal,product_launch,National Hurricane Center to issue new forecast cone graphics for 2026 hurricane season - NOAA (.gov),NOAA (.gov),"Tue, 24 Mar 2026 07:00:00 GMT",Central Florida,https://news.google.com/rss/articles/CBMivgFBVV95cUxOb2prYWNmWjA1dDdFdHJSTjhROW5ieV9nbmRhM1VUb3RPb1hneTFIQlMwenhiVVc3Ynppeng5TDJNTk5ibWtUdjVlcDNLZTRIZHg2Q2hPdE9OSmlUajRaUXlNSGJCdkpuYjVoYXp4Z2xycGJzWGVBNUJzZVRyS0ZKZVVoYzhYRUxSTzZ6LUE5blBHekFPOTI1WUpqZllSMmRvYTl0VmNIMmNUd29NX1F3VzY0UzRnS1lTTGlOc0tB?oc=5,National Hurricane Center to issue new forecast cone graphics for 2026 hurricane season  NOAA (.gov),
2026-08-25,business_signal,product_launch,Florida launches investigation into bread additive. Is your bread safe? - Tallahassee Democrat,Tallahassee Democrat,"Tue, 14 Jul 2026 07:00:00 GMT",Central Florida,https://news.google.com/rss/articles/CBMivwFBVV95cUxQWmJLSDlGckkySGhzNGFiQ01TNjVUQWFZSm81R2VmckxySFN1eTRDWGJkNGplYkNVWm05cHJ0N1NsdEgzWUFRQnN3WmFmdTV2YzNRbEQ2X014R18ycFNZdmlGTWRfTXJIMlB2WWQ1VjN2bHBjeDRfMVpvOE11UVMyT3RnaEpzMTB4TFU2dUt4RVR0Uy1QbWJFOTJjTEkzZU1oY3FjOVoxZXZGT210X1NrdHZlWGY2Z3NsUGJIbldJaw?oc=5,Florida launches investigation into bread additive. Is your bread safe?  Tallahassee Democrat,
2026-08-25,business_signal,funding_opening,Spectrum continues it’s Beyond the Build Tour in Seminole County - Florida Politics,Florida Politics,"Fri, 07 Aug 2026 07:00:00 GMT",Seminole County,https://news.google.com/rss/articles/CBMi0gFBVV95cUxNM1F4NG1GS3ZOaGpiZzZub1dJMXFUaVVjMUhUU3FaTEtLN2NBME1Sdkp1MktyVFg4TFdfSUVScngyODFRNHhEQVJ1WVpBMUpsMVFucXNmMzZGajB1dks5b21zWUZsV1MzeEdzUEtPWHV3dkI4VWtXTTZrSFZyZHFLNDFybFJZLTdBcGJYVmYzUXZqU2NBSkpqOUZ3NWNoTWRaOXhveUxqZFhNbG9qYjFEMmtMT0tZbTlRSUQ1WXBzVWNybWdFUjNLZzBsUUhlTFZCQWc?oc=5,Spectrum continues it’s Beyond the Build Tour in Seminole County  Florida Politics,
2026-08-25,business_signal,nonprofit_campaign,"As Nonprofit Budgets Surge for Summer, NONSENSE HUB Expands to Support Campaigns Including St. Jude - 24-7 Press Release Newswire",24-7 Press Release Newswire,"Tue, 14 Apr 2026 07:00:00 GMT",Central Florida,https://news.google.com/rss/articles/CBMi5gFBVV95cUxQLTJFWlllT1I4Vk0zcVpRSTJDNUdqdVNqVm5Vd2l6cGl5Ri0yZl9IS2tuSVNwYmdPa0d0Y2EtUFJaamtPLXp0ZnRFODhXRjdJZWsxSGZJUG41UDlPZEt0eFJ4SG1rdFNYMDNMa2dJTExHWHI5dDJFczE5TmpwYjdTdi15bzc4WG0zTFY5ZVhzOEtLb084akRtcTl6WjFLRmVCZWw1QTBaVEJ4VjVVZVpuZjl1enZRQ245dGg2ZGRnbWtlcjh1c2pMazZXSTlVNXpjV19Qc0QydHFPZDZJRS1QXzZQRDNTZw?oc=5,"As Nonprofit Budgets Surge for Summer, NONSENSE HUB Expands to Support Campaigns Including St. Jude  24-7 Press Release Newswire",
2026-08-25,business_signal,nonprofit_campaign,Bellevue Arts Museum sells downtown building as new owner launches $60 million campaign - The Business Journals,The Business Journals,"Mon, 18 May 2026 07:00:00 GMT",Central Florida,https://news.google.com/rss/articles/CBMipAFBVV95cUxQb2pvMXlpODktQ2RNRUFaYkpjSW9UbGVlOXJ0dDhkdmtRVmozTS1uSVlVX0ZYS2o0Q0Q2UDNXNXkwamJBeno0RGdTVnphaThycGxEMjRFUm9kWGc0NmZPbjd5Z1NOc2twU1BvVVVFRVdsanluTHdxYkwyMDJOczEwdzViNVdESkJpeEhzRkNROUhWRFZnNE1MX2pIcUNjWl9VUXFPeQ?oc=5,Bellevue Arts Museum sells downtown building as new owner launches $60 million campaign  The Business Journals,
2026-08-25,business_signal,nonprofit_campaign,"Nonprofit launches capital campaign, moves to first standalone HQ - Cincinnati Business Courier - The Business Journals",The Business Journals,"Wed, 22 Apr 2026 07:00:00 GMT",Central Florida,https://news.google.com/rss/articles/CBMirgFBVV95cUxObWM1Z256RG13a0tHZVRHUkgxcTdLUWFzdlZTR2FrSkJmN2tTRjA3cnVvMmpHbnc4cXZNVmc0LTROZ3ZJQ2VaV0hyY0RsQmEySUw3YjZTRWpkcHRlQWdsWW1KQTNXUno3M3pZWkdVZ1dqZXhfeklKVFh1X1ZQNWh6bnkyMzZqRHlOYVlvR1RCazZ4SXhveHJ2SzlGemRUa1FNMENBUkVjZ3lHYkRQNlE?oc=5,"Nonprofit launches capital campaign, moves to first standalone HQ - Cincinnati Business Courier  The Business Journals",
2026-08-25,business_signal,nonprofit_campaign,GOP quickly lashes out as Orlando Congresswoman Val Demings announces campaign for U.S. Senate - Florida Phoenix,Florida Phoenix,"Wed, 09 Jun 2021 07:00:00 GMT",Orlando,https://news.google.com/rss/articles/CBMizAFBVV95cUxQbk1aSWMzX29JY05kSVhscWJhNkdKcF9yWVhueE04V1pzRTdLamZsSXJJTjNGcUdETTlIVnV5Xzc4cFQ2Ym5jTlN1R1YxMGdkak8zb1M3ODV2UWwwa3hib0Ytc0VhUHZLRFZVM0NaSl9PNnpyWVd1a29FZEtEcGVJMmFyWEJtZktFcHpSdUZ2anF3NGNEaWVmbzhmZGZzTkFOR0NTcERrMjJ1dy1yQlRROU1mSjlYaDRMREFqRFlsY1MyTmdGSmU4eHJzSUU?oc=5,GOP quickly lashes out as Orlando Congresswoman Val Demings announces campaign for U.S. Senate  Florida Phoenix,
2026-08-26,event,womens,2026 NCAA Division I women's golf regional selections announced - NCAA.com,NCAA.com,"Wed, 29 Apr 2026 07:00:00 GMT",Central Florida,https://news.google.com/rss/articles/CBMiugFBVV95cUxORnU2YVFXUGpyekxmclVqczJLaTI3Q21lVUVlNkZ0WXZZSjRaV3d3amplaU5samdFcUg1X2N4dzdkRHM5cmhWY0Rtc1VpV0R5MlNSRWxqNElxN255dk5zZmhaYU52VkY3akpDTnI4V1JDQWFDSGxSN1phVFlCUGo2T2lfeVhOZENTcU1EQnEwVlRyNjNqX29LU3loZ3ZEWE5xNVlEZkk3M0FYbko3SHVFM2ZfYkExN0RkYUHSAb8BQVVfeXFMTjVtV2tnZDBUN0x4R2F4LUEzeTczRDliSWx2UGp1TExFMXpJUWdyXzhBY1BYLVhUQnJnLWozV3kxSm9teENraFFEOGk4R051VUxpNzRiSFFxdlRKN29jVVN2QWxVbzBCVWp2OGxCZGVfZzZBNXpXN3hBbjUwUlR0TmN4OG1YTnF1LVJzV1p2ZFliNmNEenptOFJGVnpodmU2enFFVEc0d2RNbGtJMlNSN1FoRHg0NXVrVEZZNjdZR2s?oc=5,2026 NCAA Division I women's golf regional selections announced  NCAA.com,
2026-08-26,event,womens,Big 12's 18-game scheduling matrix for men's and women's basketball - azcentral.com and The Arizona Republic,azcentral.com and The Arizona Republic,"Thu, 11 Jun 2026 07:00:00 GMT",Central Florida,https://news.google.com/rss/articles/CBMi0gFBVV95cUxNTjNEdXlrdldwTy0wUnBZeVUxWE56S0RKUzBDejBXT2JLcGtYNGF5UW5hRnZBVFkzWlIzcTAxbDZ3RGtTX1pVSjNDamdqSVM3ak1rX3U3S0hlcG5STEViYWJvczBOMExwbTVIZDFCOXJ4VDRqN01vQUtDSlF2LVJyVk9sQUFLdjdXcnhIVFlZYlpKV0lzV2dOR3JnTFQxRXU4UnVlRExrWVBkbHZEb0YzSXZ4ZFdyWlBjeF91Q1pZdVJFN2REU0ZUTk1EVC16cXFVanc?oc=5,Big 12's 18-game scheduling matrix for men's and women's basketball  azcentral.com and The Arizona Republic,
2026-08-26,event,womens,"Bay FC to Host Women’s Empowerment Night, Presented by Align Technology’s Invisalign® Brand, on Sunday, April 13 - Bay FC",Bay FC,"Sat, 04 Oct 2025 07:00:00 GMT",Central Florida,https://news.google.com/rss/articles/CBMi1wFBVV95cUxOM0tlTFI3VnZRb0d5VnBnUmZndTZyT1VTT1g0YktwVEhkMjBzYnNpX2x3XzBnMjNqM001QUw0MDRLMzk2NWd4Nkg3WTRnR0pkY0ROX0VMdmkwWVRBSHRfNXFPOWVtVDZmZUV4WndoWU5rS29IR3NhSU9CR1Nwd1BqQW9XemVxZmtGWEoxQ2lKU21rdkhienZhVENJNDIteUVlSGhyQ1k4ODBmdWU4WUsxWGVJRmVySTBYNjhJeG1FX1ZMb0hTcGhhd3VTaDlRZUo5S0JBa1JTdw?oc=5,"Bay FC to Host Women’s Empowerment Night, Presented by Align Technology’s Invisalign® Brand, on Sunday, April 13  Bay FC",
2026-08-26,event,creator,NBA teams dominate social media for 2026-27 schedule release - ABC7 Chicago,ABC7 Chicago,"Thu, 13 Aug 2026 07:00:00 GMT",Central Florida,https://news.google.com/rss/articles/CBMimwFBVV95cUxOcFJ1SDVUZ3VHN1hnOUVkN3lsaFBkcXJ4cWpSWjhwTlFJdU01SFJGWmdFUTMtbnZSU2ZBNnRoSGRzeWQ3R25IdGhfZF9xQlNUaEYwdmR6Z1dUajNfaUhndTBxQmwtVC1ERDRjUUVVWFhYUWdTYTJnd1ExRFF4dE5UOVRJenhMcmVvbVJyZWxHTXl5MVVDOXY2SGdtMA?oc=5,NBA teams dominate social media for 2026-27 schedule release  ABC7 Chicago,
2026-08-26,event,nonprofit_programs,Four Seasons Orlando Restaurant Ravello Joins Magical Dining 2026 - Nomad Lawyer,Nomad Lawyer,"Mon, 27 Jul 2026 07:00:00 GMT",Orlando,https://news.google.com/rss/articles/CBMijAFBVV95cUxOMGt0UnA3dDNHVUdNQW5EOVNoZDZETXhnbjhpNGsxNTc4TWpMZjFNWFZ6aFlRTHFyclk5cG13WURIbFRzLWxUNlFCajYzOVhZd0VEODJwbU5YcFhDSmJUMnlwNS12Z2RZOEl5MWxpM1VoUnIyUTRyZEZMcXp1NVMwNF9CV2lDY2poZW82eQ?oc=5,Four Seasons Orlando Restaurant Ravello Joins Magical Dining 2026  Nomad Lawyer,
2026-08-26,event,nonprofit_programs,DOJ sues SeaWorld over accessibility policy - Florida Politics,Florida Politics,"Thu, 26 Mar 2026 07:00:00 GMT",Central Florida,https://news.google.com/rss/articles/CBMikgFBVV95cUxQMkRJRFQ0YVpTZ0RGRDB3cVktbHlnUm5qUGJfQWgwQWp2VlMwV1RQZlBmcC1PbUM2b0hnWWZJR1pVVzZYMnVSYTFyc1JDaDZwRVpFZ3YxUGhqOE9aY1FGVEdHSVZHeVhjdVZrdGJzWkRZc3lmMjNXMExjaG9GYmxOSk1WNUlOTlJpc21OTlpaT0NBUQ?oc=5,DOJ sues SeaWorld over accessibility policy  Florida Politics,
2026-08-26,event,community,Orlando Main Streets host volunteer recruitment event - The Community Paper,The Community Paper,"Tue, 25 Aug 2026 13:32:19 GMT",Orlando,https://news.google.com/rss/articles/CBMinwFBVV95cUxNT0lZVEJqcnNDa1ZWVFY4ejRqdnJzMmotaDVpc3Z0OERNYjF1MzBpRTAtc0hXTVZPX3BPV0VuV1lOTWU3eTJraGZ6Wk0zMmVOZWtZVHIzbEJUVGRaNVZzTlFRUUNxSEp3NDFjdHoxcWhXQk9pa2Rqc3pza00yUU94bkFmNjNRUlJISDdMS1FVQVljVDNuaUh1Q25tbUpoLWs?oc=5,Orlando Main Streets host volunteer recruitment event  The Community Paper,
2026-08-26,event,community,Orlando scraps Leu Gardens master plan after neighborhood concerns - FOX 35 Orlando,FOX 35 Orlando,"Tue, 25 Aug 2026 03:40:12 GMT",Orlando,https://news.google.com/rss/articles/CBMiogFBVV95cUxNNmo5eUI1LWR2a0gtQklXSUhIYkdFY1FTcEt5aVRaZHhrOGEzQTJGWXpkV2NvQzRnVWY0enYxcWtzRXFNaDExTDlfWlRlMVRhU3drWWZCUmpodHB5MGtGYmdoSk9BRHBLYkkyamsxdk1GOWtjRmFLTWMxMjZRTVB4SmFiczl0QzZEZU1HX3NFVkRwOVZfdGFzdkNCZFlTSTJpNmfSAacBQVVfeXFMTkkxVU5tYm9nREJrMlpLUExyS3QzeDQ0OFJnTnJYZ1RhQS01RXF4V19Wd2VEWTdVN0xsY0xfTmZPZm5VQTlrU0dMaXFsTi1OdWsycFRlN3ZWay1kbnBXNmF0bk5YTWFYcVA5RjFCNVc4MjE5MVRib2dMOUNFRWdsTFoxa3ZEZ0ptamtWMHlpT0cwM0Z0a1g2RUFfNHNyQnZmVG1Qcm1Va1k?oc=5,Orlando scraps Leu Gardens master plan after neighborhood concerns  FOX 35 Orlando,
2026-08-26,event,community,Thousands of volunteers participate in Crossover Orlando outreach - WFTV,WFTV,"Wed, 10 Jun 2026 07:00:00 GMT",Orlando,https://news.google.com/rss/articles/CBMiuwFBVV95cUxOTVZoZnZPdmhERFNOLUowQTVDQXk1bjlJdjZrdWN4S0lHTGZ3OUd0bVAxOTc1ZVJiMmZ2VkV2QkZaNEtjOWRxTDNPbGRGVWdfSjY0bUVNQVR4ZkFlOGJmdjlDaUtjdnhpWlRVWWhscmdTYy1kUFBvU3I0SHMzNTY0MDhBSl9HdDRyS3hmUnQxd2puM3NuUFpQUWlzWWRGc1BrYWhGSExZcExZUEIydEVacndmclZBM1V0MktV0gHPAUFVX3lxTE5oVHVHT1h0WHZMLTZPU1lKeW14dUg4aXdRVGN5bE4tM01URnNkN0tkSUY1bWZERmU1MW5pMHZrNF9CSy1wUm9IZ0ZHcUI3QUkxNVVsSFM0NjVLSERvX0VvbG5KaHdXSnBEdXR5RTRJWU1sYk5HZ3hhNy11Yk9yZGN2Q2xSQkFveExGWHo2NmZfeHE1Tll1LUFBNVlJSmN3bi1RLTA1Tlp2WTk1NHhyU1pSV1BQek00WDRyYVFXRldLaFJoMjM0Q3pZZUlXN1VXRQ?oc=5,Thousands of volunteers participate in Crossover Orlando outreach  WFTV,
2026-08-26,event,holiday_activation,Let it snow! Dr. Phillips Center’s big holiday fest set for return - Orlando Sentinel,Orlando Sentinel,"Wed, 26 Aug 2026 09:04:14 GMT",Orlando,https://news.google.com/rss/articles/CBMingFBVV95cUxQSzl6UmdHZUtpT0NacExRcjRKWk9FVWtTelpKaUYxT096ZzdES2xOd1FvMFFkYWltWTJka1Z0b0xuSkN1Q05qc0ZUVnZxNHVxX1RHUFptaG9PNTFhTGZJTE9QWDZWa0lLeUY0cFNlYmxPM0N0ZU9QQkx0ZU51Tk9ia2NHZndKdjRROV9VVmVDTlRraDNhQjRnbzU1WlpUUQ?oc=5,Let it snow! Dr. Phillips Center’s big holiday fest set for return  Orlando Sentinel,
2026-08-26,event,holiday_activation,"Universal Orlando Announces 2026 Holiday Celebration, Featuring New Seasonal Experiences at Epic Universe - Inside Universal",Inside Universal,"Thu, 06 Aug 2026 18:46:41 GMT",Orlando,https://news.google.com/rss/articles/CBMi3gFBVV95cUxNTk42a3lpWGRFRnNPOXd3bmozdGoyN21fWDN1QlRLVGhCYWNqbDNvUlBDN3BXSVVZdkVsMGVfbzFpMGRDa3JyUUE4SW9GQy05bllObUxaNS1VdUZsWXFtSmVuTHd0WFZFd3lMZFlTbUxrMV9wdTBOclNZR043c3F3TjRFWVI5eHZYVXR1MXNULXBQenQwQkk2VWtfdk80Uk40cnd4VnFxTHVNTnVGWWJqVGd2SkpXMDktR1N5TUdZbENUVjJlaWluZWNwZE1JS05wYWNHcHN5Z1VMQl9xaXc?oc=5,"Universal Orlando Announces 2026 Holiday Celebration, Featuring New Seasonal Experiences at Epic Universe  Inside Universal",
2026-08-26,event,holiday_activation,Universal Orlando Resort Announces 2026 Holiday Celebration Dates - The Movie Blog,The Movie Blog,"Fri, 07 Aug 2026 07:00:00 GMT",Orlando,https://news.google.com/rss/articles/CBMipgFBVV95cUxONkNMNWc4SHNpUTYzTlNEM3dZVzF2WWVtQWxNN01iSzNwNTBaV1pKRzBsc2p4MEZoUUloeE5yUmNrLWJHdjlNR0hZd1FGeE9uR2wzNW5NLWk3YWhqdTgxTWJMMXdCU1R6OHdsMWJZUXBGMmhwWGZtRC1oN2pYNHBSdkFxTE1FZDN3NnVjNDFUMmgxTkVwdGxER0N1SVBLTmdIeEVIeEhn?oc=5,Universal Orlando Resort Announces 2026 Holiday Celebration Dates  The Movie Blog,
2026-08-26,event,holiday_activation,What’s Open in Orlando Today Christmas Day 2025? Fun and Easy Ideas - Orlando Date Night Guide,Orlando Date Night Guide,"Thu, 25 Dec 2025 08:00:00 GMT",Orlando,https://news.google.com/rss/articles/CBMihwFBVV95cUxOeUpXdnlVckRtRzFJVEdTMnVmS1AxVmxNOTdCWWJ6X0owV2gwOFBMTGVtWHVSN2dVSnYtVU92VG5GLWJtQU93R2FuczFxXzNjdlpOZXo5Um4xeTlLa29EMU9iRWJoN2hpUF9VSWE1Nm1BZnc5VVR4MlhTci1jd0dOQThwOGhkYkE?oc=5,What’s Open in Orlando Today Christmas Day 2025? Fun and Easy Ideas  Orlando Date Night Guide,
2026-08-26,event,holiday_activation,Christmas Dining Guide: Festive Feasts & Holiday Treats - Visit Orlando,Visit Orlando,"Tue, 11 Nov 2025 08:00:00 GMT",Orlando,https://news.google.com/rss/articles/CBMickFVX3lxTFBBbFNJdWNrdklXNWlvMC13ZVVuZDd6LTlPcWl6azhhc05nZ212cUNhVXJHYkJSdGZRSHRSXzRVNjA0cHhXNnl2NlJYNlYwb2F1WmJnNDBGN3lxbU9kZVJ6WEhCVk9nVXduTm93SEZ6WTF0dw?oc=5,Christmas Dining Guide: Festive Feasts & Holiday Treats  Visit Orlando,
2026-08-26,business_signal,new_location,4-Horn Trench & Shoring Opens New Orlando Branch - Rental Equipment Register,Rental Equipment Register,"Thu, 20 Aug 2026 10:07:21 GMT",Orlando,https://news.google.com/rss/articles/CBMisAFBVV95cUxQNnk0VzVMWWFrWTBheklzMmYyVHlnbzNBamU4RmdzWE5BMGs1S1FOSzZoUlgtQnZ6cjJUa1FYU3pZSkltOXNldk5fWVc4M0o1SGN3NHU2MU43WVR1bmF5cmFKUDQxTVM3R0tOS0ZXMGQ0MW4yM3JJcFNDNWpUN1U2SmEzeTVNbnk5RUZwc3RmMGNTaFMtNnVDYXZGYTBXb0pUNXprVUxJVnhtUjN6Uk9mNw?oc=5,4-Horn Trench & Shoring Opens New Orlando Branch  Rental Equipment Register,
2026-08-26,business_signal,new_location,Publix reveals the next new store opening in Central Florida - WKMG,WKMG,"Tue, 19 May 2026 07:00:00 GMT",Central Florida,https://news.google.com/rss/articles/CBMisgFBVV95cUxPbTdBcHNNRFluN0tXdlZIUVpfTjJYeV9kTHdWdFk4UXBhODBZeGZKNkxWakRHMFlTYTNmSGItTE8zWVh2Y1IzZGNPVnppMm9tQnN2bUUybldnMHNpUzJiUVFkdmJiYllRZzViLUlaaWhrWEN5Q1R6bXJFX0xoSk9yOUNfNUZvZFJDOHZPVUpFSVdfeTQxVlRfNFNSckFyQUdGbzBJMzN2cy12LTZBUTF2VU53?oc=5,Publix reveals the next new store opening in Central Florida  WKMG,
2026-08-26,business_signal,new_location,Orlando halts Leu Gardens expansion over Amendment 3 concerns - WESH,WESH,"Tue, 25 Aug 2026 02:25:00 GMT",Orlando,https://news.google.com/rss/articles/CBMimAFBVV95cUxOQW9JUnNUeFlIS01OclNSVHhCRmNTdmZYSVhycWMyZTIzUzUybGlld1NkczJtWHhBX3BlX0hYR242R3E2TUFYZS1qNHpZWlU2RVV4LUliSEczZU5oVEJwbWxxcFBubVhMMDBHczBLcGM5clc1NUlrSngwY1ZMUnYzek02dWxtcTM1aVJvU19IZEZtNXh4LUhINQ?oc=5,Orlando halts Leu Gardens expansion over Amendment 3 concerns  WESH,
2026-08-26,business_signal,product_launch,National Hurricane Center introducing new products for 2026 hurricane season - WCTV,WCTV,"Tue, 24 Mar 2026 07:00:00 GMT",Central Florida,https://news.google.com/rss/articles/CBMipwFBVV95cUxONU9hdTlGSUJrVnZEc1d3c1NnbERhNmRNZDVVZzUzVUsyWGoyZk9qMVMxVDdpbXZIRG50MDZDeXVDcVJtSjkxb3Z3UFItckRZTGRaSG94UzRJTk1KTkNma0Q0TVZFbmJZSDIyUGFDOXA2MUVhRUliak5FczZQV0JlaVFHRGx3UWc0NTdaLUg4eWxNS2FBNFNkeGRzRVdqN3N4bmN6UjJrZ9IBuwFBVV95cUxPUUg0QUVOZkJqRTlUcnF6SWwtblZtU1cyOURPb3dnRDJEcURjWXE0dmlSdnh4N3N3V2N1VlRCb2R5M0V2ZWlCdHZVYjJzOHgycThkaFlsbUxPMERnQ0lKa25zMVc2MjBlN2NiZ05kc2wtaE01NTc4MXVBNEFKb1VNOWtLNGN2cGxpM2tzRVpROFpiWVFOX3F4c2huZHBIZFRmbGw5MV9nOWx5ZzhPYmprNDFnV1NWWnNzR3lJ?oc=5,National Hurricane Center introducing new products for 2026 hurricane season  WCTV,
2026-08-26,business_signal,funding_opening,Special prosecutor urges articles of impeachment against Kissimmee mayor in ethics probe - Orlando Sentinel,Orlando Sentinel,"Thu, 23 Jul 2026 07:00:00 GMT",Orlando,https://news.google.com/rss/articles/CBMizAFBVV95cUxNUkZocHJSZG5tM0JoOHg4cXliU1Z2UkhWS2x4OGhNYkx6dHNMNEt6bE9vcWJJWkxMcjR6a1psOUVFMUNYbm5yQVEyRDgtTWVfZWdobTBpMEJwTlFBaDBlTkMyaXVreFdLOUdmZnVlb2JBT2xtNUMyY3hfMVVDRnd1ZUVWWnpzQ0hBQU8wa01rMXZScUxtUXNpbF9JY3FyWlhMSjR0THozaTA1eFBWX2YzajhFZjhnMUJXTTdyWDZ5Y1diY0dXYnBoWjNEYk0?oc=5,Special prosecutor urges articles of impeachment against Kissimmee mayor in ethics probe  Orlando Sentinel,
2026-08-26,business_signal,funding_opening,H Mart is now open in Orlando - Orlando Weekly,Orlando Weekly,"Thu, 25 Sep 2025 07:00:00 GMT",Orlando,https://news.google.com/rss/articles/CBMie0FVX3lxTE9EUHA1WWxvRkJVdUQ0Q2xFME1TbnJPZ1pZdW9zU0E0VzlzZ3ZDMk9hSUFGTGFFUThBbFhzX1d5Tmx0ZGVjSllxbHlPQnVwanZXVXhVbDhzTHJDZ2JZZnJtWDkwZnBIZ1VQX1hzWThkcUkzYlZUQ08zRmw1NA?oc=5,H Mart is now open in Orlando  Orlando Weekly,
2026-08-26,business_signal,nonprofit_campaign,Demings announces prostate cancer diagnosis and suspends campaign for governor - JaxToday,JaxToday,"Fri, 05 Jun 2026 07:00:00 GMT",Central Florida,https://news.google.com/rss/articles/CBMif0FVX3lxTE1GbElLOEoyMkNKaDlmWUlDRGpwUmpQTk15ZmZWRTBFT2o1RHNwNXBVUmx2Wm94X0RSSldRa3d1dUszMmlSZHhqc3hOZlBnT05zQ2tyclZVcVNDZGpRY1YtOHF2NktKQVJZMEZYb09hYXJzRklMN18tWHA3MFA4YWs?oc=5,Demings announces prostate cancer diagnosis and suspends campaign for governor  JaxToday,
2026-08-26,business_signal,nonprofit_campaign,Dr. Oz announces a 50-state audit of Medicaid program oversight - Orlando Sentinel,Orlando Sentinel,"Tue, 21 Apr 2026 07:00:00 GMT",Orlando,https://news.google.com/rss/articles/CBMiakFVX3lxTE9ERGpjUmxLdjlCSmlqVWp6aXVXU1hBMVRYZUtOS192T0ozYVBFTENhN3ZXYmRhVHBuUmRCRVJlWUkwd3p2TWN3ME1lMDNBSjlBV3lKVGt4bDZ6eUo5V1ZpTkV2MXRqVjJ5U2c?oc=5,Dr. Oz announces a 50-state audit of Medicaid program oversight  Orlando Sentinel,
2026-08-26,business_signal,nonprofit_campaign,Victory Cup Initiative opens applications for 2027 Storytelling Breakfast - WESH,WESH,"Tue, 25 Aug 2026 14:03:00 GMT",Central Florida,https://news.google.com/rss/articles/CBMiqgFBVV95cUxQN2k3QjRQSmw2UldqOTZ0T2JZM21nNEFhM2JuMHg1QVJxUVdQS1RuYjl0bnpDcjJib2hXUWJUVm9YM0VHb1Rzb1h1S2R0ZFFaMFRXaV91STdrN3BURVVfNnFfSVFEa3gxck1Zc1ctTDFSbG9OWlVzd2lzNUpSelZwV0hSSDc3OGpUMDM4Mm5fTVNGY01tUWx1cUwydmRJWTFTNE51Zy1iSXRSZw?oc=5,Victory Cup Initiative opens applications for 2027 Storytelling Breakfast  WESH,
2026-08-27,event,womens,Thousands Attend Gujarati Convention In Orlando Organized By FOGA USA - News India Times,News India Times,"Fri, 29 May 2026 07:00:00 GMT",Orlando,https://news.google.com/rss/articles/CBMingFBVV95cUxPZzZNaXlmTUdhVTRwbTZRWnIwZlBpV1FVMngzTVJjU2cyVXkyVmRUZkg1ODQ4dl9LbEpmNGF4VXJkd1h3LVNXbG05S1hXcDF4UC1RRDJhRml2SFpSc3A4bnhMWEFmYlcwRDJ6ckh3Uzc5eGNEZWdnZG5HMnNvbC1Bd1cxNHRPa01wM0VjcXJtNnpzZF9EUGhxVDBKVE95dw?oc=5,Thousands Attend Gujarati Convention In Orlando Organized By FOGA USA  News India Times,
2026-08-27,event,womens,"A Crown, A Mission, A Leader, Brittney Quarterman Wins Ms. Florida Corporate America 2026 - 24-7PressRelease.com",24-7PressRelease.com,"Wed, 11 Mar 2026 07:00:00 GMT",Central Florida,https://news.google.com/rss/articles/CBMi1gFBVV95cUxQYWdZZWZpc0RDOF9HejBaaHZxNjh3S1MxbkhhTDFsZmlweUxpcUJ6bERDTGE2Mk5IdHY3WjhHNlFkZWNweXJuMWNqUy1yMWVaby1lOHI0THBFb29LcWpsanhxa2JvTU5iQU0wWmRtTjA4RDVSZDNQcERuOE1EZ1hFaC1maHBKV0NlSl9sc1Z6MkQ1MFc2NU91UFVuaDdueEZlRkNYY0N4OTVKa0MwcW5rNWlES3V4MmQzWUNtVEVOWFpLOXM2VUxxTDNYTUJXR3FmUTFhNVBB?oc=5,"A Crown, A Mission, A Leader, Brittney Quarterman Wins Ms. Florida Corporate America 2026  24-7PressRelease.com",
2026-08-27,event,creator,Universal Orlando Just Added Even More to One of Summer’s Hottest Events - Inside the Magic,Inside the Magic,"Thu, 25 Jun 2026 07:00:00 GMT",Orlando,https://news.google.com/rss/articles/CBMisAFBVV95cUxOTFZkOG1YVHdYVF9IdVo4MEc3clJTdlExNFNEdDl3UjA1a0JtdkprWUdPclM4UDVUQk5OMmc3NV9CUnlSTGItcU1ReGd2Y01mWk81dDA4VlFjdVlLcFUwLU5BRVZjckFJeWNPNE0wSUtmQm9WNEEtbzZoQ0RVQW95d05QSGY3QnhhdUNGWXd2NjZlNWhfRjFFNXlaU09VdGVYVmgwdFd4U01ZNzhhOXFzdQ?oc=5,Universal Orlando Just Added Even More to One of Summer’s Hottest Events  Inside the Magic,
2026-08-27,event,creator,Orlando theme-park people make Blooloop’s powerful list - Orlando Sentinel,Orlando Sentinel,"Thu, 21 Nov 2024 08:00:00 GMT",Orlando,https://news.google.com/rss/articles/CBMitwFBVV95cUxQblhUemFiejJtV1hzcmlPeTR5QkQ2VTZnWVJ0cnI4MHVJSkhIT0trM2Z4TFNJSFlmQmFmX3pMaE01RDYyM3ZLUW5adnM5T0N0WklvaE5qMzNPRm9rRXZlTElhNnlqWHFBc2tQRFNIeWFUWEZ2Y0gzZjlTSWx3QWFHbDI1bHh5dXcwSjNEc3EyMXFmQkFBeW1pOVdKdWFsa0ltZm9IbHk4cjJYT2x1d2NqRDQ2aXM1RDQ?oc=5,Orlando theme-park people make Blooloop’s powerful list  Orlando Sentinel,
2026-08-27,event,creator,Florida rejects $17 billion Meta settlement over social media’s impact on children - FOX 35 Orlando,FOX 35 Orlando,"Wed, 26 Aug 2026 22:27:38 GMT",Orlando,https://news.google.com/rss/articles/CBMiZkFVX3lxTFBUVWFEY21KallxbkRXX1p6cUlsb2FRRHZ3eS03ZkJ4TVJaTGdpWlhlNjdYWWhnLXdCR0pQeEdUV0c5VVZnN2RGZG9KWU40Nm9CMnRYU0dRYWlHNG92eHpGVVVJeFdLZ9IBa0FVX3lxTE5RTmxVNFpuOEpkZFBldlplTURHUWpjd2tCS2hjMlRsUndPRHFiOERpTGFsNF9MS2t3RzdscldhdVBybFR4dXZJQ1dFWnF6ZTR6NUUzUXgyQ1RpLWZGcHpLSlg5MlJjalF1NDJJ?oc=5,Florida rejects $17 billion Meta settlement over social media’s impact on children  FOX 35 Orlando,
2026-08-27,event,creator,Florida attorney speaks in Orlando - WKMG,WKMG,"Tue, 17 Mar 2026 07:00:00 GMT",Orlando,https://news.google.com/rss/articles/CBMioAFBVV95cUxQM2V3cnNOZWoxMkVTRmRKT01aYW5NNjZoS2R4WE0wV3lCMHhiRF9td0V4cmlvRzlER05YeGpwenZvTUJVZ3BXSzlkZlNISUREeW83Q2IzRUMyeWpzN3MwaDBuUUVpQmtLUGd4SWI0aThEUzRCYk9GZHpxWmJIS1RoMXZLbWdkQ2VfdmhOYVdQaDhLQWxaWnFYekNqQ2RhQVJz?oc=5,Florida attorney speaks in Orlando  WKMG,
2026-08-27,event,nonprofit_programs,Climate Correction Conference calling for faster action and stronger leadership to combat global warming - WGCU,WGCU,"Mon, 09 Mar 2026 07:00:00 GMT",Central Florida,https://news.google.com/rss/articles/CBMi4gFBVV95cUxPSXpDUTZjWUMzUzdLLTFLUWJ2R3c0X0N2dWdFSmVQYjVjbjloM3FmeHVuaEpLa1VjSDRWNXZ2M0dCNGp6VTBkYkI5Q0h5VXdIcmRHRUszRGJZYnF4TXZCRFlkcHlKRHBmbmwxSGFPUFRyQXpjNzVHSGZLQjVvVlZPOUdJMl83SkhaOWNYU2VGTEFLT1VZMGRPSFljX09YcW5DS1BXNWlsOWhNM2lQZTZhcTVKUDQxMTFCdXJMTnpXVGpmaFR1WGctZTFVOHNLR0Z5Z3dLSVBSUlRJSzhic1BmRlNB?oc=5,Climate Correction Conference calling for faster action and stronger leadership to combat global warming  WGCU,
2026-08-27,event,community,Southern Fried Poetry Slam Brings Poets and Community to Orlando - Central Florida Public Media,Central Florida Public Media,"Fri, 12 Jun 2026 07:00:00 GMT",Orlando,https://news.google.com/rss/articles/CBMiogFBVV95cUxQQUJPaDJqTDQzaF9RMWhhMVF6U1RURTJqeVZCdmtjeGd5WTYySllDeFFXck1fM2tSMy1qYkpRSjdGRmFSeUh3SzZCc3RJekdfQi15ZG5RelFWbDRweUFQdkRnaGZ3bEY0RzN6a0VyaThoQVRZa1BWMzFYUGxHX1lKVjY3NTZkLTdQc0NTMlREZlR2SmZnRFVUd1RTYzdtc2FpdFE?oc=5,Southern Fried Poetry Slam Brings Poets and Community to Orlando  Central Florida Public Media,
2026-08-27,event,community,Orlando hosts Southern Fried Poetry Slam Festival - The Community Paper,The Community Paper,"Wed, 24 Jun 2026 07:00:00 GMT",Orlando,https://news.google.com/rss/articles/CBMimgFBVV95cUxPczFTNlFHYUxnWUdOdllHaVB4eFROaERVMnBhd1h1TkVVZ0ZUM2JMWjI0U2EwU2NJU2hVQ0dlV3hyQnBRMEo0SmFXdnBrM3RDU2ROTTRlSER4VEdvS1pYMTA2RXVzS0xySUxQNGY1WG1sWTFVOHF2QUI2OWxycXhvMnZNdXZsdV9la0ctLTlDd1NRQ3FjblVxb3lR?oc=5,Orlando hosts Southern Fried Poetry Slam Festival  The Community Paper,
2026-08-27,event,community,"Orlando Kite Festival taking STEM, the arts and community to new heights - WESH",WESH,"Wed, 08 Apr 2026 07:00:00 GMT",Orlando,https://news.google.com/rss/articles/CBMingFBVV95cUxOLU1aa1VSXzR5aUpoOTN0R3d4NkgwRE14VFd3UzF1MjRXQTZiTUpKX3hnNy1hTlMwYno5STFUNEExSTJ1cXpBNEc0QWxuV2VXSlppRDU1TURxR3luTGpXMjB0NEZYNDRsNVBzNjJEbXNUTmJjWlMyUjBiZmRfWDVqaEJUYWoyaWF2V3NtdjFzYXR3MFRvdzVGNzRSQkJ0Zw?oc=5,"Orlando Kite Festival taking STEM, the arts and community to new heights  WESH",
2026-08-27,event,holiday_activation,Dr. Phillips Center’s free holiday festival is returning again this year - Florida Politics,Florida Politics,"Wed, 26 Aug 2026 23:07:11 GMT",Central Florida,https://news.google.com/rss/articles/CBMitgFBVV95cUxPdVVqX0F5M2ljNm1sS0NYOEw1dTdjYXVGVF9UeVo3Um4yelJaOXM3X2JEQXhVY0hRdjA5c21GOFFkZ3pPT0pmNWxBOUtmYzNWNlpGSVRVcnJNZmpudDlFbVMxYW4zcHZoYzdYXzlMdjRObzY2MGpvSlBYTEN0SUlzMTktUWlkNmZaQldJYzhWS2ZIOHJwOFAyYWNxTlQ4N1BhWnFublF1MXUydURBSmExZEVLNDVxZw?oc=5,Dr. Phillips Center’s free holiday festival is returning again this year  Florida Politics,
2026-08-27,event,holiday_activation,Dr. Phillips Center’s free holiday festival returns in November - The Apopka Voice,The Apopka Voice,"Wed, 26 Aug 2026 23:51:44 GMT",Apopka,https://news.google.com/rss/articles/CBMipgFBVV95cUxNVU52T1pISTVCRzNmc0hMTEp2R1k2WWljb3BUZ2xEZE9waHF1ZXE2TEZxSUY1WUNMU0lYVVpiWkV4bE5SQ1VoOFZZVUJjWGRySnlNTnZSbEl3eEtrdHJvRnBCY09YV1JPc0VZZUszeDNsOFZjaHFGLTFUMDBXV2xoYVViLTVEZUktWDJiRE1PbWlRZWo3Y2REekNQTGpnNC1TVlFIN01n?oc=5,Dr. Phillips Center’s free holiday festival returns in November  The Apopka Voice,
2026-08-27,event,holiday_activation,Hallmark Plans First-Ever Walt Disney World Holiday Pop-Up Shop - InspireMore,InspireMore,"Tue, 11 Aug 2026 07:00:00 GMT",Central Florida,https://news.google.com/rss/articles/CBMilwFBVV95cUxNQ2Z0MEtNa21KMVZXc1NOeG1XdElMUlBjOWtNcmgyZ08xU01ScXR3aHh4NTBtTFZfSzBpM3dhcUo2TTZ0YjBsWUxwN0MySHBmdUk3V1U5NHpib2w0Y3FFSV85clN5THdtYktUVFFaakRPdC1tVHYwemxZVGhvVDBuV20xZGw4VC1fTUdlYWhtNFZYQlRXTDRr?oc=5,Hallmark Plans First-Ever Walt Disney World Holiday Pop-Up Shop  InspireMore,
2026-08-27,business_signal,influencer_campaign,IZEA Announces Q2 2026 Earnings Results Conference Call - GlobeNewswire,GlobeNewswire,"Tue, 04 Aug 2026 07:00:00 GMT",Central Florida,https://news.google.com/rss/articles/CBMixgFBVV95cUxNQ1R1WC1tVjNJbDJVaDcwa1h1ZUtWUTloY3hoUmpDZnlIenFTZ0JpeHptbm9EVmEwek1IRXdEb3pjVVFubWFaUHpsWjJkbVNTanc5NEtIZ3BzTXBxQWlrOXNLTV9qYkVHcmU5YXpBWkdtdlF4QjU4T2N0MEhyNVVmaVZMblRjSWZUd1RtUUxtVFlRVm1VUWNkYk5pTGZlZmZhcTlHVi1BTWFVRUVYam5ick8xS3pJLTJhbUFsejhPV1hBSEZTREE?oc=5,IZEA Announces Q2 2026 Earnings Results Conference Call  GlobeNewswire,
2026-08-27,business_signal,new_location,"Next new Florida Publix opening in September, what to expect - Florida Today",Florida Today,"Wed, 26 Aug 2026 19:02:00 GMT",Central Florida,https://news.google.com/rss/articles/CBMisgFBVV95cUxQdHFDdVVFMWJsaUxDcGZCSnJCUmlTbHFnejlCNDZQeEhyV1BtcnpNX085VEZZck5lYlhWNTVXbG1RMjA2Z2tJYnU5QmZyM0dEbi1iSjZLMjktaDhJX2RzazFoanpjQXFPcl94c1h0VVJLRDM1bTZVbjRuWFdEV3BsZGJEOHotRFM3dnFjMDd6YThHYWdhOFFfeDNjcTI3QTJVRUJ0bV9pYUxHY1BONzNhNlpB?oc=5,"Next new Florida Publix opening in September, what to expect  Florida Today",
2026-08-27,business_signal,new_location,"Downtown Orlando, Maitland libraries expand amid rising costs - Spectrum News 13",Spectrum News 13,"Wed, 26 Aug 2026 09:24:00 GMT",Orlando,https://news.google.com/rss/articles/CBMivgFBVV95cUxOODg3TkRHc3ExNFYtbGt6U2FNZnl2T1pHRGVBai1ENlVGNE1RRWpLMmVIMkxFa2Z0aGJ4aUMzcGdHMU1NQ09FMGlwMnJTMlVxVWxFRkpOQ1JrZnE0NzBFR3hKcjYtTk0xUGl5dWZ3cTBwU25jMm01UmdPb1IyNklnTGhCOFAtTl9XWXVaWUtpcHV1VVlFQ1N2RXNhdWNxQjBMRXRCQVMxb2hGWnRVRXJGU1UwT1A2cmYxQmRPS1pR?oc=5,"Downtown Orlando, Maitland libraries expand amid rising costs  Spectrum News 13",
2026-08-27,business_signal,product_launch,"Target to launch new beauty studio with 1,600 products in 600 stores - WFTV",WFTV,"Wed, 26 Aug 2026 13:27:37 GMT",Central Florida,https://news.google.com/rss/articles/CBMi0gFBVV95cUxPdjctbWZIZTduNmE4WTNPS0F5Yjc4YmFvNXJhVnllN0l3ZVEtQzRFZG9hX3hPQUJac0N2SFBJdDVOSkNRRFhWM09DNS05WWxtOVVTMXNnZ2ZfblhzRDg2VGJVNmZYd2p3NU5wNkllWXdadm1VV3NZLXlkTUllLTlTZ3M4OXhLcV80OE5vdFFObm9GZ2lsSjUzMWp1Zm05Y1lxMUNybXVYTzA4aWZxbUYwVmRVZEsxN1pSRW1yZUExNzMxbjVIT0I4a0ZZaThwc19UREHSAdIBQVVfeXFMT3Y3LW1mSGU3bjZhOFkzT0tBeWI3OGJhbzVyYVZ5ZTdJd2VRLUM0RWRvYV94T0FCWnNDdkhQSXQ1TkpDUURYVjNPQzUtOVlsbTlVUzFzZ2dmX25Yc0Q4NlRiVTZmWHdqdzVOcDZJZVl3WnZtVVdzWS15ZE1JZS05U2dzODl4S3FfNDhOb3RRTm5vRmdpbEo1MzFqdWZtOWNZcTFDcm11WE8wOGlmcW1GMFZkVWRLMTdaUkVtcmVBMTczMW41SE9COGtGWWk4cHNfVERB?oc=5,"Target to launch new beauty studio with 1,600 products in 600 stores  WFTV",
2026-08-27,business_signal,product_launch,"UCF Libraries Launches Digital Exploration Center, Expanding Opportunities for Research and Creative Production - University of Central Florida",University of Central Florida,"Mon, 23 Feb 2026 08:00:00 GMT",Central Florida,https://news.google.com/rss/articles/CBMi0gFBVV95cUxNcmhaNUlsazhsS2kzMDBsd0xuYjBJNy1zTHZ2eUlOM2FlbnhDamkySF9mb19LWXpsd25qczV6ZGNnMGVBLUpsSnM5ZFg0X1ByX05rRnpwbHhPakZjc3VlWG8zSENsa2plTkpuTC1vQXo5M21wNGlHOTk5MDUzaUJhTlQtVlNJN0RVeGx4YkRqSDJUVDhCeXNYMlpGMUpOY1BHY0NDQ2hLejdqMVoxaWNLb1VYaHFVcWRaNnhBWFdmd1pZY1VXWXBKRmVPSldCdlFRUlE?oc=5,"UCF Libraries Launches Digital Exploration Center, Expanding Opportunities for Research and Creative Production  University of Central Florida",
2026-08-27,business_signal,product_launch,PHOTOS: 'Jellyfish' effect spotted in Florida after launch - Spectrum News,Spectrum News,"Wed, 04 Mar 2026 08:00:00 GMT",Central Florida,https://news.google.com/rss/articles/CBMi0AFBVV95cUxPRGVIeFQxVUVfSlVHV0hZN0RLTVI5YVp2QkNRSmV5dzJOd1p3bUJVOC1UR1NjODVXRXU1MW5KNWowNU5JZWwzVGNiWi1feDNEaVRwdF9XY0hZR0I4Tm8xc0NYbVVXeHNUcUpLM3JOUEJTaVFxdlJ2UHM4ZXE0cGRnalhGUW9wckd4M2NJVE1fUVdJQW1icnRSWDg5OWx1RUdzMVJ1SHppeVFhVUtxcld6cUl4SmZzaTNiUVlFTUdWUVNZUTYwLVo0VTI2RklZaVY2?oc=5,PHOTOS: 'Jellyfish' effect spotted in Florida after launch  Spectrum News,
2026-08-27,business_signal,funding_opening,Small businesses impacted by governemnt shutdown - Spectrum News 13,Spectrum News 13,"Fri, 17 Oct 2025 07:00:00 GMT",Central Florida,https://news.google.com/rss/articles/CBMinAFBVV95cUxNSWU4VGVVbWU3UXhYR1hmQWc4dUoyRmQxSHhVNU9GRjFRS0MwbjBfOFBoVjBXdlFicGYzWEZEeEdsbXRwYVFTTFZZZV92X0xDZzNQZWpyX1ZtTWZWb3NxM2ZySl9CNC15UV9BYlRtZXRvRkFPV0JjeXhTTDV5c3BaTlhmZ3hzXzBZeHNnUXdpMXZCNkMtYWlUb2wwZHM?oc=5,Small businesses impacted by governemnt shutdown  Spectrum News 13,
2026-08-27,business_signal,funding_opening,Orlando moves to replace minority business program to comply with Trump administration - Orlando Weekly,Orlando Weekly,"Fri, 12 Dec 2025 08:00:00 GMT",Orlando,https://news.google.com/rss/articles/CBMivwFBVV95cUxQdHJTX0tvQWtzWmVTeHQ4czQ3bjVQYW1zY1RTaWh4RFpMdzREdUJwNEd3aTJOOW5nbXNPNGxQQWxqbUFieUJzckRsVk5xTllPWlMteVc4SWFUMXhVVmpkR2JiQUJRVXNhajJncFZSX0FmZ3g4RHlndVZfRHlfNXFmdzlneTdTdEZ3TnFBMTFGRWVDWVQ0WXoxdjJidDBidjA3bk1LWWJoNzJNQmpkQmdjbFVPNWVMMVFFYUpCSHh3cw?oc=5,Orlando moves to replace minority business program to comply with Trump administration  Orlando Weekly,
2026-08-27,business_signal,funding_opening,How to do business with the City of Orlando workshop - City of Orlando (.gov),City of Orlando (.gov),"Fri, 12 Jun 2026 15:25:57 GMT",Orlando,https://news.google.com/rss/articles/CBMiiwFBVV95cUxPN3M4WEJTbDJOeEhVazNTY1FrN0RWeU5SQS0xVjVsbFZrUnFhcTJlV3hWNVB5dmhPVlVZZ3QyRUpldXhuZW5NMjNDVEhJemhHMk5DUjFIUW9TVXU0WFd6WHhSeE5ZM3dVTWVpLU1NeVg3aDRmTTZZM0hYbkRUT2xhd1RmQ1VucEE0NkNB?oc=5,How to do business with the City of Orlando workshop  City of Orlando (.gov),
2026-08-27,business_signal,nonprofit_campaign,Youth nonprofit launches largest-ever fundraising campaign to elevate mental health care - The Business Journals,The Business Journals,"Mon, 24 Aug 2026 16:25:00 GMT",Central Florida,https://news.google.com/rss/articles/CBMimAFBVV95cUxQcG9HajhBSnJQTFBWcmpMUmx4YlI3UlNNZWl0cWtHX0s4d0h5ZHhtTVJkbEo5UElkQUQ3d1NEY09mYXgzU0x2RVRPNDJSRlBSaTNHSDB4VXRxLVEta0RSYVFoa1lzZkpMNnhrTzVMSFVzbzV5aGFjR3Vfa3NaclJ1Sms4dC1NTGF2NklzbnZpdkR3NG5SSnV0Sg?oc=5,Youth nonprofit launches largest-ever fundraising campaign to elevate mental health care  The Business Journals,
2026-08-27,business_signal,nonprofit_campaign,From 'The Hills' villain to LA mayoral contender: Spencer Pratt’s viral video-fueled campaign - WKMG,WKMG,"Wed, 13 May 2026 07:00:00 GMT",Central Florida,https://news.google.com/rss/articles/CBMi3AFBVV95cUxPSGdZVjAwdk5Id0pHLXJJcXI0Vk92NGtsMG8zOUJldUlXejd2b01VSXZFV3FZMVhJT1ZERlphbVVDR2FPVXRiMTJSVUhSbWU3MUdvN3JrempRbFM0MWVCM3JET1dhcWxFZjgyOW0zMUE1cW9hdkNTY3hQaU5oelByOS1XMnNIWnUtQkZWVUtqSms0WUhtUy16WmVWUzFkNHdwR2NORUZCNHNQM1hkMXJfUEZUNmd2MHR1U1lIYUh0WVhtcUJMMkNvSUJ0SUlMaTliTTQ4S0ZFMXhiUmUt?oc=5,From 'The Hills' villain to LA mayoral contender: Spencer Pratt’s viral video-fueled campaign  WKMG,
2026-08-28,event,black_cultural,Inaugural Afro Food Fest hits Orlando Festival Park next weekend - Orlando Sentinel,Orlando Sentinel,"Thu, 27 Aug 2026 13:02:09 GMT",Orlando,https://news.google.com/rss/articles/CBMimgFBVV95cUxQTC1uNDVjV3dKbmZUTlVTWFN3ejhfX0hfU2pOd0g5OVE1RVZUellaM3N4RmI2U0JhWkZGTlB0STlsWFVTaUJDS19LYnB4NmM0NWxiM0xidzdEN1FnRl9BcU9LTk1hUEFGSzc0ZEVrVG4tOE1uVGFuaFQ5RnlLMnRnWEF4MlI3NXNFbWRpRnNfVGFNclpJQUVQc1dn?oc=5,Inaugural Afro Food Fest hits Orlando Festival Park next weekend  Orlando Sentinel,
2026-08-28,event,womens,"WBCA announces teams for 2026 WBCA Showcase, a college women’s basketball event at Walt Disney World Resort - WBCA",WBCA,"Tue, 28 Jul 2026 07:00:00 GMT",Central Florida,https://news.google.com/rss/articles/CBMiU0FVX3lxTE9jWlVfRHdFT25GR0FjOGdvRFN6QnZEQkVpYmpxQi1YaHpDQ01ObDFsMkJ1N2h3Z0k5UTJ5WTdXcVRPRmxPU3gtWXJBelMtRmc0TkRJ?oc=5,"WBCA announces teams for 2026 WBCA Showcase, a college women’s basketball event at Walt Disney World Resort  WBCA",
2026-08-28,event,womens,"Women’s events, panel discussions, breakfasts and more await SBC26 attendees - The Christian Index",The Christian Index,"Tue, 19 May 2026 07:00:00 GMT",Central Florida,https://news.google.com/rss/articles/CBMitgFBVV95cUxNWjk1ZzFSaXA0YkFKVG40MkVBeTgxdGRmNkVPWVFoQmlsU3NLV2J2U1JCUk16djdkR2YzWVpNZ0c5U204aTBJU3NVZG16OGJIRFNJcVAwUzlBcE5hNm84NENUamNsWVZ0WVJ6ZGMzcGRJenZOMmxsOTR2NXpDUXJIR2xreGtXZnVlVWtfTktXTHV3bjF0b2ZUU0k0b01YUWJmUmtZVzk5QVY2R0YzUUo3UHoxOEdUQQ?oc=5,"Women’s events, panel discussions, breakfasts and more await SBC26 attendees  The Christian Index",
2026-08-28,event,womens,"UCF women's basketball will face Gators, Seminoles in Gabe Lazo's debut season - Daytona Beach News-Journal",Daytona Beach News-Journal,"Thu, 27 Aug 2026 18:47:00 GMT",Daytona Beach,https://news.google.com/rss/articles/CBMi1gFBVV95cUxQQzk5YkUxd1ptOWVOZkhxcklsZlBVZjZSOHhyeHhzX3lOYmZGc19WYkoyX1k1d29MYUhlTVVRSl84V2xYeW45OXpqaVpHMFlaZkhYSFFTX2tSalMya3pjTjYzVDFtY0U3SHR1UlFNRGxvcE5MY0U4cUpoWEQ4SW9hS3BYWVZWUlp6bllBQllfRUlHZ1RwRm5KLWNMUnh3TmxWUmNPbWk3alNhbkxod2hIbFRNS01ZWTRwRFlIOHBOZTk1TzdyTHJvTC1xWDRaQlp4TnJ0Z0NR?oc=5,"UCF women's basketball will face Gators, Seminoles in Gabe Lazo's debut season  Daytona Beach News-Journal",
2026-08-28,event,womens,Princess power takes over Walt Disney World Resort during half marathon weekend - WFTV,WFTV,"Wed, 25 Feb 2026 08:00:00 GMT",Central Florida,https://news.google.com/rss/articles/CBMi1gFBVV95cUxPdF9pRDVMSHZkVGdhN0VZQllwUDh4RWlLcW5kenhILWRoaTc5LWs4bGVHN25HQ2t0YW1BNEpNME1HeFZJLUlaTFkyaWZxdEo1cEFQRHVXUGpZWXoxZS1PaXJ0WkpTY3Q2d2JQeURyM2pGeDRNQXdhTzV4ZWZuQ01VeUNrYnpiMXJLSFh2NFpSeTFHTTR2dkhsZW00MUZXTE9NVWh1N1p0U05BM0liWWNXQ0tvLTFQbVNiVXhXQjFpc09mRkJwOUY2bkFub2xHWE1KMkp2OC1B0gHqAUFVX3lxTFA1Zy1DMHJhU09Tczh5M1BaNWhmM0NadjdRMlEyRDlmNks3V2F4VFJ5VFh1MURLbkUxS3JUbEVmSl8tY2pXRkd0Z0FNWWUta2RnRTFNNHY5cjltWDR5ZWVpMGx1c0hOYjdBVDl3VjFKN1lFM3NKQ0F3SFVINmFBQ1JHSVd3Z0xObWcyNkRFYzlsY1hTRF95SlVNWXFISFU2bm40LS01NUxkY1FjVXJJM1I2M2J4d0l3STdoS2I0YzlQUFQwdHI4T0UzWS15NV9wMXFzNTVUemhHM1Z2NXhoN1U2NjlBVEZDT3ZDUQ?oc=5,Princess power takes over Walt Disney World Resort during half marathon weekend  WFTV,
2026-08-28,event,womens,Supercharge Your Pizza Dreams: Women in Pizza’s Alexandra Mortati Answers Your Burning Business Questions - PMQ Pizza,PMQ Pizza,"Fri, 21 Aug 2026 20:14:24 GMT",Central Florida,https://news.google.com/rss/articles/CBMiwgFBVV95cUxNYm5XTFR0Y051aXRPSmhldVdEX0l0eGJLQmpVb0dtMl9FbmczTmF4QnltM1ZRdG1IOFBIV3UyS05EekNkc01qcDdNTjVMbTJKSE9PdGJweWJQb01hRE9EQ2JITExrY3o3Mk0wVUE2RDViNEN3LW1teUtKa3dZWmk0Z3R4X0lzY0F1enNLbnpiM3JPYnplamdWRUlPUWFZWk9kR2VzUVQ5WnI4OFVnTWdoTjNFdGhFOGlyNkF5Sl8tcnJkQQ?oc=5,Supercharge Your Pizza Dreams: Women in Pizza’s Alexandra Mortati Answers Your Burning Business Questions  PMQ Pizza,
2026-08-28,event,womens,weVENTURE Women’s Business Center Welcomes Nine New Advisory Board Members - Florida Tech News,Florida Tech News,"Wed, 07 Jan 2026 08:00:00 GMT",Central Florida,https://news.google.com/rss/articles/CBMipwFBVV95cUxQQmw4QzJpbVFtNllndkd2SUNfUlh1S2JHdFJna0NYQWlfVnQ5TjJBZXF5LW90VHQ0OG85TjdBMjNnQ2NmUWc0V3YwZHloMkRQNUwtWER2X3lYQkhVZUVhNkVBTUxGUDZRSjZXdnRmTXFDSUdlY2ZidWY3U1NaLXhRaDkyekplbjRIRngxeGNxOWtUbUpodHlYbHNacmZMNGNfT1J5dExVdw?oc=5,weVENTURE Women’s Business Center Welcomes Nine New Advisory Board Members  Florida Tech News,
2026-08-28,event,creator,‘We’ll see them at trial:’ Florida rejects Meta billion-dollar settlement over teen social media addiction - WKMG,WKMG,"Wed, 26 Aug 2026 16:26:55 GMT",Central Florida,https://news.google.com/rss/articles/CBMi6gFBVV95cUxPWllybTBFeElvZ2NDYlZoNkI2TGIyZ09yY2RyZDFLaEJ6OHR0R3ZfcmoyZTIxb0hsWVI1N18xZUJlQy16LS1mby1HWUZhY1RrWC1rMFo3NUh4Sl9ua3lFXzhjZ3E0OHJVdEVFZzgxT3BwWmdjNGllaU13U0ZRaUJUd0lrZV9Zckg1SkJLT2I0YVZUdXFmWWJPSFhPSGNqU3RQb3FMUjR2Y015VEJMOTZXTUR2aEFxSkllM2tOYms1QVczc2JKeXR6cTgzbFJCbDZWbGtoUXktek1xUVZqNml0VkRSbFFoQU9BX2c?oc=5,‘We’ll see them at trial:’ Florida rejects Meta billion-dollar settlement over teen social media addiction  WKMG,
2026-08-28,event,nonprofit_programs,"Polk County nonprofit free-ride program takes residents to food pantries, grocery store - Tampa Bay 28",Tampa Bay 28,"Thu, 02 Jul 2026 07:00:00 GMT",Polk County,https://news.google.com/rss/articles/CBMi5AFBVV95cUxQNnpDc3U3aDdxY090ZHJkOG5zX2lrV0tybkVjMU5paFM5TWlEc3g5VUZ4Y2FPaDBXTnlseG1pWDJyenR6bTZCTk4tYWtxZXk4NVBKYzRKUEdSS0dNMklCMHVwdjhSMkdfTGNMaF9DSjZmdkZtMVA3X0NVNnp2aXFKYWh1Vmd2VERIWlRmT3VRUHpFWTYyb1pwYTY5MVdSZmZBbHJVeVpHNTNoWTdVc2o4dG15cHg2aHkzOTdONG1kdVN5S0VjdGI5dTRXRzBDQlVsZWp3TzBHZHJFbURZal9Xc3VLWWw?oc=5,"Polk County nonprofit free-ride program takes residents to food pantries, grocery store  Tampa Bay 28",bhds@polkcountyiowa.gov
2026-08-28,event,community,12 things to do this weekend in Lake and Sumter (plus a look ahead) - Leesburg Daily Commercial,Leesburg Daily Commercial,"Thu, 19 Mar 2026 07:00:00 GMT",Central Florida,https://news.google.com/rss/articles/CBMi4gFBVV95cUxPbS1Cb3MzbWlLSVJrNlZCQmZWZ3czSG9ZUUNDYkFJM3VieDdTcVFQTkZXZVE3Y2hKN0N1NE1uYTd4dk1EZTR3RWtGQ0ZRU3dmTkNCT1NzOE9sZGZIaGo4UHlFMGNjdW5SYVNTY29jQTI2cjFQMDIxVE92dXg3N0NubGFrdE9SdVpzbWNHOVRvNlFJZFhIbURhS0ZReXdFay1Xb2JwMFJ4dTl3WFRGQ05jOHloLXB5dHdHRS1pS3FwSWlNbS1vVmR5WmlZV0xKOGpybDdNLVNBRFJuRW9yQy1NaFZ3?oc=5,12 things to do this weekend in Lake and Sumter (plus a look ahead)  Leesburg Daily Commercial,
2026-08-28,event,community,10-foot hole opens in Orange County front yard after storms - FOX 35 Orlando,FOX 35 Orlando,"Thu, 27 Aug 2026 22:30:59 GMT",Orlando,https://news.google.com/rss/articles/CBMiqAFBVV95cUxObXhYcFFOTGdsMXBIUTBzVzY2eDNrbllsUi0xVkgtOHhSQ3dvNXdMSEdtdHVMc2xYSnlQNW1xajB5MmltVEZESllkcy0tYUdKbHVrNDdoQ2toenQwUm1QdUNPUlVZMS11X1dLWTlLRUpMZ28xOGVaQkhObUNrT3ljOGhSdDNOZU1HY0t3SmlvSG9hS0VqOWNRc2ZZcUJYUlVzQVVnQlRKSDfSAa4BQVVfeXFMT0ZlejAzVWZhOVZrcTBadjJlVW1oQWdUbGdNRGxRZ3d3WUduLVZubUljSlVrZU8xMzBnYnJ4VXlMWVJLeUM3cjFjLWRFUEl3a2lvZWVTMHFWODBBaTBaemcyTDY3SEM2NXFQMzRVRTVCeEJER0Jka3Q4TUQ0dmU0UnpuanRvTTI2RXhPQXpvYVRidVNmLTVRWm54YnVDb0IySWh4cXpuUUlmcF9ZWENR?oc=5,10-foot hole opens in Orange County front yard after storms  FOX 35 Orlando,
2026-08-28,event,community,Parramore native proposes 'smart city' transformation for historic Orlando neighborhood - WESH,WESH,"Tue, 11 Aug 2026 07:00:00 GMT",Orlando,https://news.google.com/rss/articles/CBMirwFBVV95cUxQbnpjZEtCSkdaUXZRRlh6cXhmWjVBZ0pYMUszeUZMQ2l5WUlVQUItLTBvVEliWDFLeEt1VkRuVWF5T3N0eHA0aE9iMmRXUENyNFhKaXgwOXBLR0RjaFB0cmJIb09lYWZXLWdLNkJia0tTNExHcXZJZENBM295cWtYQkl6bHZmY3BvZzFoSDh2ZW03Y25SMk52NUxwUVhDREs2RXVraFVOdUFWNFQ2a3Zr?oc=5,Parramore native proposes 'smart city' transformation for historic Orlando neighborhood  WESH,
2026-08-28,event,holiday_activation,Dr. Phillips Center’s free holiday festival returns in November - The Apopka Voice,The Apopka Voice,"Wed, 26 Aug 2026 23:51:44 GMT",Apopka,https://news.google.com/rss/articles/CBMipAFBVV95cUxOX2VCTi1pcjMtakw5a0lnSjhRbVRLdW52cU5RdVBSUXJlVEZCcVdFcDZ5Qi1IRUp1SXpCMlloal9sVldIVDBTSlFCZUd6MmJNZ3l1U3Y2SnVYUDV2akV5SmxlZ05GV1B2RDlNZWljSlB1azFwZzV6bXFYeDZKNHNwSDh6bmc1MzVoMTE4eTZ4N1ptN0F4MjRNb1Q1dHk1dnNCd3diNA?oc=5,Dr. Phillips Center’s free holiday festival returns in November  The Apopka Voice,
2026-08-28,event,holiday_activation,Miami Dolphins Create Lasting Impact Throughout South Florida During Holiday Season - Miami Dolphins,Miami Dolphins,"Fri, 22 Dec 2023 08:00:00 GMT",Central Florida,https://news.google.com/rss/articles/CBMitgFBVV95cUxQMHVyZWp0SlJXOWhvR0QtYjJ5X3F1THdCeFpVUG54UUlMYUhyNnFDVWlPbnZTNVNvempLdFdyRXJONHhfcy1UbDE3ZmRuVjBPdUxpV0I5T3NQSmItbzlOTHJ6UzNrcEE4TkxyZ0VBbDRrRHNVOVBSM1Z0MVl1NEJIZkRHUzV2OEtfbGpXWXJYd21jM0Z2Q21XQk1ma19Yd2NGVmxka1ZZdDgwZXFtQTc0aldyTU5jUQ?oc=5,Miami Dolphins Create Lasting Impact Throughout South Florida During Holiday Season  Miami Dolphins,
2026-08-28,business_signal,new_location,Winn-Dixie announces new store for Central Florida. Here’s where it’ll open - WKMG,WKMG,"Wed, 26 Aug 2026 03:18:32 GMT",Central Florida,https://news.google.com/rss/articles/CBMitAFBVV95cUxPRFBGYXEzQWIya19NYUI0UWtxOGFQQW0yWG1yWXduSzRySFRGUUVDM19FUnlQU3FRNGd0aUxub0Y0WDBSanZnTDdUb0hyQlRpZ2ZZczd4bERfUzJIdnpsZVpsdVlOR1hncy1uSGFoYUItVEFaLTFHUDc4WFMyU09zbUtCdE1SaXFsZnZqeDItOVhUTmV0S1NISjJQRHVPMUVtZDdfOXR4Y19rVDVXamkyY0w0Qjc?oc=5,Winn-Dixie announces new store for Central Florida. Here’s where it’ll open  WKMG,
2026-08-28,business_signal,product_launch,Central Florida's Pride Chamber supports LGBTQ+ businesses - Spectrum News 13,Spectrum News 13,"Tue, 30 Jun 2026 07:00:00 GMT",Central Florida,https://news.google.com/rss/articles/CBMiqwFBVV95cUxNSGFqRW0tTU5MaXRyc3BlYzNHYXhSQjd4M2dMU2xtdzNtdUlKVE5WdENJSDMtbkZLMUdPcDNwQlFkTVI3cDA4ekYzQkpRNE1RVVZ4QnVkdjQ5TGtaVmMtV25kbG04ZTlPWmFFbHlZMnZDYWUyOC1XRWRpNEdOOFdFVTZkWU41SXRvZG5KX3N0SmpVcFJadE1hZHVRRHJGaVZoQ0hqYWdhLWVTUlU?oc=5,Central Florida's Pride Chamber supports LGBTQ+ businesses  Spectrum News 13,
2026-08-28,business_signal,product_launch,American Rebel Light Beer now available in Central Florida - ACCESS Newswire,ACCESS Newswire,"Mon, 01 Jun 2026 07:00:00 GMT",Central Florida,https://news.google.com/rss/articles/CBMi5AFBVV95cUxQT3NJN19tNEtrSlozUzNtN3NTVWpKMU1NeFAwYWlxTWxmTEktYi1na2Nyc3JaeGFTeHBKLVhLM1h0Q3YwbWliQXQ1UTN0dUFhSU1uVWxWSzlqb0d1TVQ1STRYcHRoajJpQXFBSHdlQWU1Y04xeGhKUWVld3Rxc0hPMnRzSWVoRTZOdHpWMjFveWU2UkRQQTIzbDFHUzFTMlg1eGQ0MXFBc0d1Y0NDTUMxcTRiTzIydXRvc0ZmY2Y5WUdyaXpJallsNE96dnFKVFNsWVBScXhXWTZUVnJqXzhsYlkzT1k?oc=5,American Rebel Light Beer now available in Central Florida  ACCESS Newswire,
2026-08-28,business_signal,funding_opening,Lake-Sumter State College lands $5.2M grant for new campus - The Business Journals,The Business Journals,"Thu, 27 Aug 2026 17:34:00 GMT",Central Florida,https://news.google.com/rss/articles/CBMiqwFBVV95cUxPZUc0YzVBODNSVjRZeHBTOGs4MnJRWlJJLUgxcGp2aEtFTklHQkpGcW15LTB4WGFSRGZ4ZHU5SXg1dm9mbjRzLWhBaUJ5OGhOUFJZUklhYXFFQnQyUGNyZ3RQbl9PS3pUY2ZzdXdzQkw1SnpWOXgxdGdycW95UFdkdk5hVzV5c05DRndKdE5xRXl6V3hFMDVxa2JIa2dzbUd4YVEyajNrM0p3Nmc?oc=5,Lake-Sumter State College lands $5.2M grant for new campus  The Business Journals,
2026-08-28,business_signal,funding_opening,People to Know in Banking & Finance: Erik Weiner - The Business Journals,The Business Journals,"Fri, 21 Aug 2026 10:00:00 GMT",Central Florida,https://news.google.com/rss/articles/CBMipwFBVV95cUxPUlVaWHFWcFNKSk1vZUhQWUlwUTkxVXZYQUNpVHc3XzZ5b0JpTlNjNEN6WXRqcEhjbG5YQUxYZ3ZrcHEwYk9iT0dsNVBoV2trbjVRV1ZvTFVpdmxzUEpLY0Fjd0FoYlowWnNMeVIzRnMybEF0UGJsMFZILUl4Vzc4WExTNHN5UDE0SVJKcUxDTWNmaVpEcUlydUFnMFVyMHFQbDZfcEZDWQ?oc=5,People to Know in Banking & Finance: Erik Weiner  The Business Journals,
2026-08-28,business_signal,funding_opening,"Florida enters new era of AI policing, politically connected firm gets contracts - Orlando Sentinel",Orlando Sentinel,"Sun, 05 Jul 2026 07:00:00 GMT",Orlando,https://news.google.com/rss/articles/CBMiwAFBVV95cUxOdXBkRzN3Mlk4bHNKZm9YVkJwam9VNHFnQmJiWDM3dUVkNTRadlhuUFZoVkw4QjFnTktiMEJ6S3FiODNUTEhlWnZIOVlaZzBScjJmMkhoS05vTVRTT2JEdzdOcGFpWTgwa1BCem5LZXRHYzk0aU9MdFhzMkRET1Byd1N4cU43ZjF0eERHMC11b212TzJ6YzBMMk1XelhOc1p6RGQ2Zzc5bncwTV8wdmRxRk0wZ0JGOVFmOHJ0Z3ZjWHM?oc=5,"Florida enters new era of AI policing, politically connected firm gets contracts  Orlando Sentinel",
2026-08-28,business_signal,nonprofit_campaign,Stop AAPI Hate launches a nonprofit to mobilize voters before midterms - Orlando Sentinel,Orlando Sentinel,"Thu, 28 May 2026 07:00:00 GMT",Orlando,https://news.google.com/rss/articles/CBMic0FVX3lxTE9uNGdaWDNVQkpHV0RLcHhWWjZjb1c5TTEtYk4tMk5iWVpKYUZWV0FlMkQyN0xZSWs5NUdRMzFFbUR3WHU0bHNHVnFhZmItMnN0RXRLU1hpUzg2azc4MXRVREpFeDlHb3ZXcUwwNE1mRmF1Mm8?oc=5,Stop AAPI Hate launches a nonprofit to mobilize voters before midterms  Orlando Sentinel,
2026-08-28,business_signal,nonprofit_campaign,Orange County Innovation Center opens in Pine Hills - The Community Paper,The Community Paper,"Thu, 27 Aug 2026 17:42:11 GMT",Central Florida,https://news.google.com/rss/articles/CBMinAFBVV95cUxPRVN0Ynd5a3VrdDFwRXZnYjY5YTBtMUZqUjd6al9XeUdwYnRfWWJwNkQ4UkgyZDUxS0ZCNUp2T0lFaGp1Ym92Q05NZW9DRTNxV3NpU21UTFNJbmUxT19WWEQ0UkxKNWttcmNFbXlnT3JQcExHQThqQS1sTmowbFdLUlEwR2xxY29Qb24tYnVObFRFUlZPUThZUEJzWG8?oc=5,Orange County Innovation Center opens in Pine Hills  The Community Paper,
2026-08-29,event,black_cultural,New artistic director brings fresh vision to Tri-C JazzFest - Cleveland.com,Cleveland.com,"Sat, 27 Jun 2026 07:00:00 GMT",Central Florida,https://news.google.com/rss/articles/CBMisgFBVV95cUxPck9DVVNINUdzbG9IdTdKdGEzYTVJNTQ4MGJiTGhEX0NkUnZQR0FXeGd1bmR1bmc4RGJhcG82WVRJc0JQenJsYVM5LUtrb1FTcUpNQ1ZneGtZZnJwUk03UFhmRjVfNlNvZV92dWxzYTBYUVBPS0xGUUl5OEZkVHR6M1RuTHpOczd1SVNNLVctLUpZdk53NmVzZUdDelFsdXJCUjlnT2MwZ0c1N1RmTHE1ak130gHGAUFVX3lxTE9jc2JZSnBuck5HU3YwNnJfczgyYmJXSDdKN3RSWnhkOVgtejFGX3NtVEM0UGVBWjRwSFNaTk4xbGxvWm1tcTRxcGpma1hwY00yaTFKNVNhcmUxS0JDUFJBdlU5dTEwX2hfVnJNVUYyWWNLdHlGQlozVFpuTXlXcXYwNkdLeWZackV1YU9qMVdLWkRZSkFvZFRJVkZpNFhPTlZOY1UxWnhOekNPQWx3dVM1eWYwVHhWcTkyTUJDa0tIcWVTRkNvQQ?oc=5,New artistic director brings fresh vision to Tri-C JazzFest  Cleveland.com,
2026-08-29,event,nonprofit_programs,Senior Resource Alliance program offers energy bill assistance to seniors - WESH,WESH,"Tue, 16 Jun 2026 07:00:00 GMT",Central Florida,https://news.google.com/rss/articles/CBMiyAFBVV95cUxNQ3FLUzVILUJ1cUdjSnBCRXZoNktkNmF3WGlrMmJIRXhseWw2S0djQ1BCN0NCN0ZWaFczaVdRejlod2NVNm5DaFRJZjFGYVY0YUExLWZackN0bGhuc1haLV9MN0tqTGxSS3JPbmRjSS1ERTF6R2pZZHR3U2xoWHh4OEJLb0NaQWNjWTR1QklJWElpMllaTmE3X0NycldORWI2cjdKcWhlQXFZdXJFRFVhNVR5MUptYktQYzhXemJKenN5ZlhNcDY5RA?oc=5,Senior Resource Alliance program offers energy bill assistance to seniors  WESH,
2026-08-29,event,community,Orlando Magic Announce Fan and Community Activities for Games 3 & 4 - NBA.com,NBA.com,"Wed, 22 Apr 2026 07:00:00 GMT",Orlando,https://news.google.com/rss/articles/CBMipwFBVV95cUxNTFJORk9jRDBKcG9qQWNMOEE5OEI0NWJyZXNmNDdNS25lbm01elEwMGNqR0tqSXRGd2c4eDhRMWFGbGE5QjZNQ291Vjd6ZzRFWGx1TkNibnZOMXpib0lrbXFFcUwzR2s5TGJCX3dFQlI4X19PbFVNYTllQ2gwWEtZRmE2Yk9OMERrSnR5UWxPb0I5a3FmbkNIWHRkN0VpUXQtd0RoRllNaw?oc=5,Orlando Magic Announce Fan and Community Activities for Games 3 & 4  NBA.com,
2026-08-29,business_signal,new_location,Ford's Garage invests $1M to open new restaurant in Orlando's tourism district - The Business Journals,The Business Journals,"Sat, 29 Aug 2026 10:00:00 GMT",Orlando,https://news.google.com/rss/articles/CBMipAFBVV95cUxNUmdBa2pCUENESi00LU84UjR4S04wamlqbGlhVVVlRmtPYXA0ZkNCcnozSkt0TnFHelc1SFYtbC1TLVl6MURJNFBYdG4xVTFqU29OZGxNUXRpaEp4LUdyVlJRT0RmVjBkT0dGeXZPNlF0ZzhTZ2VHSnB3aG5DRUxwajgtZFIyOHNCUy1oYnNJM0NWVTlPZUxjMWNxN09NcWhkMDVOOQ?oc=5,Ford's Garage invests $1M to open new restaurant in Orlando's tourism district  The Business Journals,
2026-08-29,business_signal,new_location,2 people die in Michigan Cyclospora outbreak - FOX 35 Orlando,FOX 35 Orlando,"Fri, 28 Aug 2026 15:52:06 GMT",Orlando,https://news.google.com/rss/articles/CBMimgFBVV95cUxPVUlPaWpubExKV1YzbzZMMVJybGRsbHVMc3hWYUJiT2pELXlSa2RtVGhiZnJyazk3b1J0SGZ3UmgxT1NtZjFQYmJ1dE5XTnFDc1BwM1lsTGp3bi1zbm1BSEIyWFNhVjB5ZmMtUU90aXJEV2U4d0dzdkY5UE16R3pZWU44R3hYWGlDSWxCMXhKU3dZNm9VMngtbmVn0gGfAUFVX3lxTE5YQ2NIcXc4clpqWVphQjY5X256TF9WWV8tUGhlUExPTkp5QTZGQmtMc04xVEFuSFcyNTNjUHlEcnAteWRBaVotOWk0eXlPaGl4dWZmdVRmXzdCSnFuNHJFT2NMWEgyelQxVVNfb3VPM19ZcXVxLVJtRUFiLW1RbE1CMDhSM1ZvNlVPNzJJTnJ1ZGE5bGpmQ2k2ZnBUNEp0Zw?oc=5,2 people die in Michigan Cyclospora outbreak  FOX 35 Orlando,
2026-08-29,business_signal,product_launch,"Target to launch new beauty studio with 1,600 products in 600 stores - WFTV",WFTV,"Wed, 26 Aug 2026 13:27:37 GMT",Central Florida,https://news.google.com/rss/articles/CBMivgFBVV95cUxQdVBlb0NlcWoxeTFzeW9xRkpVX2VHTVMxS3U4UFFQUWV0NElpQ3FqalJ5Q2RuRHh4VFNBNmtfUW8ydGJlYnlLQ0tVdUVmRjdzcjZidG5oX0Jfd0VZRHhYa2pTdHljeUF2MWNjYW1QcUE4ZXFEbWwyb0hvamJONHlLRi1ycmVhWWRDcEQtaTJVM2JfTC13cU1fR210NDlESEdHcl9HbTZqTVVyUzh5Yk1ENlUzblFIckNVaXAxOXFn0gHSAUFVX3lxTE92Ny1tZkhlN242YThZM09LQXliNzhiYW81cmFWeWU3SXdlUS1DNEVkb2FfeE9BQlpzQ3ZIUEl0NU5KQ1FEWFYzT0M1LTlZbG05VVMxc2dnZl9uWHNEODZUYlU2Zlh3anc1TnA2SWVZd1p2bVVXc1kteWRNSWUtOVNnczg5eEtxXzQ4Tm90UU5ub0ZnaWxKNTMxanVmbTljWXExQ3JtdVhPMDhpZnFtRjBWZFVkSzE3WlJFbXJlQTE3MzFuNUhPQjhrRllpOHBzX1REQQ?oc=5,"Target to launch new beauty studio with 1,600 products in 600 stores  WFTV",
2026-08-29,business_signal,product_launch,"Blue Origin’s $600 million Space Coast expansion to bring 500 jobs, state says - Orlando Sentinel",Orlando Sentinel,"Tue, 26 May 2026 07:00:00 GMT",Orlando,https://news.google.com/rss/articles/CBMiuwFBVV95cUxOVXdETnZoYVBJUTJwNlJHemhyLTU3ZTdVRmJrYWhvYzZFanhZcEJtcTVnWGpRMTgxT1Q5M0MzaXB4WmhqOXBmNDVhTmJmZFdUWlFNM00yNWFPVXp3dnpzM2x4OVNzWFlaRmFib05hZWRCZy10YnRVekUwQmlXSkNBUkt5c00tU1NaV1hoRjBvZkNFTjdHOXp4M2xSdkx0VVdrZGp2NkN1U0dnVWlUaWd2c3RkWnNfd3NXZkNV?oc=5,"Blue Origin’s $600 million Space Coast expansion to bring 500 jobs, state says  Orlando Sentinel",
2026-08-31,event,black_cultural,"SPOTLIGHT: Orlando marks 100th year of Black History Month with arts, culture focus - Central Florida Public Media",Central Florida Public Media,"Thu, 05 Feb 2026 08:00:00 GMT",Orlando,https://news.google.com/rss/articles/CBMi0AFBVV95cUxOTDNUM0JZaEE3VmRWSTFUd25ReDFlOFh2cWp1TUhTSUwtd3UyRkV0YWtiRmFpMGdkNlN5Z0xLbXozOTg3YjNVTC14RWZUWEgwaUw2LVZzbUMtN3NQdE9vdWFGMUNaX1ItVEc5aWllTGJZTFVyd0ZVREpHMnBxU0VfSW8zUnRMSGxweXIxVFprNk96RlhiWjd0Z2RYTkZmTVBEWnMwWVdGSDJhYjNOUTBSVTZVai1yMEJPTWxlQ0dzNEhZTjVtd05nczdwMjA4QjV2?oc=5,"SPOTLIGHT: Orlando marks 100th year of Black History Month with arts, culture focus  Central Florida Public Media",
2026-08-31,event,black_cultural,‘Love and Liberation:’ Orlando’s Juneteenth Pride celebration centers Black queer joy - Watermark Out News,Watermark Out News,"Fri, 19 Jun 2026 07:00:00 GMT",Orlando,https://news.google.com/rss/articles/CBMirwFBVV95cUxPdE9uR2RZbjB1OGdSV21PdVVIbEQ2Tnd6d0xmOGpBZnFKMEJBTXJoaGFKYnh0cjd4RW9pRW5TMmxaWVBTejZNREgwWUxJTnhOOFVLRWRBTkk1QlZMbG1QU3RzckUzMlhtTW0yVTFqS0pXVS10NjN6N0M4dGRLdVNRV2h3eExuVVNpUGh3dEd3Q0NLaEtoRUJDWWZ2V3JaUmV2dk9UUUlIbWxfOUowVEFj?oc=5,‘Love and Liberation:’ Orlando’s Juneteenth Pride celebration centers Black queer joy  Watermark Out News,
2026-08-31,event,womens,Women business owners in Orlando find support through networking and mentorship - Spectrum News,Spectrum News,"Sat, 21 Mar 2026 07:00:00 GMT",Orlando,https://news.google.com/rss/articles/CBMikgFBVV95cUxQeHRTY3lJekVWd1dRaHBaclVoZGVZTm55UWhvZHhVemQxUklpMWlMWDVYWEt0ZEZTREtkcUk5UE41MXpEeUdCSEV0QVRyOVFmQlV1dmlCdExxRUd5ZmFESUFpTXdQa3I2RHVwM0VOb0NZSFhxYVVYdm91R3U3YnhLc3U5ZEZyUlhXcTNjc1hCVU5jZw?oc=5,Women business owners in Orlando find support through networking and mentorship  Spectrum News,
2026-08-31,event,creator,Local content creator helps Orlando get one stretch closer to the stars at Van Goghblin Cafe - The Community Paper,The Community Paper,"Wed, 04 Mar 2026 08:00:00 GMT",Orlando,https://news.google.com/rss/articles/CBMi0wFBVV95cUxOYVhIcHdZVVctUHUxUmxQOGxqNW4xcUg1TDloM0tkWXBfdUNLSWFDN3k0NkdKNE96VlNENmVDc1JnTGZveTY5OTYxYVNQVmdxZ1FXN1QyMmN2RVVUSVI4elk3UklzeF9NMW0wbnVfdUVhQ2NhWWo2dWVxWXRVeDZTUjFCbHJrN1hVNHNNenBDalJ2c0dLdjNTUDYwY0s2ZDJKTlBSbFdtVWNRUEFLRXl0azRJankzdG5rREd5bGtMTE8wUGlrSWlINmZSb1ZHczNlS01R?oc=5,Local content creator helps Orlando get one stretch closer to the stars at Van Goghblin Cafe  The Community Paper,
2026-08-31,event,community,Teen takeover trend has event organizers boosting security - Spectrum News 13,Spectrum News 13,"Mon, 11 May 2026 07:00:00 GMT",Central Florida,https://news.google.com/rss/articles/CBMivgFBVV95cUxNSjNuTlhuc2dQUF9qb2JLNk1aRWJtd3JHaDdQZUNiMG1uRGZqUmgzeWFXTUJZRUVmY285cDAtV3lhQ1pnem5KNW1WM01oMllKa2huLWgzbkJ0TlZzSnZQX2MwblZxZFlLR2dVdkJtYW9KMnE2ckJ2R3F2TUZ2TWsxa2lMMUZfd19BWExwLWlBVTVDb1hPV2paOUtsRGVWb283d0dBcDcxX0l6WnkxRGplVUVNV1ZZWlEwV09XWmhB?oc=5,Teen takeover trend has event organizers boosting security  Spectrum News 13,
2026-08-31,event,community,WOKB concert noise complaints grow in Ocoee after May show - WKMG,WKMG,"Tue, 16 Jun 2026 07:00:00 GMT",Ocoee,https://news.google.com/rss/articles/CBMirwFBVV95cUxNdldxbWdsclFNZXp0NVlpVnNBeHVmeWhCLWtCU21Icm5KS2h5M3ZabHVwVW1VVkN6NmJTeW15WnNjdG1jYVNnbFBBZWNncjdDOTFWSnoyUlRsRElYcjJzMnZKYUhjQTRoWVB2M0dMTTdUWktxUld0M2JSNGFhT1dvUV9sQlFmdW44MXdtbXFDSkh5aGFJVVhwNzBKWU04dmFVOUgyeG9JY2RXd3FpMUF3?oc=5,WOKB concert noise complaints grow in Ocoee after May show  WKMG,
2026-08-31,event,community,"Shipley Donuts Orlando shop reopens with new owners, giveaways, and live music - WFTV",WFTV,"Wed, 25 Mar 2026 07:00:00 GMT",Orlando,https://news.google.com/rss/articles/CBMizAFBVV95cUxONm1nOXZkNk9odndscFRNNzRyNVdGWlZ2dHZKWW9qOEotM2Eya1RPWkxnQmJmdUV5M0hGaWd0QVlWMUt3R0p2M2VzTjJ3SU82WW1td3hPbEoxb1E5UmNnNXJJelpwV3FWUS1IdVJ4aWV0eHdCWVlaMnBTdjZWNG0zaWlvdjdOVVZNZGNGakpEUjNOWndFQ1lJcXlrTGFLV01KTjlvNEt1UDRCTnpLWUItbGRZQTEwcUFPeEdvSldYNl9oTXkxdTVRQ3c2bUbSAeABQVVfeXFMUGhKQkx0U1hJVXU2SmpzMDlCM2NxT0xRRXJkTkxSQWt5aGNLZEIzbUxJQXBqcjcweXNzeGJ4X21BWEt5QVk1dk9FUFg4N1hYNkYyZDBIRzJ0TmJadHByQlk1b3l6dk1Za1VFUFhSblBjSE84X2NEa21uTXU2a0M0MlhSaDFFTzFmNVVELURlVVhGQkRoLXpwczJ5QTAtTE1YTGR5Y3U1OFhLY0x0a0dCNlI3NDh0OEUtRF9PZWhTQkxCeTZaWlFFZXdWUkVnb2I5RzBqUHhOU0tFRHVQNW45Q1A?oc=5,"Shipley Donuts Orlando shop reopens with new owners, giveaways, and live music  WFTV",
2026-08-31,event,community,Savor neighborhood flavors at Taste of Altamonte this week - Orlando Weekly,Orlando Weekly,"Tue, 19 May 2026 07:00:00 GMT",Orlando,https://news.google.com/rss/articles/CBMisgFBVV95cUxQU2dncWNuWXdiaWJlc2p5bzRDQm03N05fMm9nSEx5dGFrOHBucmJuTDJieC1wNUtwbU83S2VkWExQZVBIWTlWckg2RmxLVFpMU0V6Qlo4T2dkOTlJUVQtR1ZPWG5hbVBsUEpwMXRndHZ5dDcxZHRqdl9JbkpMeC1vaXI5a3hPVkQwcHFwemZ5RmRtWHlvcGthR01mV2otM05BSmd4Ym5tU3pGT1RaOGlzUWdB?oc=5,Savor neighborhood flavors at Taste of Altamonte this week  Orlando Weekly,
2026-08-31,business_signal,influencer_campaign,IZEA Announces Q1 2026 Earnings Results Conference Call - GlobeNewswire,GlobeNewswire,"Tue, 05 May 2026 07:00:00 GMT",Central Florida,https://news.google.com/rss/articles/CBMixgFBVV95cUxQZldaWG1ZNjdUbmp5X0xtTFlBd294M3MtZGoyVHNtdVYySWpIT1NWRTk5NnhOOEpxbUpYM0JUQnd1TmZkOE9JSzZpUUljQXloMjlIYmx2aEpUVzFhdTZTS1NwZXczWWZ1U29lWTVsVnczQS1ibDdzXy1tLTJsTGx6eVEyQ2dnV1FQSUtWYjRDcHpiVm9adUY2bzF1ZGdYY18waU5vSEh4dDl2d3NqS0FzZkNobG9Cel81SkZFRXpQSHFIZmNNbWc?oc=5,IZEA Announces Q1 2026 Earnings Results Conference Call  GlobeNewswire,
2026-08-31,business_signal,new_location,Sonic Automotive Opens New Massey Cadillac of South Orlando Dealership in Lake Nona - Sonic Automotive,Sonic Automotive,"Mon, 27 Jul 2026 07:00:00 GMT",Orlando,https://news.google.com/rss/articles/CBMixwFBVV95cUxOV1dvTmxDLWs2QzZzR0xlZXhRYTZONWlvZ0NfUlhOdTB1X0tLdzJZN0c3RnNCdTA0U3ZLRGRLamMtX0ZBcExNOTlELUs5V2dUN1BoLWpsZzk0eGt6NkdpQXkwM1lOUmNPRVFrVzl6TjJMcHJib283NWIwSTJhWVJFX1BlU2lKNWRXSHJ4MDJaZ1BVamdCa1ppQzlJMlc1Mlh2RTZXNUJOWnIzZFBwSlpmc2NibXgtOUItYXM3UzZqYWtaRWNXTTBJ?oc=5,Sonic Automotive Opens New Massey Cadillac of South Orlando Dealership in Lake Nona  Sonic Automotive,
2026-08-31,business_signal,new_location,National coffee chain eyes first Central Florida location - The Business Journals,The Business Journals,"Wed, 22 Jul 2026 07:00:00 GMT",Central Florida,https://news.google.com/rss/articles/CBMiqwFBVV95cUxPVzg4RGZjSVVpQjhUdnkwdy1GeDhpSWxqcnpzYXE3bFhtWnA4S1ZaWWtaVmdsU19CZDFTalFhc2RzS1VkRVZpRm5JVzZPMkk0R3dDWkYtakpqcmFfajd6NVgyYnREM1VrVFpVT2FpcUo2QXhZeHFXdm9kNXlfazZUMDJ3V1hIRkVfY3VJcHBjS3U5R3RqV3NVZnZMV0tQcGhyV1Nqa3YwSzhuR0E?oc=5,National coffee chain eyes first Central Florida location  The Business Journals,
2026-08-31,business_signal,new_location,The Kissimmee Castle is open— White or Night - Osceola News Gazette,Osceola News Gazette,"Thu, 07 May 2026 07:00:00 GMT",Kissimmee,https://news.google.com/rss/articles/CBMie0FVX3lxTFB2YmNFQ29YSDlTbjM0WVg0cmF2dmUyWWFTSldDMUE1VzF2TUFHQ1c5Mmh5UWRZUENDTGJYd0lhZ21FT1FjV3JxWWZjRVNoRVdSUGN6OUdJSWM2Z2JwaVFRejlhNkwzYjRRMGN1eWxHdnZtMlFGVjNUSnMwdw?oc=5,The Kissimmee Castle is open— White or Night  Osceola News Gazette,
2026-08-31,business_signal,funding_opening,"Lockheed Martin Launches Small Business Investment, Innovation Program In Orlando - Orlando Economic Partnership",Orlando Economic Partnership,"Wed, 26 Aug 2026 17:04:22 GMT",Orlando,https://news.google.com/rss/articles/CBMisAFBVV95cUxNcGc4ZDdXUjQ4WGl3eklfazYzeGN0Q2R5Zlc4UTJzLVltR2lCeFpKNEdOX0JCWFppbHRrcHI2S3VENmJuTHJiZXhJRGh6bU8tekFWMkIwZm95RlMtMGtmdHBtb0kxMEpNem85QnhzVlBBTHdPUXlNN2d6UG5NNlJWU0hfb2kwbkdTUWxnS2MySGNtbGJHN2tERVBMLWRQOWUxU0F5Rk5TNFR3a0EtZUJocQ?oc=5,"Lockheed Martin Launches Small Business Investment, Innovation Program In Orlando  Orlando Economic Partnership",
2026-08-31,business_signal,nonprofit_campaign,"Historic Films Inc Launches The Museum of Motion Picture Journalism Grand Opening and $340,667 Fundraising Campaign to Digitize Universal Newsreels Collection - Republican Eagle: Red Wing, MN","Republican Eagle: Red Wing, MN","Sat, 15 Aug 2026 03:30:02 GMT",Central Florida,https://news.google.com/rss/articles/CBMirwJBVV95cUxPVThldlhjNVNfNkN1WUtKcWtpR3c2bzM2UXo0Z2Z3bGlZd1JqWFJVR1pwQVJPS1VTQURmUnFCdV9HQnl4eTItYTlrMEN0aWxDRHlNUXhYdkdVMjBQam5UcXhhMG1zYkxfbW5ab1o1TXdQakRuVmJMQ2d3NEpsVzRFS2tPZFA0YnBHNU12cDlfaUhCaU4xYXgwazhoU0FMdEpkb19CUHJ2d1JtVlh6UTRkR011c0swU1ZLRTJobS1kMGx3eVpyM3d6Z0huVzctLW9GM2NqYWdoWWUyQi1IRFV6SjV0QzZ1Y3R4cDhRT3RWd0F4dVJSTFc2NnRMeF9wMkFiYXVQS0Zxb0xEYWJrMjBvb2ZvME1nak5pV2pNRm1kMjZyRkRRSHlKbkl4Ni1oR1k?oc=5,"Historic Films Inc Launches The Museum of Motion Picture Journalism Grand Opening and $340,667 Fundraising Campaign to Digitize Universal Newsreels Collection  Republican Eagle: Red Wing, MN",
2026-08-31,business_signal,nonprofit_campaign,This Florida nonprofit helps disabled adults gain job skills as repair technicians - Tampa Bay Times,Tampa Bay Times,"Sun, 09 Aug 2026 07:00:00 GMT",Central Florida,https://news.google.com/rss/articles/CBMitgFBVV95cUxNRExXTlpRbjVzanNoRTk2RWxweGVQSHBMbGFDN1pQcUk3enVxR1dDeGwtcDJoUGRoYTYwRW5zQjdubEVYUDdoU3R2X1lmc1Q2VklSeUVwYUt5bXdiaHk0TXlRa1FVb2Y0enBnQUlSNEhtUWNSNUZRQjFTcWdFdDdyOE9YUGtaOTE1OE5VdUs0OVNWMzNTRElWM1pTZDhoRXdpcTVGU1A1dVM5aWVpSHpCMnF6UGl1QQ?oc=5,This Florida nonprofit helps disabled adults gain job skills as repair technicians  Tampa Bay Times,
2026-08-31,business_signal,nonprofit_campaign,"Orlando Magic’s community efforts impact over 100,000 children in Central Florida - WFTV",WFTV,"Fri, 08 May 2026 07:00:00 GMT",Orlando,https://news.google.com/rss/articles/CBMi0gFBVV95cUxNY3Q0eVZodndacUNuYm5iMW1JRDllR0FmM25SOGlUZVlRNFlTZW4zWUpkdmp5dlJKWjg4VjJmUWd0YlZvQmVpTDBHU0pxZ2l2a3NKX2swSFJBU0dRM2h4NU41TVpXa1M0a2dmLUtLNFl0cnhSQlMtRzVkY1Q3WWFkb2JLNDYzQ1d1amZjSjFjWUhaeWp3M1RkNGVEblpGb2N4d3ZDT1dYS1pnTlNjN1lUQXhFYUlSeHIxbUxiSEJ5UFMyTHpvOU5ISWkyN2NGY3QzbnfSAeYBQVVfeXFMUFJoVC1TTWY4UnI4eFdtUUpib01VTjFoanJOdVdGM2ZiSDU3OFRLa2twalJlWFhxQU83ZmhvcFliTFJTUjZIdlpsR0ZUT05wLWVHZFdXNjJ4UUdhTDFaV0MwdmFTbzlVM0RyNjc0eFphWEl1bm9sdFhzRzh2cEFyMVk2VGl5aW9qSlhvZWE2RGhCUUNVcmY0eURZWFJQTkJNdklSRm1DeDUtdi1uUW1pbmFsREc0aVBkaG9VdVFFUFpQZDExcTN3ZXZwWjlkT2dIbVpFZVZzOTgtNVVCVTdXcncwUjNqN2c?oc=5,"Orlando Magic’s community efforts impact over 100,000 children in Central Florida  WFTV",
2026-09-01,event,black_cultural,"Black History Month events, exhibits and entertainment in Orlando this year - Orlando Weekly",Orlando Weekly,"Mon, 09 Feb 2026 08:00:00 GMT",Orlando,https://news.google.com/rss/articles/CBMirwFBVV95cUxPeU5rdXJUN2hnczlqZ2I0OHdnSG9naWtLOW5XMXRpSktDWlNoTVpvOEhyNGF5aWtfOFZnLTdmOTh6RHJxWm41MURndkZGaVJMRXgzMVlrSTJON25aeFVYX0k4Y2FPVG0zTlpZN0RsOXhDbHk4Z0pWdDFLWkFLcWxCdnNZbm5fY09RVTJGb3NKWi0yZ05PQl83SWpiTTBYTGU2WTlLSkdmQTV4M1Fuby13?oc=5,"Black History Month events, exhibits and entertainment in Orlando this year  Orlando Weekly",
2026-09-01,event,womens,Field Set for 2026 ASUN Women's Basketball Championship - Atlantic Sun Conference,Atlantic Sun Conference,"Fri, 27 Feb 2026 08:00:00 GMT",Central Florida,https://news.google.com/rss/articles/CBMingFBVV95cUxOWm8wZkYyNFdjMHBUNzRRNC12a1p4cWVOZVBxOE5QVmNXRzdhVDhFY1A2YmVwalRHZE9KdG43cHEzbmVKTGFPb3lacDFSSDk1bzlseDRxaWtrLTRpZmRNUTd1VE8ybF9oVzJYNVpxS29UaGZDNTlLMTRpSnhGZDRSU0ZpZHlYNjExV29ESmlNMkpCOHZPR0Q0ZzJVaFhvdw?oc=5,Field Set for 2026 ASUN Women's Basketball Championship  Atlantic Sun Conference,
2026-09-01,event,creator,"Spain looks to ban social media for under-16s, joining others in Europe - WKMG",WKMG,"Tue, 03 Feb 2026 08:00:00 GMT",Central Florida,https://news.google.com/rss/articles/CBMivgFBVV95cUxOdjkyQldEQkZCMVJGQ0dzbE5uRlg3dkpwa3RwNTFEWVRtTWdjdkd5TkcyTWRLbEV2MlYzc1Y5Uk1iZGdycVNNXzE5MUJsb09DUHFiZ3NFeVl1bkxOVDdORm1nb2NPYzhNTHFFakNpeEdkNmpuY25Qdy0wbjUzY3dScmFGSGxuZXdHUDE2MTdVeV90dkUtVS1RUFVfV0laeGh2UGhsaVpLejE2alBOQUlfODktR3lhU1cwVHVLLWNB?oc=5,"Spain looks to ban social media for under-16s, joining others in Europe  WKMG",
2026-09-01,business_signal,new_location,Publix reveals new store opening coming to Central Florida next month - WKMG,WKMG,"Mon, 31 Aug 2026 09:00:00 GMT",Central Florida,https://news.google.com/rss/articles/CBMiswFBVV95cUxQWnFXbTZUNjA0T1dpdEIxaGU5U0NyTjk4Tm9Ic25pY3dhZUw1bUN1NUFmXzVzN244dV9QU09JNFdJT1lyZW12QUxNVjVaYW04eU5PSUJmRm9Kel9sOUlFQnk5SGJLbE42ZURUeWhPTmdtSGlJa3hDbjl3V1lDNkFESHc2aV85WHE5Vm5fVFptNTNLcng5X2g5QU5ab3ZWUnpIajFUTDRPdlh0VTB0aEd3OGxKUQ?oc=5,Publix reveals new store opening coming to Central Florida next month  WKMG,
2026-09-01,business_signal,new_location,Popular mid-Michigan Mexican restaurant opening second location - MLive.com,MLive.com,"Sun, 30 Aug 2026 20:19:00 GMT",Central Florida,https://news.google.com/rss/articles/CBMirgFBVV95cUxONUdGdFRIeXRacF95cjhXRUo3Znhmb0dub053VUFERHVxc29MenNWY2UyTzU4dlB6UkdaaFZOcDU0WFFud2xuT0I5eERMV1hNX3JjR3IzVW1wTGY4LWU2eVdlZnI4M2J6ZENrMU0xZ3ctb3hvRkJPaGd4SzFWZ3dUeVJlNFNDLTJXYzZiWmlRdmRHYW94RXprcWhITnZIZXFQeldpUmMwUmhVbU8wUlHSAcIBQVVfeXFMT0dCTFhrV0RkcTJwelQ3Um91bGlGTm1mVEdCRURBMVctUDhLRlFyLUZyclI4N0hvQnVRZnZ4cUNicFY5N3ZJVnd2b2NJM0w2TGZ2NUQtZzg0WHZtZFpsU29hYTZDOGdrT3g5UE1sYWF3ajlUWkRSY2VoQk5VdEFmUGUxMUlCMWE5TE9nUW1keUxsLWZTRHlEUnFldXRDQ1J6SFdoOWV4cXVxNl9VYnJiY2ZzWUlRT1Fsa29XOTRrMm5CYUE?oc=5,Popular mid-Michigan Mexican restaurant opening second location  MLive.com,
2026-09-01,business_signal,new_location,Trader Joe's Opening Another New FL Location - Patch,Patch,"Thu, 09 Apr 2026 07:00:00 GMT",Central Florida,https://news.google.com/rss/articles/CBMiekFVX3lxTE9kN0FsWnhhM3QtWE9DYWQ5Zm9EbTktOFRWWHNVQ1lDUlFCczUtNnF6bHdTZXgxUXN5ZkRtVVZYRnkwb3VfeW4tejladUs5UDVTRGd2VDF4V01wbmhWX095R3JzbHpwVk9vZGJiRDVKbnUzT0tmRzZ4eWpR?oc=5,Trader Joe's Opening Another New FL Location  Patch,
2026-09-01,business_signal,new_location,Goldflower Cannabis Opens 13th Florida Dispensary in Summerfield - cannabisbusinesstimes.com,cannabisbusinesstimes.com,"Tue, 03 Mar 2026 08:00:00 GMT",Central Florida,https://news.google.com/rss/articles/CBMixgFBVV95cUxQa2NzQnZtWldtY1dDZXNmVUZPcGtZd0pUa3FHaWVXNjN0X1RJRC1xTS1ORFdRSGpaYnlIaExMZ3RET0hmbFpHMjBhaFlsbUhKZXNPcDRRYTNWYzRjeGdRZnZMMFNkY09KdmlaR0NhWUd0NlViZDNybHcxY1hMV2w0d1lOZFhHQ2dJU2tMWVBIT3J4bzZyQjhtby1XLXNXVHhERnRRbUt0eFJwZTNISHdDZFRDNmYtZy1nckktM1JQTWRfNEFuMEE?oc=5,Goldflower Cannabis Opens 13th Florida Dispensary in Summerfield  cannabisbusinesstimes.com,
2026-09-01,business_signal,new_location,"Winter Park investment firm bringing office space to market, planning annual acquisitions - The Business Journals",The Business Journals,"Tue, 01 Sep 2026 10:00:00 GMT",Winter Park,https://news.google.com/rss/articles/CBMiowFBVV95cUxPVWg2V1dxM1h2U1U3eVV5bFItTUNIRElRRUgyTkpqN2ttMXpaak9ZMHNUQ3Axc1ZIMHRXZUZIRzIxd2tPOVNUaVdEaS1fRXNSaVZmYnpzRkV2THl6dlMzZzdNY1N2eXpQX2dGeHQxRDBFa0l4X2JRc1dIRWJTUk9YMWNQRVd4eDFFY0ttcXZMX0xmRUFNRFJVckxQeWVMc0Fvay1R?oc=5,"Winter Park investment firm bringing office space to market, planning annual acquisitions  The Business Journals",
2026-09-01,business_signal,new_location,Halloween Horror Nights expands to Universal Orlando Resort hotels this fall - WFTV,WFTV,"Fri, 14 Aug 2026 07:00:00 GMT",Orlando,https://news.google.com/rss/articles/CBMizgFBVV95cUxQYVV3aVdTWjVXcFhDdDlJMHBxeHV6UVozMERqUWFlM3ptTUxDTG91TnVNbkN6RUJ4Wk93SWdNT2I3VEtPLVhTdVBFSl85bEZSSzlQTmlJcTRSODg3R25zcnd4aUNkUDJZMTRDeHFIbVZMM2l6aFJacFZNdXlWOFFDNFBPVXFTTUhjdER3UEZ6d29WRHAxcGhRS0pnX0dNWUNael9UZUNXUXFxdjZuVlBnSmtBOTFvcHItR0toZXdOalpjbzlHTHNiX2xXQ3J0d9IB4gFBVV95cUxOb3dvazB2OXZYdVI4MmkxdXpNNzdBNkZLZTFsWHAySDFyNzBsTDdObWg2ZWhoaEQxV0hwN3hXdVcyNDFiLXlIWVVWaDcteXNKcDhYcXlGY0VINUwwdXVOM3IwQWF1Q0ZLMmVUdm5icm9vY3pucldLNzVnNFVCQzUyb0t5UjNOdXBnSFZaU1pOMG1xeDRfUmtJM0U3Z2VfazEyblF6NFZMblh6QkpWcWpxeEFrTUNaRkNnZ1Z5aVNnR2tKZXFqcHIwbkZtQ3JEaWNQYWdndjB2YU1qMkNTX1RPUnhn?oc=5,Halloween Horror Nights expands to Universal Orlando Resort hotels this fall  WFTV,
2026-09-01,business_signal,nonprofit_campaign,"St. Pete launches homebuyer, voluntary buyout programs through Sunrise recovery initiative - floridapolitics.com",floridapolitics.com,"Mon, 27 Jul 2026 07:00:00 GMT",Central Florida,https://news.google.com/rss/articles/CBMizgFBVV95cUxNZ1pZOXM4M05rcFBDUWt1N2s5dEFRMWZFaXJlUFU2a3A0UlRMalhqZ0xqTDBDbEd3ekVMblJKbHRQVXgzRXJ6RFZMYWFBbzVSbWdKbHg3bEMtV2Q0TVE2Mk01bnNTcGJvX0VfTTBlNDRNcjRlYjVWYmtFWGJidWFwZGxCSUNaZzJ1ZXFCOHRGSDZIOVgtcG02RUNyZElEc3hqakYwYnUtUVRzNDlwb2pVMXlJSE54eVVKMUpvOXFmX3JGOE4yQV9kQzluU2FiQQ?oc=5,"St. Pete launches homebuyer, voluntary buyout programs through Sunrise recovery initiative  floridapolitics.com",
2026-09-01,business_signal,nonprofit_campaign,Orlando’s LGBT+ Center kicks off new fundraising campaign to offset federal funding cuts - Orlando Weekly,Orlando Weekly,"Tue, 15 Apr 2025 07:00:00 GMT",Orlando,https://news.google.com/rss/articles/CBMiywFBVV95cUxNcXNvVEVUOE9sWHd2SjAxaFRCX3pnUUQyNUdQUTJleDhNNl8xdm1qaUNzNTR6MTFFMm9JWW5kdWg5YmlDQzk5M2pUSTZkT0d2R2R2N1p4bURGRURCU3hvWE13V1hUZFFhcllnYm16QTdPOTV2Ums5TUhKQXc4QjNxRmMwRjdfcjhfaThWQmhUMUpnVGVSckJOWlE1d0lyQjV2ZzdONDdIOW03VTFhLWhJX2lhRHR5bUY4QnJsOEtoZG85dlMzRXAzcW1MTQ?oc=5,Orlando’s LGBT+ Center kicks off new fundraising campaign to offset federal funding cuts  Orlando Weekly,
2026-09-02,event,black_cultural,"Tea parties, hidden Florida, Black legacy, American road trip create a season of art - Orlando Sentinel",Orlando Sentinel,"Wed, 02 Sep 2026 09:01:37 GMT",Orlando,https://news.google.com/rss/articles/CBMilwFBVV95cUxQUkxNX0tmbFByUEZPcnk1ZDFFMnhXR1lNTHdLRkd0cUFTMXZtbDFkWkktUGhJWVgyR0RQNkF3NmtJQ01zdlI5b19iWm5BSk9tUUhTdnMwNUNSQ3dfb0FpWklMTm5xblBSb3ZkeUxRNDN4ZHB0UWVPUDZ3MFpmcF9BMnVadDZjS1AtS2VkUFVJMUJHSHBSdElV?oc=5,"Tea parties, hidden Florida, Black legacy, American road trip create a season of art  Orlando Sentinel",
2026-09-02,event,black_cultural,Central Florida social club celebrating Black History Month with Wellness Block Party - wesh.com,wesh.com,"Thu, 05 Feb 2026 08:00:00 GMT",Central Florida,https://news.google.com/rss/articles/CBMiugFBVV95cUxNeEJKQl9VWGlDaGx2cWtOd09KSmo4YXVSekV1UTNrY3RISmZ4R1J4eW5oSGZmUGlLWVhlNGpGelVzaGU5Z2lSRFNJZTF3d3V4NnZmVjl3T1JoWUZzdWlWS2h2eHhTRU9vTjVSRzdmSG15ZVJKV3lQRURFamVWYmFMTmtnZjJUVTNNaDc0Z28teUZMWHQ4aTRqdUVXdVB5TGdVcXh6eXFGaUZxRHpfN0U2a21nbEgtcWFUQXc?oc=5,Central Florida social club celebrating Black History Month with Wellness Block Party  wesh.com,
2026-09-02,event,black_cultural,Osceola Arts Marks Black History Month with Art in Public Places Exhibition at Kissimmee City Hall - Positively Osceola,Positively Osceola,"Thu, 05 Feb 2026 08:00:00 GMT",Kissimmee,https://news.google.com/rss/articles/CBMizgFBVV95cUxQTWtlUWc0cE5Ob1lXS1RJVWRvZ2JaMkZsMWhzWHJ0QTJPaHp3QmM1NHdBVnlsd3BncFlfbEoxeGFJRW5iZDlKMmFiQlNMTnBadUVOV29BYmZRdUJCMDFNQ2owSWVvNzVGWmRqUGlLb1ozUERtSS1QcExYbmlxUWJyelV4SlRBWDRwUFJxX0owT2V0U0NydnVfeEZHWm83SUpBWlcwVVlkdWF3Qm83OW9xZ2NzX0ZTVlJzcGZlb1JhQl9sLWkyd1puaDRGLVZzZw?oc=5,Osceola Arts Marks Black History Month with Art in Public Places Exhibition at Kissimmee City Hall  Positively Osceola,
2026-09-02,event,womens,Hundreds gather for 2024 Women of Orlando luncheon - wesh.com,wesh.com,"Tue, 25 Jun 2024 07:00:00 GMT",Orlando,https://news.google.com/rss/articles/CBMikgFBVV95cUxOc2dnSUlsV2ZuN1hVSjY4Q1djb2FpRzhoNjltaG04V1V2Zl8zclp2M1lRY19LMDRoNUpzbk5fQ1BUcmhzMkM3dVY4VGJwTU94RFkzMkxzcWVGcUxxdExfZWo1NFdiVkNva0Q2WHlWQkwwNXJ1NC1uYWZVa3ZFVVVPb1ZlUkdKbFlKbTkwMk9sNDJCZw?oc=5,Hundreds gather for 2024 Women of Orlando luncheon  wesh.com,
2026-09-02,event,womens,"‘Brought people to the table:’ Orlando business program promoting minorities, women officially replaced - WKMG",WKMG,"Mon, 20 Apr 2026 07:00:00 GMT",Orlando,https://news.google.com/rss/articles/CBMi5gFBVV95cUxPQXNkcFQzQjRyOEllTndwako5cVdqS0s5RXV4YVlyOUhpV3pLaHdxVUd3RW9tUjhEVGJmbmV5VlFMZURFVy1pWk5aMVNFeFpiV3N5SUU0Z1BxVFNwVG55N1RlLWkwa0ZGWG80djRfeUExUmZGQnF4cHhtMVI5dGNRQ3Zmdm5kYkxHN0tDU1NobzJVdWZMT3BUX1FoNHNHQmhwUV8zdk14WU0ycWo5ZDFiYjdzX3lJZVE0ZEJzTndFcjlUMjMwRkZrc256bkVTQkZxZWp6ZnlwWWR5Tzg5cU1pZS1aakw4UQ?oc=5,"‘Brought people to the table:’ Orlando business program promoting minorities, women officially replaced  WKMG",
2026-09-02,event,creator,Immigrant advocates demand accountability for ICE arrests at hospital - Orlando Weekly,Orlando Weekly,"Tue, 01 Sep 2026 15:17:37 GMT",Orlando,https://news.google.com/rss/articles/CBMiwAFBVV95cUxQQmw3Z1BFcjg2dEVRLTZJdVFGZnAtQnZEb285blI3RzRMUXVDdTBkZXRUQUVVX0dWcjdoMlNmX0ozaEd2Mkl6bEV1cFdPOHFiYi1abGl6NkVuZ2VQYjVBb0hsTmk2TTFLZWZCdUZPUk1hNzA2XzAyMm0xTVJqSnRJR1ZCclR6eHJQa1F0dWhsUkpLb0wwSldERGVXV3dJX0VaRFlKMkdfTlI2VVdCQ3d3WHhVYVlkNkpKU3NpMi1vM3Q?oc=5,Immigrant advocates demand accountability for ICE arrests at hospital  Orlando Weekly,
2026-09-02,event,creator,YouTube joins Meta in appealing a jury verdict that faulted them for users' social media addiction - WKMG,WKMG,"Wed, 15 Jul 2026 07:00:00 GMT",Central Florida,https://news.google.com/rss/articles/CBMi2wFBVV95cUxObGtJdzhJUC03RzhsVVQ2Sjc0R2hOdkJSdDRDUEN4OVljTEZYdlVIR3BpY0NPMXlGRzlNNGlMb0VYRzdyc3VKVG0tVXI2VUhDU3oxTEstTUUtanNwTXg2ZXNJUWtsZlMxOXY1d3otX2N1WUV0Z3FRWUhVV2V6Tlhua1lNMXpKMDFuTktFQ29OZ0ZwNXA1MWt3ZV9iaWhUWnp1d0tGVVg4aGJXSVJIOEdySGVXcDJEb0RsZndfLVhHbzBIbFlrZWg4eVhXLVgyamJzVk5RbE9nYUVYU1U?oc=5,YouTube joins Meta in appealing a jury verdict that faulted them for users' social media addiction  WKMG,
2026-09-02,event,nonprofit_programs,Applications open for the 2026 Dr. P. Phillips Legacy Microgrant Program - The Community Paper,The Community Paper,"Wed, 22 Jul 2026 07:00:00 GMT",Central Florida,https://news.google.com/rss/articles/CBMitgFBVV95cUxOZFZNWENSYUtpTDVqb0YwV0ZoNlpfME1MRWd5U0YweFhQekFfYndwMG1yR0htZElTUmRjT1d2SkQ5NzVJSUhVQVJYZU9ZWGlZYWtBakJULTl1a041TDBCOHhaaDFaM1gyNE55THozcmVsN204clA4SHpPQmpFdzRJSEtyS3ozeEJrTnY4SkxGSnU1OWJwelpNbzJfd1hDZEdoZkxucFpGMlNDUHJVZkxTSVFPLTYtdw?oc=5,Applications open for the 2026 Dr. P. Phillips Legacy Microgrant Program  The Community Paper,
2026-09-02,event,nonprofit_programs,"GROW Healthy Kids packs 1,200+ recess kits for 23,000 Central Florida students - WKMG",WKMG,"Tue, 01 Sep 2026 17:47:12 GMT",Central Florida,https://news.google.com/rss/articles/CBMixgFBVV95cUxNc0lIZ0tDai12eU5ZNmQ1cWo4aUdUSWtFZlVIc2xkZXF6UVMtRFI2amRoTTR3cURoNVBtSnRPVFVneFJPZVNIdm9ZZ0NzalhZTVI2Uk1hcUtzUFc0X2x1SDdZSW93NlVPSmR4WFBkSEtSdFdsN2t2QkNxMGlrT0xBNE5aaDRmYUlFWGdBeHBIdFhQczk0eHQ2M1dVQXVyc0gzWGIwbG5iQl82clE3T1dLcFhTWGV1Z2Mtc3Z5OHNfeTJaRnVOblE?oc=5,"GROW Healthy Kids packs 1,200+ recess kits for 23,000 Central Florida students  WKMG",
2026-09-02,event,nonprofit_programs,Sesame Workshop files lawsuit to end deal with SeaWorld - fox35orlando.com,fox35orlando.com,"Fri, 13 Mar 2026 07:00:00 GMT",Orlando,https://news.google.com/rss/articles/CBMiZkFVX3lxTE51QVdPdWlSVFowcnRnLU1VSXVJNzlqWHNHMVpuTWtnemFxd3Y3RmhXd1hteEdCZ2pUbnRsdzZVWmZheDNMdUlfN3BjNUFFampGZmRZOUUwZ3RXMnZKSkRqT2s3enNlZ9IBa0FVX3lxTFBkQnBjR3p6NTR6VWhzTjlFMENlVnJVeDhnNkc2T3ItSDkzOVZaZGwxa2lfMnpXWVI0d0VYYno4S1FlSkRYdFlad2gzMjh0alJLRnJUVkVjb0NfSlhtX3QwRzEyX3BId1Q0aXpB?oc=5,Sesame Workshop files lawsuit to end deal with SeaWorld  fox35orlando.com,
2026-09-02,event,community,WUCF to Host 12th Annual Be My Neighbor Day on Feb. 21 in Orlando - WUCF,WUCF,"Tue, 20 Jan 2026 08:00:00 GMT",Orlando,https://news.google.com/rss/articles/CBMimwFBVV95cUxPa25tOERYSHFBZzNhc3JZX0c1S3k0TWRqOS1yNldFZXZ4UzQtbzljTVV5MW9ISVhvdWhzUkZyeDZEdEktb0t0X3VLM2FOU3kyMmpqQW51bnFKVDN1MHZfMERlejIwcmhJVEpLdDd6NWRlLS1rWFNRZl95SHN2LXVkcG1RRkJBZ1FIZGE1VkNPU0o5VUNwMXhBeDAtWQ?oc=5,WUCF to Host 12th Annual Be My Neighbor Day on Feb. 21 in Orlando  WUCF,
2026-09-02,event,holiday_activation,New Dazzling Nights holiday event returns to Harry P. Leu Gardens - WFTV,WFTV,"Wed, 02 Sep 2026 00:55:04 GMT",Central Florida,https://news.google.com/rss/articles/CBMi0gFBVV95cUxNNjdsNGlqdEM1QjB3cTR1Q3M1SDN3VzRxX2t2OGF2RjAwaWthTVZYTENFT2RiVHBEMGpkTnlrVlo0NGNQTEdaUm5EZlJZNUdQMVVVTmxXMFVTUl84dUxwLVBVN2tXXzVxX2Y4aFZYc1MxS1RtOFpGRHZhblQzeTh3MVdLVU5aZ3BLeElpdlJWX0F5U09ydFAwbTZVUXdFQ0hEUEc5RHMzRWJ4UG5HeWRBdjc1YkVGbzk0N3ZLZGw0U3FlMzRMSVJlWll6TDc3dGUxQWfSAdIBQVVfeXFMTTY3bDRpanRDNUIwd3E0dUNzNUgzd1c0cV9rdjhhdkYwMGlrYU1WWExDRU9kYlRwRDBqZE55a1ZaNDRjUExHWlJuRGZSWTVHUDFVVU5sVzBVU1JfOHVMcC1QVTdrV181cV9mOGhWWHNTMUtUbThaRkR2YW5UM3k4dzFXS1VOWmdwS3hJaXZSVl9BeVNPcnRQMG02VVF3RUNIRFBHOURzM0VieFBuR3lkQXY3NWJFRm85NDd2S2RsNFNxZTM0TElSZVpZekw3N3RlMUFn?oc=5,New Dazzling Nights holiday event returns to Harry P. Leu Gardens  WFTV,
2026-09-02,event,holiday_activation,"Holidays at Walt Disney World: Parties, event dates and details - fox35orlando.com",fox35orlando.com,"Wed, 24 Jun 2026 07:00:00 GMT",Orlando,https://news.google.com/rss/articles/CBMikwFBVV95cUxNRlROblZUZ2tsQjlkMVBTbER3WDZuOVBlZ3NHSWVKbVc3OWxXdXFIelV4R25xbEpjN2xvQVhTUDFXUkxPdHh0TTJ2SVk1YTU0TGQzcHh5QW5mb0xLWXczajE1dkZZWm9rZ3FLN3lobGlsWDczMkVpTktDZENxdXJzbWhfZUF3SXc5c3MyQXBlaGwzZ00?oc=5,"Holidays at Walt Disney World: Parties, event dates and details  fox35orlando.com",
2026-09-02,event,holiday_activation,Universal Orlando Resort Features 2026 Holiday Events - Recommend Magazine,Recommend Magazine,"Thu, 06 Aug 2026 07:00:00 GMT",Orlando,https://news.google.com/rss/articles/CBMiogFBVV95cUxQLUQ3WHp0MXVWOVhIbWdBZGFjejQ3TUhUZ1NLaXRKZWVSaWMzSENKM0ZtdU1tWVpGQUlwVkhaLU43MHc0el9YLUVjUlZsRUkzV0hPbFM2RjY3dkJIZEFsR0ZlSjFoMmxSV1duVVg4d3RaV3JjT250ZGU3d3VKdEFBM0ZLSEtiaWNDY2pyMnVjS2hhbUxsbXhOU21JekFJdklKRXc?oc=5,Universal Orlando Resort Features 2026 Holiday Events  Recommend Magazine,
2026-09-02,event,holiday_activation,Christmas in July: Orlando Events and More - Orlando Date Night Guide,Orlando Date Night Guide,"Tue, 07 Jul 2026 07:00:00 GMT",Orlando,https://news.google.com/rss/articles/CBMiekFVX3lxTE9JblE0QXFYZzVnRTlQc2VmVmt1ZnFOSmtFZGZ3ZlBKMzVVeEVBcTl5UTRleHFMUnFvYmZNRUhocnViWkFGN2NZWTJUZVh6WEVMTWFEV0VOSjVoVXFPMnhpQzNDbUo0ZWJrYmlWb3ZZTXpaNC1MSmhIYW9R?oc=5,Christmas in July: Orlando Events and More  Orlando Date Night Guide,
2026-09-02,event,holiday_activation,Pop Up Mob Brings Nine Beauty Brand Worlds to Life at Ulta Beauty World 2026 in Orlando - Business Wire,Business Wire,"Thu, 28 May 2026 07:00:00 GMT",Orlando,https://news.google.com/rss/articles/CBMi3AFBVV95cUxNLW1WaEZvM3dySTczalRkR0Jwcjdfc1Q2dEJic0VQbWZuM1NzRGx5VW9HTmIxSHlPRDdsdUlaQ3hnczIzV25mTG1NWnlfNnJTdUlLM0NVNm5CcW85clVHTlFkdGY1UEY2M3ZLSXlRVFVHY1BOTGtLMmVpQWdpMERrUmFCMm9QV3ctTUlRbGlCOGZpcEFpXzFLMEplUE5wdmNHSEdBT3VXd0FLaEtCTjZrZXpOdnhpRmVBU1JBeGlZQUZLRUpMenQtRDE4UFZUdDlDSnZySXBPOHhZX0N4?oc=5,Pop Up Mob Brings Nine Beauty Brand Worlds to Life at Ulta Beauty World 2026 in Orlando  Business Wire,
2026-09-02,business_signal,influencer_campaign,Woman Founded And Operated Marketing Agency – ME3 Digital – Executes NIL Football Campaign For Hooters - RestaurantNews.com,RestaurantNews.com,"Tue, 30 Aug 2022 07:00:00 GMT",Central Florida,https://news.google.com/rss/articles/CBMi0wFBVV95cUxNQzZReEExdG8xcTd4TTVQVFFiZjMtRkx3TnhzcHRDT0hwNVNSRGVPekR1amx5X1hpbDJvb3loVFV3RlVCcHhwVzdSZGZ5czc5QkJRZDFxc090aEtYMkZURm9IMEQwemd5eDJzMmZKSnQzRDVBemJXRktZRV9FRDR4djZ1R0ZPNjYybnQtellTRmZCRkM3N1dfTVhkenpmZlEwNTdMQjdoRVNISk9OQkQtV1ZickdfZTZUb3hUVHlBZjBLQ1VBVnV1OVdZWlpFOTB0ZENF?oc=5,Woman Founded And Operated Marketing Agency – ME3 Digital – Executes NIL Football Campaign For Hooters  RestaurantNews.com,
2026-09-02,business_signal,influencer_campaign,Restaurant stops selling Bud Light over partnership with trans influencer - fox35orlando.com,fox35orlando.com,"Mon, 17 Apr 2023 07:00:00 GMT",Orlando,https://news.google.com/rss/articles/CBMixwFBVV95cUxPbUJsaGVaNGU1UU5wc3YtUEtMNzltZjBaT0JSamU0aUt1ek1YUy1oN3JweUhPMjZVYmMyVUJ1TldtQVl5Z0RuMjZzVHRsbFpMcUZ0U1htQzBsQVdZaTJVSEhOUE9GMzFQT3Y0cEk1RlN2WXpNQTgxX0tfVnQxNkQxeFdLMGZ5ZGtfUF8tTHJ2ZWl0QzF0Q0ZzSmF0dWJ4X2l3VDlkUFZicDRCMndnS2xvTTV4VERNRmVsVXRncWNSRzVsUG9rY2pV0gHMAUFVX3lxTE9HUXMtYWlNcnhsRlQ1cy0yRGNYQVpJNFowckZuSVhoQnV3NmJnNVdPSnUtMkN2TklpRDZlZ3NZRGV4RTJFOXhRcmdzX1RGcU1GUmlzNlpLYXVTb0xKWjBMM1laUTJHYXZVRHp2S3VNdXoxaV9nRWk0blFMVG4zYjBzRVRSb0NmMGhtZndlZmRCYU43eWREM2pTeEcwTnlNdXlzVHk4SHBydWU5ZGowTUQzdDh6R0Fqald6akJfZ2RVTk1xN0llMWEwaFVWaA?oc=5,Restaurant stops selling Bud Light over partnership with trans influencer  fox35orlando.com,
2026-09-02,business_signal,new_location,The Crave Has Arrived in Kissimmee! - Business Wire,Business Wire,"Wed, 06 May 2026 07:00:00 GMT",Kissimmee,https://news.google.com/rss/articles/CBMilgFBVV95cUxPSXlGZ0lvOG5QdkdxSU40bTZ0TVRMTTFkeVgyUXFXUV82Vm5URGJ0S1RuS2RlbU96blBsWDVibjd3czhDTjVReEJ3TWRwU3Z5Q0QyQjB0UGpCVUhOSy1EM1lpYk1lN1hoZEZpNUlCMTdFZkd6M090MVY5c3dMNUllbFY1a2ZkeHJMdGd2NThHcnU5bUY2YWc?oc=5,The Crave Has Arrived in Kissimmee!  Business Wire,
2026-09-02,business_signal,new_location,Orlando H Mart Food Hall Expands - Perishable News,Perishable News,"Wed, 02 Sep 2026 09:01:12 GMT",Orlando,https://news.google.com/rss/articles/CBMihAFBVV95cUxNazA0VkYtZHpEMS1oM1I4cG1ZODZoN3duczVMUXlQY2FiaHg2Wno3VFNUVExBVGo2U29wUTBaOVJuTUFpOVhlU09PeWdTYi1LeTlaM0lGX1MzajFfRmZEUEJTUGFSVFhkRlBaMnpOQndEVDFkUmRjbjlnLVJlWHRSTkFtQm0?oc=5,Orlando H Mart Food Hall Expands  Perishable News,
2026-09-02,business_signal,new_location,Orlando’s 2026-2027 Arts Season Preview: Opera Orlando Expands Its Reach With Landmark Season - Orlando Magazine,Orlando Magazine,"Tue, 01 Sep 2026 11:57:26 GMT",Orlando,https://news.google.com/rss/articles/CBMiwgFBVV95cUxOalZzc2YtY21NeS1TWDZjQXNOakNJUlFQOWdpNGtUUUlqaGk3M3F0T1BZcjZ0S1llWUJoRkF3bVJLSHVzQmluaTdnYWpNc1JWSTZITTl2dF9DV1RpZ1dyZXR5ZlBVRmxkZWdiR05ZNjBlN2NLV1FsSENHUjFIcElZdXI4blFNRldHenZlVFREdUkyREw5Y1k3ejl0eUlRZnlmc3JYZV9OTUM1MG1EQmF1RGdyenhBQnNKOE56akNRMlplZw?oc=5,Orlando’s 2026-2027 Arts Season Preview: Opera Orlando Expands Its Reach With Landmark Season  Orlando Magazine,
2026-09-02,business_signal,new_location,"Triple Crown: Orlando Leads the Nation in Job, Population and GDP Growth - Orlando Economic Partnership",Orlando Economic Partnership,"Wed, 26 Aug 2026 17:04:22 GMT",Orlando,https://news.google.com/rss/articles/CBMiowFBVV95cUxOQUpYTlZabzhwblJ1a1RCYVlPeTJxam8tU0RPOUJJMWdPWTRISDc0MzBiSEZORDF6WWs3Q2dRWUJIUE91V0RSd3JTbVVyTFhBMzlFbGVsbFgtSnZqZmMxcTRnTEd4XzNzbW5PSF9rZUhCQ2dmV2tMVU5oYXl0aWtTamtNN2ZVTi02bEc5MkhFajBwamZoQlQ0dGlUZkpOd1pONWow?oc=5,"Triple Crown: Orlando Leads the Nation in Job, Population and GDP Growth  Orlando Economic Partnership",
2026-09-02,business_signal,product_launch,73RD PGA SHOW SHOWCASES GOLF’S MOMENTUM - Golf Retailing,Golf Retailing,"Wed, 28 Jan 2026 08:00:00 GMT",Central Florida,https://news.google.com/rss/articles/CBMi4gFBVV95cUxOUkRTU1V6NGQySXh3SFpfT01UamZhT1dzTDNXVTAwWWpTZ0lUWGFfUWRwNXhCaldFTFc0Q3FXZ0RZc19qNU1oOTdOSFNCSjY1U1R6NkdIamJjTWhveXN3WDNGUlh2S3oyNnhvWjk1aEZvdHZQVy0xRzBvMUJTdXgwVVB5Y24xNUkySlVXQ3BkWDZFb2tmRzlWOHdWM3JVdUpzaEw4SHNhZDNIVFJRN1liN0pzeWpyNjc3ZkpXdFhhTWlRSGNUNVBkRnhqNUJOVDZEZUcwaThtUFFBcVJXbVlkQmNB?oc=5,73RD PGA SHOW SHOWCASES GOLF’S MOMENTUM  Golf Retailing,
2026-09-02,business_signal,product_launch,"Southern Exposure 2026 To Feature Grower Panel, Product Launches - The Shelby Report",The Shelby Report,"Wed, 18 Feb 2026 08:00:00 GMT",Central Florida,https://news.google.com/rss/articles/CBMipgFBVV95cUxQTWJKWXVMeTFzelk0d2hRcVVLWS1YN1hReElibjdaeEFzNmJicTlScE9fbFQ1alhjYTJPZTVTS0ZfQ2RkbU9naG5ueVNUSWhoclpxNUEwYllHS3owcGFEaFpBQnVWWG9ha0Q0UURHN2ZlM0VIU29DcU02TzZ4cW5NNWh2TGVhY2FJc25mUkZmOUhNM3FHaUVhUUs1Vks1aUFMV3J1b1Nn?oc=5,"Southern Exposure 2026 To Feature Grower Panel, Product Launches  The Shelby Report",
2026-09-02,business_signal,product_launch,"American Rebel Holdings, Inc. (OTC:AREB) Proudly Announces American Rebel Light Beer - America's Patriotic Beer - Is Now Available in Central Florida Through Wayne Densch, Inc. - Yahoo Finance",Yahoo Finance,"Mon, 01 Jun 2026 07:00:00 GMT",Central Florida,https://news.google.com/rss/articles/CBMinAFBVV95cUxQWkN2NHIzSkc4LWRCME9XQnJFeUtTR3ExMEcweThjb0QzS3hUS0Q3WXZiREs5RVRCMVI2anZkX1c3d2xIMW05d0t0Qy15bDdvUDhDT3lQY3JlMDBhR2loWjkxNEltdkliVjFyY3dueEUyUURlVFpHajg0MElPaF9yby05NTJyNU8zMkpEdjAtdEVKRUJHdk9sejY2emo?oc=5,"American Rebel Holdings, Inc. (OTC:AREB) Proudly Announces American Rebel Light Beer - America's Patriotic Beer - Is Now Available in Central Florida Through Wayne Densch, Inc.  Yahoo Finance",
2026-09-02,business_signal,nonprofit_campaign,Nonprofit launches 60-day fundraising push for birding park - The Apopka Chief Newspaper,The Apopka Chief Newspaper,"Tue, 24 Feb 2026 08:00:00 GMT",Apopka,https://news.google.com/rss/articles/CBMikAFBVV95cUxPTWRka01odlpkaEc0WktnWUpJVUNENUZsY0tHTkpZeWRKVHJ0a1E5SEVGaFJnakVrMXBJSFBjRWdQVTU2N3gxTFBneEpwbzl6MlVyUVNTZEVGVC0tV3dHeXA4Zl9kRGtSS2pjS1EzRG53UnZXekNiSi1Qc1VIWHZRSUViV0xzYzF2RGp5X1VwS20?oc=5,Nonprofit launches 60-day fundraising push for birding park  The Apopka Chief Newspaper,
2026-09-02,business_signal,nonprofit_campaign,Local student launches hydration kit initiative for vulnerable populations - ABC7 WWSB,ABC7 WWSB,"Fri, 24 Apr 2026 07:00:00 GMT",Central Florida,https://news.google.com/rss/articles/CBMirgFBVV95cUxPM2ZUSlFidjMzdFZCcTRDZTAtZXE4UDV5dUdGeEJTTUZmZDFxeTR6NWVuUFpXYU02endpS0RaMzZFb0x5WXFWR0JxZkNnUWY5aHM2dWhpcEJYVEFRU3hnYVFQMFlUNUI2djJYLVdlaTdhVUFIRzZ1VHBJX0R1bk9vakd1Z0lpdDB2c2VVN1UydG13eUdQVVEzSnU1LUJxS2FnOFh3cVNNbFVmY0QtM1HSAcIBQVVfeXFMTWE4M2JETFN1RlZlTzJkc3IzN1FmX1BUVkJHUHRzWTRrNUNBb3RsN0ZnS3ZKUHM3QktnUi04eWRUTmlIYjFqQzlPWEt5YWg0ZnI5NTBtcHFLYjB2YV9KWVcxbTlaeTJqNWRKeFFDWmZZajl2ZXpEeVd2cTU0dHhxOEJKOUlUaE1qSGtlREo2eGJpQmpnYU9aRjdxNEZUWkxJc3dNR0FlUkx0UHRveHlxdlBlN3FwMjctOFM4bW1STVIxdkE?oc=5,Local student launches hydration kit initiative for vulnerable populations  ABC7 WWSB,
2026-09-02,business_signal,nonprofit_campaign,PR Daily announces 2026 Nonprofit Communications Awards finalists - PR Daily,PR Daily,"Wed, 01 Jul 2026 07:00:00 GMT",Central Florida,https://news.google.com/rss/articles/CBMilAFBVV95cUxNRGxCTjdjTDNodnJkSXVTZEZBR2tvNk5TMER1dmZRVkV6d01maHBSRjdhaDY4M2ExcjBUWTRHUXVKX1ZySmRaTFZwd2gycHhzZ3hSaDJxVUtVdFBza0czUTQ3eklZdkZwbkEtMUxyT0EwZG5ITTZqeUwyR2UtLWI3all5RVJBOXV1T0tPRmlnMW1lQkpE?oc=5,PR Daily announces 2026 Nonprofit Communications Awards finalists  PR Daily,
2026-09-02,business_signal,nonprofit_campaign,"New initiative helping children with hurricane preparation, affects - Spectrum Bay News 9",Spectrum Bay News 9,"Mon, 16 Mar 2026 07:00:00 GMT",Central Florida,https://news.google.com/rss/articles/CBMigAFBVV95cUxORnhBVE96OTBrTmVQTElOVnBjVWMyZlE3ek11MFRoWkNuTk9MbkNRMGN0N1owVXVRSlh4aW9IWFV2VGEtd09Xamg3bjE1bkhXQUtXWXBpRURzSDdmZGhZWGFHSktyU2tQVTd2VDc0U3RFX0VXWXNhcGJQWm0tY0xmSQ?oc=5,"New initiative helping children with hurricane preparation, affects  Spectrum Bay News 9",
2026-09-02,business_signal,nonprofit_campaign,Orlando’s LGBTQ community to get more mental health help from new nonprofit - Orlando Sentinel,Orlando Sentinel,"Thu, 09 May 2024 07:00:00 GMT",Orlando,https://news.google.com/rss/articles/CBMiugFBVV95cUxPeUs3V1FMUXZIbGZNTzkweFlUMTFCRnZrUGFXQV93LUN6R2xqbmIzRUwwNkVBVEJTR1gyVVdjSFg0M2JOaGNlN1ZDZUh2X3FfY2VGaEJ3SmlHWEpZR0tMVXo3TXExTlNCZmoybG9fNlFzVDhrUm5UU2R5VHlZbHRSWlJkRUZ4TndmZ1BOU2xwcHR6b0xzUUdiemJBLUtRYW54T0xvRjdaNFAwY0NPTG1xZDdyazZsRktBbVE?oc=5,Orlando’s LGBTQ community to get more mental health help from new nonprofit  Orlando Sentinel,
2026-09-03,event,black_cultural,Una Gran Celebración: Hispanic Heritage Month Events & More - Visit Orlando,Visit Orlando,"Wed, 19 Aug 2026 07:00:00 GMT",Orlando,https://news.google.com/rss/articles/CBMie0FVX3lxTE5UaVAtMDA5a2R6Nzctbk8yc1BMcmlETFpfRGZoQTFaRmR3QmFTeTZFMmhreGNNbndsb0ZCUnZVQ3dxeUJWLWNLREx0QUcyVHZUY0xEWE90U05VOTdLbzdQRFY0R1d0WWwwamtPWmhuNmxPZklMM1AxQlcyZw?oc=5,Una Gran Celebración: Hispanic Heritage Month Events & More  Visit Orlando,
2026-09-03,event,black_cultural,"Beyond the Skyline: Black History, Entrepreneurship, and Change in Parramore - thehistorycenter.org",thehistorycenter.org,"Wed, 25 Mar 2026 07:00:00 GMT",Central Florida,https://news.google.com/rss/articles/CBMikgFBVV95cUxNd0xuZmxyS1BFQmFLb090dklSN3g3YmR4bnJlNjdwckRQME5VM3RxaFRLVHFQYjNXMHM0LUNQemFHUjhqcXJhM2N5ZWF0QjVpckRBVnQ3SEFRQkg1WkdPMEpXZmNEOTl4Q09NSXFrUmhWUkxKa3JoZkxmbF84aExDNEUzVzlDWVN6NjJuNjl2SXY5Zw?oc=5,"Beyond the Skyline: Black History, Entrepreneurship, and Change in Parramore  thehistorycenter.org",
2026-09-03,event,womens,Doubling the impact: Orlando brings together National Wear Red Day and the Go Red for Women Luncheon - www.heart.org,www.heart.org,"Tue, 17 Feb 2026 08:00:00 GMT",Orlando,https://news.google.com/rss/articles/CBMi0wFBVV95cUxOMl9XbWZMR2V1UE1fUEN1cUZZU0lrM09KMldBWEZJRW0zSF80NGpVVkdjSXQyRnItMWFLSGVUWEpLWFRhdVJ5QnZQTFF4UnVJclY1UkNHcDl2WnA3amFNanhqTC10V3BZdHUwanp6bHJ6bW56eWJuQ1RmR1k5S2w5T21DMmJQNjAySlRQVGVJWDJnT0xUNjFoZlB2NVBORnJhZWlIV3dFRzN4ZXREWmdBWVprbHJFZGFZWE82ZmFNQXpzUkR5cFhvcVdVemlFeTcyWGdr?oc=5,Doubling the impact: Orlando brings together National Wear Red Day and the Go Red for Women Luncheon  www.heart.org,
2026-09-03,event,womens,U-M to Head to Orlando for Outdoor-Season Opening UCF Black and Gold Invite - University of Michigan Athletics,University of Michigan Athletics,"Thu, 19 Mar 2026 07:00:00 GMT",Orlando,https://news.google.com/rss/articles/CBMiyAFBVV95cUxOcWdxXzJLZHFySVpKQ3J0dmtvQ3hpQ0laaE90UUFKSjl0X1NDdE1qRlRIYkM2WlJIV1JyWFdqd0V5WjhWX2VSNGc1Tmc2cnpiR0VxS1FDeERBNlQ2d2RTNHpEZGdkTVZ2aVp0aEdZNHEyZkxxaWR3Rk5iRlpodzVnWk9BY3oyNW1EWnpHTV9ZRHlleVFiVzczX1NERTFPVlh5UG0xX0l1cjNSQXB2TWlRdF9OaTBMZEhKNnhSQmRvZUdnOUcwYlo0Nw?oc=5,U-M to Head to Orlando for Outdoor-Season Opening UCF Black and Gold Invite  University of Michigan Athletics,
2026-09-03,event,womens,2026 American Women’s Golf Championship Returns To Southern Hills Plantation Club - American Conference,American Conference,"Sun, 19 Apr 2026 07:00:00 GMT",Central Florida,https://news.google.com/rss/articles/CBMiwgFBVV95cUxOeFlBdjN0cy1jY3lCYk5SZm1QSi04cngwZlJqX2dWcEI5azQ0WVFkNkJTcDNrbTBHMEJRNThyVlJ6TG1ZRXpVbFpuendXOTZtWWJSaHR6THFreFhCVi1tLTI4TTlJRXF3NW5VQ05pVHNXRU9ickw4NHhEZ3NIaERBV2M0Ti1kOXlhVndsM0FKYlFpVDNfSFF2cnJlcW9MMFBVcTNmeUd6WDZtMU5XXzlJVEtwc3MxRlFISDRpRHJfLXh2UQ?oc=5,2026 American Women’s Golf Championship Returns To Southern Hills Plantation Club  American Conference,
2026-09-03,event,womens,FOBANA to celebrate 40th anniversary with major convention in Orlando - daily-sun.com,daily-sun.com,"Wed, 02 Sep 2026 05:14:53 GMT",Orlando,https://news.google.com/rss/articles/CBMirAFBVV95cUxPNlBfVG8xT1ltOWcwSXJkand5amFzd012eDV4Tmo1SkJfYmE1UU93X1hBRGd2SUZMXzduRHFKZzRxMGpjWFhNUEJaOHlrajNoaDAzaTlkM3hRXzBjNlVsa2w3SjBxRDdjLTIzUEpudmtacThDeENWQVZDSUZvTVdYSmoxcElJTzdaem9VT0NKbHJaZXpPRk9yZ1ZOeDZEcXQycUhRaHE4SEIzWTZY?oc=5,FOBANA to celebrate 40th anniversary with major convention in Orlando  daily-sun.com,
2026-09-03,event,womens,"Warriors Announce 2026 Women’s Empowerment Month Celebrations, Presented by Rakuten - warriors.com",warriors.com,"Thu, 26 Feb 2026 08:00:00 GMT",Central Florida,https://news.google.com/rss/articles/CBMitwFBVV95cUxObjJTWGJ0TnhjczIzUm9ZWEJuMEpNaUNTMUd6dVlMaXluRl9jN1BKa1IzWmxwYUc4MDBLeEZHUTBvR3R4MjRMNTFmMzhkR2ppZ0lLUnE4V01yZzRCOGtiRUVfcFVOOUxUM1hWWXVsSU00cVNhTVpVSHhITWpyMTJGMkI3NEI4Z1V0V3BIbzNBU1NZbE02VjFISzlfeFoxVlQyeEE5SXJMQ2U4YzB4R2ZMX0pzOHpJRXM?oc=5,"Warriors Announce 2026 Women’s Empowerment Month Celebrations, Presented by Rakuten  warriors.com",
2026-09-03,event,womens,ManifestHer: The Rewrite event promises transformation and inspiration for women - KATV,KATV,"Mon, 24 Nov 2025 08:00:00 GMT",Central Florida,https://news.google.com/rss/articles/CBMioAJBVV95cUxPWndEaU9fNXVIUXF6X2pNVXBRVUlfODBIbHhBakpHVTlXdVBCcDZXbllPRmlZbmRib01SMGphZzgzXzZ4M3luRVZVd1NmSzllSmtPX0N3djk3NFAxV0JNYmowd3ZsY0NMamRmdWo3Z1NvMkpieGRSWlNDYlVaa09xdWdzZXhuQ3Q1dGxjOFZ0SVR2TjJmZnpmWnlvUWVqQ2xmQXIxNEtRR3hIUTZwYmZmOVdUMW9HWmdKOW84ejRIU3gyLTVDbXJfSk82QU1XeHhibWdGOXltS3pnandTX3JMemtydlloMXdCbDZLdTBBSVFfYVN1M2hlbDJwcWN6S0NYX2dvV0dyTGlVdGxJZ1NJRE03blh1Nk04Q3NfZWs3M2Q?oc=5,ManifestHer: The Rewrite event promises transformation and inspiration for women  KATV,
2026-09-03,event,womens,"Shapellx and Shopify Hosted ""Power From Within"" Event in SoHo, New York - GlobeNewswire",GlobeNewswire,"Thu, 21 May 2026 07:00:00 GMT",Central Florida,https://news.google.com/rss/articles/CBMi1wFBVV95cUxQN0d6dXRiTjFxTno5Y1lFYUxqOHpqVjFqQUdKS21MYTBYemdKeURFSFI5YWN4aUlBNWxEQllreW1PUjlEZmEwczFveWFNQnhyLXZRTXFkU1ROeS1OQVg0cF9XNkVfQWxUcWIxUHd2ZnhoMXB1SEhxTXhxSWVaRUdOV0RvcjlYdUtyQ1pzSFlyNG1uenpod2t6SXIyVFZwR1dPZU52M2I3NXhoeFBJR3FPM1NXanF2SGhGY2Nkbi15emxTYVZfNVcyRWtJSzI0YkF3TmJrU1pJOA?oc=5,"Shapellx and Shopify Hosted ""Power From Within"" Event in SoHo, New York  GlobeNewswire",
2026-09-03,event,womens,June Destination News: Tourism Growth is Bigger Than Visitor Numbers - Trade Show News Network,Trade Show News Network,"Tue, 02 Jun 2026 07:00:00 GMT",Central Florida,https://news.google.com/rss/articles/CBMirAFBVV95cUxQMkJsNDBHQmNhaVRyWC00VGhPd1NRM3hrOHA0dGg2NjBXY0Y5ZHhNNWg0RXdma2ZKSElQQ2hRUnc3NmM2MTE2NWdtdjc3QnY4UEF3cHUxTG9WS2J0LVZEaTBqNDRVVnlYME12Q3hLeEE3RHd1ZHdNV3IyRzd6ZDVzdWxQeWZLMGh1T0Jna0ZScjVNWHZOTTgxdGhST2hmREozdUNvR0JmTjZ5ME0y?oc=5,June Destination News: Tourism Growth is Bigger Than Visitor Numbers  Trade Show News Network,
2026-09-03,event,womens,Orlando businesses hope 2027 sports events will bring wins for them - mynews13.com,mynews13.com,"Sat, 15 Nov 2025 08:00:00 GMT",Orlando,https://news.google.com/rss/articles/CBMitgFBVV95cUxOVGxlUng3eUFIb2UzemNqN1hfcXNwajV1alVRb1BXX25WTTd3eEJyamE1M2U5QlhacVZWTEZHWVBIU0M0NWMxRWxfbkZLdzRCa1h6ZUdGb0Y0YktrcGM3b0VWMUNPN0tVc1g4WjlfNG5YX2ZDd2l2c0c0ZnA4cmJSMHVQOGZRRV9sNlZ3RWZabnM4R01KeVFqNHJNWnpfT0Y1Z05JaVhNeG1LZkNXRVIwX09nYUFoQQ?oc=5,Orlando businesses hope 2027 sports events will bring wins for them  mynews13.com,
2026-09-03,event,womens,Central Florida's 2026 Women Who Mean Business honorees revealed - The Business Journals,The Business Journals,"Wed, 18 Feb 2026 08:00:00 GMT",Central Florida,https://news.google.com/rss/articles/CBMinwFBVV95cUxPTEpFOTM5S3VuSmZNQ2tIZm1LNmRHdmNwR0JmM2FleG1mT0FsVGpTR3V2blR1UmszWmduZWpmSW5RdTgxZExQVlduaVhYalZrSWJuemxkZHZKVl96cUZUMnUtcUphdDBzd2NfeHFNODlVQUJIQ0g3ZnRZVG5ZQ3Q0WjBYd2lOWUpGdEQ2TGdjdWx0SmhhVUVEVlFaZmlTck0?oc=5,Central Florida's 2026 Women Who Mean Business honorees revealed  The Business Journals,
2026-09-03,event,creator,Woman books stay at Hilton Orlando. Then she tries to check out—and realizes every single one of her possessions is missing - The Mary Sue,The Mary Sue,"Thu, 23 Jul 2026 07:00:00 GMT",Orlando,https://news.google.com/rss/articles/CBMiakFVX3lxTFB2clhRTjJCd0IxVWtseWJxb2VZS215WUJQS2lXRU5nRDVrVTJ6c2RORlhha2REaWp0Y1piTUZGQnFsY2RoLTRxTGJvVF80M29NTlBsYUNkODJkMXpGMnR4VWhTQ19zeTMxMFE?oc=5,Woman books stay at Hilton Orlando. Then she tries to check out—and realizes every single one of her possessions is missing  The Mary Sue,
2026-09-03,event,creator,Florida Dems’ biggest weekend - Politico,Politico,"Fri, 17 Jul 2026 07:00:00 GMT",Central Florida,https://news.google.com/rss/articles/CBMipAFBVV95cUxOejNBbmtPd3pwMy1lc2VZcUlQN2ltQ2lqOHB3NVJjTy1aR3F5bXVTVG12Tzl4OU5yUDZaYjVqS1FHd0dzOTRSWmpTTmZuVFVLcC1LbWlTcFVuSmpFY1h1Vm9BWFV5NmFYS3Q0WThQcFhnbl90WlF3dEViNUMzdUF3Wk9mYXp2ZWJSalZEbkVXdmJLTnpWZi1wLVJGTnVzNV9Ua0pidw?oc=5,Florida Dems’ biggest weekend  Politico,
2026-09-03,event,creator,How this Halloween lover became one of Louisville's top influencers - The Courier-Journal,The Courier-Journal,"Fri, 22 May 2026 07:00:00 GMT",Central Florida,https://news.google.com/rss/articles/CBMi2AFBVV95cUxNVG9YY1ZHLTlXR3FBZ3M1a2tCSm9TaHBKNGRPaUFpazM2Y0hNY0k3MkJYZm1mOEtaenYtME10VU1xZFNnMUhzV0szb2NteVBzTi1pejdnc2dlR0dKQ0ZxaFdjenhfYjFpY0ZPR1RuS1RHeGNvNHlLcndLUFBxS2FUSHlza0lnVWRoOFhoMGR6U3dPVjdwOWVEUllVVHRsd2NaeW4taWxCSFlmWExxMHQwZlJ2VHJMYmhVVW1WUjJyVEZGakJXUlFlRFZKUThEa1h2QkdLSE9rekI?oc=5,How this Halloween lover became one of Louisville's top influencers  The Courier-Journal,
2026-09-03,event,creator,NBA teams dominate social media for 2026-27 schedule release - ABC7 New York,ABC7 New York,"Thu, 13 Aug 2026 07:00:00 GMT",Central Florida,https://news.google.com/rss/articles/CBMilAFBVV95cUxPTV9NTDVOSldoeDRrQTZzN3JhT2dWTzhaZTJscHZEb2dOV3d6R3VwR2dYVjhQMUtuVHpQdFN1dFBHSHZYQzB0cWxYOWUybEhqdXZVeTlPR1NhOE9xTkU4eVdGa2FfM3dpT2FTVzh5MUJ4ZnN5dUNJLWJwc3FURm1kM0p2U1YwSHdNbVlkTDBXc0xFLW9t?oc=5,NBA teams dominate social media for 2026-27 schedule release  ABC7 New York,
2026-09-03,event,creator,Mainstreet grabs record 10 awards in statewide journalism contest - Mainstreet Daily News Gainesville,Mainstreet Daily News Gainesville,"Sat, 06 Jun 2026 07:00:00 GMT",Central Florida,https://news.google.com/rss/articles/CBMilgFBVV95cUxNdTVrODNGOWFGaTJ3MnVaWDBXRHJ1OXF2UmZTUlBMOGNDaExFRzhZYWc3cURBMXEzXzRFNDZJSThQdlRLV1JkNzVna1hYMmVtSFlaYi13TGhacnM2dDhIenU5QTdaUXJMSE9uazctNFIwMkxDMlhJTWJHRVViRGJ0UU5jM2hRVUJ3aFFLMDVtUlEtekZ6VFE?oc=5,Mainstreet grabs record 10 awards in statewide journalism contest  Mainstreet Daily News Gainesville,
2026-09-03,event,creator,Virginian banned from social media after threat to kill Central Florida sheriff - WKMG,WKMG,"Thu, 21 May 2026 07:00:00 GMT",Central Florida,https://news.google.com/rss/articles/CBMiywFBVV95cUxPQzhVVTI4Yk9fNjg1NHA5ZzZUNzZsWXdMUE5IaU04Z1UyWHRSN280UDFxR2J4SmFtNTREdm9QMXB6ZXh6SFpCRk5qRnZjY1lBMExVYThHd3ZEWU5wWlFvc0RyUW9VWjRvbWVOcngxd1hEV3ZDSld2YW5iTmpMZ2Z6ZUltUVNOWHhfYUEyVC1QblpiWHpwX05ubmdYdTdQZU9mcjZaekFuWkdtZEhaak5KR1FKeEJJbU90dnVWN3FxcVFUeFdzQmZzXzRvUQ?oc=5,Virginian banned from social media after threat to kill Central Florida sheriff  WKMG,
2026-09-03,event,nonprofit_programs,Central Florida nonprofits granted $400K for housing and workforce development - WFTV,WFTV,"Fri, 06 Feb 2026 08:00:00 GMT",Central Florida,https://news.google.com/rss/articles/CBMiyAFBVV95cUxNSFJWZnExd2M0WWlKZGMtbVRBWmFEQ25TblBuVmQwY2Z6UGMwR1dpQW1mQ3hZWDJqNU1qZXVfNlo5aWgxZ054cVBZRVdZVmVDMjJrbkdGTG9vUTVNNEZ6dkxLWG1UNldhaFpvTGZWdnZfLWVzLTNCX0ZDM2pQZmhxUzJvS3pFTE5lMG55VHBwaVB1QjhrMVlkcmFYYmtRWGdNbDF2SDcyQjFtcFMyM2tXMTNnVWVRVWRCcjRuT2FJNDZEdjlmd3RBYdIB3AFBVV95cUxPd3M3WkpqUFZ2RGNCNkxPVmtteWwtQjdBZHBWYUdlTWdMeEZqLWtrY3FGR2hfUzNtUVFib25NNWZUVWk4SENmVUtlVDdVbG5aV2dJck9TeW9Fdllua0ZfeVNBOFZNZklFbFY2aFIxM1BiVnNDd1RueWxxbW1paTVTRFloODVCeUN6blFnV0lvbW5NNzBVem1wdWFMQl9JSEs4THpaTGlSWnZZMWhwbS10dkNYMkZqOENTWV83OFZxOUREZUhaNEJoTjV1REp3eEpuekpnNVM4ZVFsSEdG?oc=5,Central Florida nonprofits granted $400K for housing and workforce development  WFTV,
2026-09-03,event,nonprofit_programs,SeaWorld sued over alleged mishandling of 'Sesame Street' brand - NBC News,NBC News,"Fri, 13 Mar 2026 07:00:00 GMT",Central Florida,https://news.google.com/rss/articles/CBMiowFBVV95cUxNYmRTNFhVNnRObzFMb0o0UFBUTlNBM294dC1pY1J6d3BWX0VDQU9jRHUzQ21OdVBwRzdLZjV5N29sZ2pqWGw1X2dHVW5fRG1BSFdxazR0b3JZZXhib0xVZmtvaU5LTXdDVGl1SUM1TFlIS2ZSWkwxdjYzS1d2TlhSYlZleENaTWZ4Szc2LTNrWUVpbGRKeWp2azJEWXhROUVmeEZ3?oc=5,SeaWorld sued over alleged mishandling of 'Sesame Street' brand  NBC News,
2026-09-03,event,community,"Apopka commissioners balk at budget cuts to Christmas, Halloween, other celebrations - Orlando Sentinel",Orlando Sentinel,"Wed, 02 Sep 2026 17:13:09 GMT",Orlando,https://news.google.com/rss/articles/CBMixAFBVV95cUxQaENzaDlMdTVSYjNnQ3ZjNDRsSjNmVDU5T2hpdGVYcFJqV2MtNU13bEliVExySkZmYVVNaUJRSjFpNzhJOTBRYm5MMnB4SGVNVGJCcVRNU1djaXdyWGVmNGI4UnNLaTFHMFNLR0NhY1YtYVMza3pyamZtTnZZd2lhRHlRd2dfclpPSnZlVXBvNm9YZWhSNWJLeDlZUG55SWpfaU5FZ2FEWlN5NjZ0OTVBc3o0WFBqemdJU2V4cTBVUHVYY2li?oc=5,"Apopka commissioners balk at budget cuts to Christmas, Halloween, other celebrations  Orlando Sentinel",
2026-09-03,event,community,"Nazi flag, salutes, crowd fights at Kia Center event in Orlando - WESH",WESH,"Tue, 01 Sep 2026 22:13:00 GMT",Orlando,https://news.google.com/rss/articles/CBMioAFBVV95cUxObUVXbmNEeEt6Z1ZpNE1XaF8wcXdUaDRldlFnSUFMVEluT1JvUjljNXR1ZFR6ZFc3SmtCRWNpR1BSa29QRU5JSjFoOWlWem1GblhjUUJORDlaYnZTdzVQcW9wMHFrdTZGYkVUUmpRWllfcTJqeW5PZ2tlUDdOcHlBNmNEcFdQMFFHUVMzUE5GY2tidk90LXBqQzZwT1kyZWVq?oc=5,"Nazi flag, salutes, crowd fights at Kia Center event in Orlando  WESH",
2026-09-03,event,community,Sugarfoot the miniature horse to provide comfort to older adults in Orlando - WFTV,WFTV,"Tue, 23 Jun 2026 07:00:00 GMT",Orlando,https://news.google.com/rss/articles/CBMivwFBVV95cUxNNjFfemVkU2thMklZQzZ5eFI5ZVZHMk1LUzM3Y3E3d3JkTjZWSWI1WXVHaEwtWGpvMmJ4UU1SU24tSWg1RExfN21kNWl1ektMRHY3cVAwa3hpNmh5WUxRUTBQM0g2UkdvUmJwb3pLX2dudVpfT1pZcWRKSmt5UFNEMC0yUVpPRDVfMi1FY3poY1NWenV3dTVKV2FJeHhEdG15Ulpqa19WVVhBNlB5cVhuNlV6UmJna3V0TVk3cW1lb9IB0wFBVV95cUxONXhtOHJYWnAybWMyVDBTQW13MUpFd3BSVktBQlAyaHR0M2xuTnE0MF9kZWRNZjFPM1ltd2dxQmJiQWYxc0FmbE9aZHItU1ktOWZyTkd2QWhxekF5QWc3RmRyejNtUk9MUTV2X050YnFkN1Y1OGhoMjBURVFrT1RQakFvSkt6UW1zUDE2VkVOLUV0SGNiOXl4SDRQbjhPTzRQWmlrMHdZaDdLWmU2Z2lISWxlYlVjdVQ1NlMtSEV1M3JLTXJUV1FOOF82VWRZb1dOeWlv?oc=5,Sugarfoot the miniature horse to provide comfort to older adults in Orlando  WFTV,
2026-09-03,event,community,"Enacting change, inspiring hope | Annual Day of H.O.P.E. returns to Orlando - WESH",WESH,"Mon, 18 May 2026 07:00:00 GMT",Orlando,https://news.google.com/rss/articles/CBMipgFBVV95cUxQSy03R0tJZXBDOWxGNTlGT09nbWRXX1NSdjAzYmYzSy13YWY0bzJaSEFoMTdDZWVWd0oyV3lJZ1owTGtSSnJqV3dYVk5jTmg5Y1RqQWRpMXYyQUZQbTE2NFFjUHc4ZFFKcVI2SU16Y2IxaGVlaldqMFBSNzlKX1o3ZkROOHRhODEtdWk4RTVLVmxxU3ZvTGNheGJHSDF5N1B6N1FJYjln?oc=5,"Enacting change, inspiring hope | Annual Day of H.O.P.E. returns to Orlando  WESH",
2026-09-03,event,community,Rollin’ & Strollin’ Bike Rodeo promotes kid’s bike safety in Orlando - WFTV,WFTV,"Thu, 26 Mar 2026 07:00:00 GMT",Orlando,https://news.google.com/rss/articles/CBMivAFBVV95cUxQV3lSb0pqQmR4eTExSmR1RnNvR3R0MDNZZXRzZjhzNXduZElOd2UzSENfWWZSSFNoTno3QXYwbXRiLUFkZVpzTldBVmFKNUQxRWdQald2QkNta05ERUt1dEVqZ04zNS03OGQ5Y1kwSTF2aWJGMlBsMWlyYUF2aWFuZEdCVUNCNDhhUVR3V3VPb1NwUmhXTXFVU3JSMDdCdndjd3BVNk5PazR1dWM5bGRLRlNlek5jWUJTcTk4NNIB0AFBVV95cUxPaGVOamo2anNQc3FteVpieUVxRUhUQ3hBS2tGS1JoTXR3ZDVybUE3RUhnUUFXVTZybWtsQjVhUlE1S25jZi1PODlJcHpEaEROWThfR014UTVpd09SWmw2SEZpZ1ZpVEZ2QVpoeVZwUHo2UncteXZvOG5sbkhiTmxfWFItc2tIZ3NlRnN5cmdZbzl3U09qSjBFM2l1LWtxTy1JS1FCcWVSTExJSVBPRUdoM1ZuN2ZXcDdkUXktVDYzazEtcXh2NG5nQnFlN1lpdW91?oc=5,Rollin’ & Strollin’ Bike Rodeo promotes kid’s bike safety in Orlando  WFTV,
2026-09-03,event,holiday_activation,Dazzling Nights returns to Leu Gardens this holiday season - Orlando Sentinel,Orlando Sentinel,"Wed, 02 Sep 2026 14:39:13 GMT",Orlando,https://news.google.com/rss/articles/CBMipAFBVV95cUxQZVh6TFlKTHBzTzFlMTN3aXdRbWRENHJjMjR6Z1RrTmo3aE5sNjRWQ2EtU0pxMVN0TjFrM2lRNEtvRXBSMGhTbmtPQnIyWHQtb0hqNEw2VndKSFJGQ0FpOUcwTFZDRUlyMU5EejJqU2VocmFkV252alFNVkRZYTJaQWVuREtFWi1TMUdFUUpQV2I1Q19Sa0dBclk1d0ZWczVhSlcwOA?oc=5,Dazzling Nights returns to Leu Gardens this holiday season  Orlando Sentinel,
2026-09-03,event,holiday_activation,Florida Parents: These Attractions Are FREE for Preschoolers in 2026 - Mommy Poppins,Mommy Poppins,"Mon, 02 Mar 2026 08:00:00 GMT",Central Florida,https://news.google.com/rss/articles/CBMinAFBVV95cUxNQjFiQVRGSFFQQTB5aWIyZTJhZlhaaVNPVjlMaUNMTVpkZjVSZmFwamlZTW9zZXNNdlZ6SlVOMXlGZUMyRTVqTnhNUXpSMWtpS0ZTMGtjRXRBcTVoM0tDR0VkWlB4UkJUQ2dqOEZwOXpnX2VwQi1nSk43LWVFLWRkbHFTSk5NZkNBT0dNVkh1SE1xX3NKMTB1NGZkZ2c?oc=5,Florida Parents: These Attractions Are FREE for Preschoolers in 2026  Mommy Poppins,
2026-09-03,event,holiday_activation,"Frontyard Holiday Festival exceeds expectations, will return - Orlando Sentinel",Orlando Sentinel,"Sat, 07 Feb 2026 08:00:00 GMT",Orlando,https://news.google.com/rss/articles/CBMijwFBVV95cUxQQmNLX0d3bU1vOE9MUWlnSmZaWEdPNjY2VTRyWjRYTTFvcUdKaVROajdLa19Ha28zeGdjaTFZTTQxTVpQMUJic2xneUlYY1k2WF9jQlloWVd6MHJjSVQ3SkNaaDhIZmxBa0hxcFZpbjQ1WE41U2hYVUo4eG4yal9KRUU5ZmNCZHdMLU8tT3R1NA?oc=5,"Frontyard Holiday Festival exceeds expectations, will return  Orlando Sentinel",
2026-09-03,business_signal,influencer_campaign,"IZEA Reports Q2 2026 Revenue of $5.8 million, Advances Enterprise-Focused Growth Strategy - GlobeNewswire",GlobeNewswire,"Tue, 11 Aug 2026 07:00:00 GMT",Central Florida,https://news.google.com/rss/articles/CBMi8AFBVV95cUxOeE96Szl5UmlFaWtyc3RuUVRsQ3hLaDJiRWYwU1hjRXpTVjhCLVM0Y1RPdW1ydm5BWGxkVURtMHdRUU5OaTJjd1ItZWFnNVo5V29tbU0zSTExdU5qUWpjWk5pWjJBRTgzOUpSWXNFZ0t4NmF5Z2xHamRTZThhaEkxbXZmZ0E4VzFKVHh6bEdrMTBjel9MWjAtUlhkT1NmNm1mNU82WUl6Wm5oN1lRZkNlanBwVTR1dFM5WkF2dkxZenNyRjQyMHJpQk1JaUJMMXZsUm85T2w2VWlBbW5YUi0xZS1KNnd5TmNSazBsNG5famw?oc=5,"IZEA Reports Q2 2026 Revenue of $5.8 million, Advances Enterprise-Focused Growth Strategy  GlobeNewswire",
2026-09-03,business_signal,influencer_campaign,PR Daily Awards 2025 finalists announced: See the full list - PR Daily,PR Daily,"Thu, 09 Oct 2025 07:00:00 GMT",Central Florida,https://news.google.com/rss/articles/CBMiiwFBVV95cUxQbEhKajJYX3NOMGhwUnZQV0VNSEtfMVZlWFpIbVdzd1Utc0V6OGZlV0JMSHBScTA5dGxfaWdTTnUtSUNGT3Zqcmhpa1NVSUZ1U2g2SlhTeWpmRGhhbDJRWHdwQmxwUnJlY3RRQ3JJRnVWM3Ryd0ZiQmQ1Rmx3ZXNtZmJCeW9kVG5FWWE0?oc=5,PR Daily Awards 2025 finalists announced: See the full list  PR Daily,
2026-09-03,business_signal,new_location,Disney World Officially Expands Beyond Orlando With New Tampa Location - Inside the Magic,Inside the Magic,"Wed, 12 Aug 2026 07:00:00 GMT",Orlando,https://news.google.com/rss/articles/CBMigwFBVV95cUxPWDdRc3YyWGlCRVBmSXVObEdYVVhfUkVQSTlybk4wdUN6VWxuMDV1Mm42ckZvZ21VcUszd2p4YzlCTzBtWlpHb0JRcW5vNG12RGRYZnQyLVNCaWJyMEhOMkFoTTI1a2FZSExFOGR5WlF4Y1FCbUtHdHg0elktT1U0QnlMYw?oc=5,Disney World Officially Expands Beyond Orlando With New Tampa Location  Inside the Magic,
2026-09-03,business_signal,new_location,Mister O1 pizza to open 4 new Florida locations. Here's where - Sarasota Herald-Tribune,Sarasota Herald-Tribune,"Thu, 18 Jun 2026 07:00:00 GMT",Central Florida,https://news.google.com/rss/articles/CBMirAFBVV95cUxNMC1QNWxCUHFHcXJacUtzUzhCc1pRTWtFSFFhN2NYLWk5UFpYcDhNSTVQV1lwUDU5TTUtX2wyR08xOUFpaVptY3ozSHdNWXdNdjV2WFRZV3lUbWRRX1ZtTG9JVzZQaWkxVXdHbHRKRlNUREtyN0o2Tk9NMHZKa0RoU0trSTRUZV9tenQ5N2ZLQ2NIYkFWY2pYMEJybm5VZ3luZUFzS0FSbHFZTWF1?oc=5,Mister O1 pizza to open 4 new Florida locations. Here's where  Sarasota Herald-Tribune,
2026-09-03,business_signal,new_location,Zen Dumpling Opening New Location in Colonial Marketplace - Bungalower,Bungalower,"Wed, 08 Jul 2026 07:00:00 GMT",Central Florida,https://news.google.com/rss/articles/CBMilwFBVV95cUxOUzQwMjFHemNjajVRQ1lkWDVEZG9xNTFRWWZUU05BS3ZIZFYtZjBsRkVQekdxU1Q1UG44cWp4b2MtbHZtWEdFSUZ5dUxpR1gtTlFsZl96THVrMFpXNXVFTnljRFlrYTdGU2VNSG9JcGFOVFZmVmVoMDJwRWZSbzlRZElTNVl3NXNZVC11OWc5ODQ4VHRhODFF?oc=5,Zen Dumpling Opening New Location in Colonial Marketplace  Bungalower,
2026-09-03,business_signal,new_location,Fino debuts company's first cannabis dispensary in Clermont. What we know. - Leesburg Daily Commercial,Leesburg Daily Commercial,"Fri, 26 Jun 2026 07:00:00 GMT",Clermont,https://news.google.com/rss/articles/CBMi0wFBVV95cUxPT253T2hGb3NoUk1xTG9KNHNfZFo1Wm5HZW1uWEJjU2dEYzEwaTNrOXYxRC0tOFlWOHIwZ3c2VHVMQ0NkSzRvQnZ2ZktaNnNYZTNjbVZVZGlOOXFSbGctWHkyd0tCd1k1c1FfMzZWTElqUms1NTJ1NTVJYkFxRFBvZkJFdHlUaEZtS3NLWDlTMmdab2Z2dHdsUnhaWGs3Rmo5UU8yc3JmZXg0OXgwQ0djNno0dmdFbjA3cmsweG1nYld6M1E2cHF1elZwQlVlNFRoMnBz?oc=5,Fino debuts company's first cannabis dispensary in Clermont. What we know.  Leesburg Daily Commercial,
2026-09-03,business_signal,new_location,Multiple independent bookstores open across Central Florida this summer - Orlando Business Journal - The Business Journals,The Business Journals,"Sat, 11 Jul 2026 07:00:00 GMT",Orlando,https://news.google.com/rss/articles/CBMioAFBVV95cUxPcC1jdzl6Q1lOQnFNZ1NYWDVlSmhRVTVqeFZ6RFVqM3U3Q0lLRUdKZW81YVlzNFJIbkNCNHhKcFpzZDBlaDJRWjdud1RITXYzUzk5bndFelltRUVKVm9zVHNmTjJNX3dIbkVKM21XLXdBcEQ3TmtWZUp2TnFoRUtFWmpGR1Bvc2Vmd1JvMUxHZjd3eGYxTThVR04xelhVZlQ2?oc=5,Multiple independent bookstores open across Central Florida this summer - Orlando Business Journal  The Business Journals,
2026-09-03,business_signal,new_location,"Orlando Magic, Gray and Hearst expand deals for free over-the-air game broadcasts - NewscastStudio",NewscastStudio,"Wed, 02 Sep 2026 14:58:22 GMT",Orlando,https://news.google.com/rss/articles/CBMif0FVX3lxTE9yMkRaWVhTeWMzcmpHQXlHY0JTRmNKZnphekZhMV94b0ZmTG9JdkJIelo1Y0JlT2pQeDRadTM4bUE3Yk54MWNEQl9yYlItNjdEekVka0lWLTZqNlJseDhBREIxUFpUODVBdTdCR29IUXRwRWwtbzhWOW1jNVJZOGc?oc=5,"Orlando Magic, Gray and Hearst expand deals for free over-the-air game broadcasts  NewscastStudio",
2026-09-03,business_signal,new_location,Orlando Magic expand TV reach via Hearst-owned WMOR - thedesk.net,thedesk.net,"Tue, 01 Sep 2026 19:12:14 GMT",Orlando,https://news.google.com/rss/articles/CBMihwFBVV95cUxQQnhvRWdlYUk1bUV6XzJrcUoyS0xrVFB0TVhIbk52bzB4Q0dOMTUybUpkWTRwVnlVYWRzamlxS2wtNW50ZDkzbE5qb2k0OVcxeWRXbkFVYzhZajVGZEkwSTFhbEtBRzFNcHF3RUJLaTZvc1o2anl4NHJwelphQUZYckV4clFodFU?oc=5,Orlando Magic expand TV reach via Hearst-owned WMOR  thedesk.net,
2026-09-03,business_signal,new_location,Marco's Pizza Expands Headquarters with New Operations Center of Excellence in Orlando - PR Newswire,PR Newswire,"Tue, 16 Jun 2026 07:00:00 GMT",Orlando,https://news.google.com/rss/articles/CBMi2AFBVV95cUxOQ2NfWjUyRUlXeEh0ZS1yajN1OEVhOG11TVJzODRwdl9fdm11MTZkYlprbUI1Yml3YWZLZU9OUFEyZEtqNTZ3MXJOOTlCRDR6cTlUZVdISnloUGNYSGtYOEI3dlpkVHlzR2RUODFfZ0F0YVQzODRTTGpOUHk2N0ROTWhUOTg1Q3Q2NkZIYzVma2ZiMUcwRzhmTTRnMmhMTU9xcVI3U3MzSGEyX0lTV1gtM25VcXVhNWxoSklVRVJ1cDhsS0F1TFduOWd6ZUhMazZhM2F2cGJOZC0?oc=5,Marco's Pizza Expands Headquarters with New Operations Center of Excellence in Orlando  PR Newswire,
2026-09-03,business_signal,product_launch,Ride the Movies All Week Long: Universal Orlando Launches New 7-Day Ticket Option and New Deals - Laughing Place,Laughing Place,"Thu, 19 Feb 2026 08:00:00 GMT",Orlando,https://news.google.com/rss/articles/CBMihwFBVV95cUxQQ0l4SzJuUldLS1RUTk1kVmpnRlR4V3ZGbUEzR3dMM0xmSUwxZXFyU1pGRDZpRXhrSWgxVEtETjFYWExURmtlczN3VWdFdGZDUTNWYVRSUVUzanpuMFBqNUtJakFyWUJ6RUxQLUpXczhTQ09KWkI4ODVZMFpKZ2hUTk5aVENYSG8?oc=5,Ride the Movies All Week Long: Universal Orlando Launches New 7-Day Ticket Option and New Deals  Laughing Place,
2026-09-03,business_signal,product_launch,"The PGA Show Is Back in Orlando With New Gear, Brands, and Ideas - heavy.com",heavy.com,"Tue, 20 Jan 2026 08:00:00 GMT",Orlando,https://news.google.com/rss/articles/CBMibkFVX3lxTE9UQXVSZkI3cWd6Rk42dFdWZlFZbkxnUFZ5emdpZENNbEM5TTZUVDBOYlhEU2JrQXZJNEFmTnljTkpERUlodVktOXpiUUhrYTlmcjlxQ0VJVEViekdnS0oyUnRaZkt4a3NvYjYtc2lR?oc=5,"The PGA Show Is Back in Orlando With New Gear, Brands, and Ideas  heavy.com",
2026-09-03,business_signal,product_launch,Melbourne-based startup shares plans to open $50M production facility on Space Coast - The Business Journals,The Business Journals,"Tue, 16 Dec 2025 08:00:00 GMT",Central Florida,https://news.google.com/rss/articles/CBMiqwFBVV95cUxOMnU2U2VVYzQ4eGVMR0lySkRHdWlTU1VmdU1yNHA5MUFHdXhnTWhLZ3lGbEhTd3Z0Yk9hOEE4N2NtQ0EwcFZ4ejhPakZYdEw5aHo2MzBKc3RjYzRMUWNzMU5pRFNrVHgyUE1rU2dPaHpISUljTS0yeEpuWnFINnJhaU9XUHJneXVMZFg1cjVHRm15LTNqcFVad1U1eDRheHhjRnA2MTBzZV9lcjQ?oc=5,Melbourne-based startup shares plans to open $50M production facility on Space Coast  The Business Journals,
2026-09-03,business_signal,product_launch,"American Rebel Holdings, Inc. (OTC:AREB) Proudly Announces American Rebel Light Beer - America's Patriotic Beer - Is Now Available in Central Florida Through Wayne Densch, Inc. - Newswire.com",Newswire.com,"Mon, 01 Jun 2026 07:00:00 GMT",Central Florida,https://news.google.com/rss/articles/CBMirAFBVV95cUxNTkF4Nm93bEVXUnZ6SmlhRzNnM0d0RlA2d1kwYlVrUmlkVXF6SjFaWnRpQlpsVmpFSXB4WG95MFV1OXRFdFRGYkxDM0UxdU91b2hPWEVpTElfNTUwZHE3d0U0UXVpSENKdkNYM2NSc05heW5XNTV1NmtaMlJtVFVhSTdNd3g5N1BtRWQwc1RZUV9xak9mZkF3UzBMdEV6X1JvX2JyclFKODFTWnNC?oc=5,"American Rebel Holdings, Inc. (OTC:AREB) Proudly Announces American Rebel Light Beer - America's Patriotic Beer - Is Now Available in Central Florida Through Wayne Densch, Inc.  Newswire.com",
2026-09-03,business_signal,product_launch,Universal Destinations & Experiences and the University of Central Florida Introduce New School to Develop the Future Leaders of Themed Entertainment and Immersive Experiences - Universal Destinations & Experiences,Universal Destinations & Experiences,"Mon, 11 May 2026 07:00:00 GMT",Central Florida,https://news.google.com/rss/articles/CBMilAFBVV95cUxNWlFNNEY3LXgyZFl6ZG9wbmJOV05lRVYxcXlFaURUam5OWVN4LVNRcGhzM3VnUWRBdThHNnVxSW1JMkRjVjg3OU5hb0JtaW53REJXV2I1QmhlQmQ0WS1ZNVh2V2duT005TzZlbGttZ29iY3QzbURZVHFsYU1OdS14M1Frd0c2amtYVmI0Ul8ta1o2aWNM?oc=5,Universal Destinations & Experiences and the University of Central Florida Introduce New School to Develop the Future Leaders of Themed Entertainment and Immersive Experiences  Universal Destinations & Experiences,
2026-09-03,business_signal,product_launch,FINO Cannabis Announces 1st Florida Dispensary Opening in Clermont - cannabisbusinesstimes.com,cannabisbusinesstimes.com,"Tue, 23 Jun 2026 07:00:00 GMT",Clermont,https://news.google.com/rss/articles/CBMiyAFBVV95cUxOZEhmSjdtTFJReHZndFJ6VGZ5SDRFdExMdzZleDdNaklBWkx6dzVBSnFMelJSaHlZNVFGTmZNNG1FRHFITXd4S0RxRURkcTBJTk82MklEYXM0bjZ5ODcxcXNCRTh1bnVDNTBWRzFmZ2NpNTgtaF9yTFUwbWU1ZXpHLUZCWXpaSXR3bGYxaTY1V2ZXTVNHS3Y0TjBneWRCdk82ZGRCaV9kRFBLa3RKbmtiUXF5M2FycGpYOUtjbV83Z2o5MnNGXzk5Ug?oc=5,FINO Cannabis Announces 1st Florida Dispensary Opening in Clermont  cannabisbusinesstimes.com,
2026-09-03,business_signal,funding_opening,"Kissimmee launches COVID relief ""business boost"" 2.0 program - mynews13.com",mynews13.com,"Thu, 11 Sep 2025 07:00:00 GMT",Kissimmee,https://news.google.com/rss/articles/CBMimwFBVV95cUxObkxNeVh1bV9PcndSdEo3czRIdHRPSXYzT0RZOEp6OEs5WFFpN0YzZUxIejlhQ3drd0t5ZXpGYncxelh0VkN6a0JYMEZzZjF1UmVueU5qR2dmSFlKLWhhVFpLMFR3TGU3QjBDVHROV1dSNHFHQjBHSlNnQ19LcGZkeUNTWnBidDlkYkx6QzdtSURnNWZvRjN6LUk2VQ?oc=5,"Kissimmee launches COVID relief ""business boost"" 2.0 program  mynews13.com",
2026-09-03,business_signal,funding_opening,Orange County commits $5.1M to arts groups as hotel tax hits record high - The Business Journals,The Business Journals,"Tue, 10 Feb 2026 08:00:00 GMT",Central Florida,https://news.google.com/rss/articles/CBMiqgFBVV95cUxOQUltb01wY25nNGpscWFnWk9ULTRsMlBUWUJGNVZDejVOX0I3UXVRczlWdHdHRWl1QUhWeC0tZEdtWW9MUG5JeFMwN0hQZ1FGa3lOb2NOVUFSS1FBTFRtdkZIaDZleGU5NWpvXzBhQktfbzFfLVA3UzRKM3NpTnEtaE5kNUdrVm5sV3pJR1M4ZXRzclVZVXhLRnlpRVhNVHJsaUM0OEh2YTdqUQ?oc=5,Orange County commits $5.1M to arts groups as hotel tax hits record high  The Business Journals,
2026-09-03,business_signal,funding_opening,Kissimmee commissioner slams second ethics complaint as politically motivated - Orlando Sentinel,Orlando Sentinel,"Wed, 29 Apr 2026 07:00:00 GMT",Orlando,https://news.google.com/rss/articles/CBMivgFBVV95cUxOTnZfNjhyN3RsYnpkdlowTUNTX3UzY3prVTR4bVFWMVNoaXJvS2YwUTJFcjJvX2o0blpLZkdlNVF2ZGRxQ0YwNXp0YnRQR1BaQkRZeFprdDhoRWh5M2JuVVlHVDEyY1B3WDhHNEl5WU92RVJQbmZTcEZ3SHBaYXVYM1JGM1FZdXFIb1hPVzdGSTFfM043MGR1ZFg4aW9zVnpkRGZMMUlNMXp0dlFzTFNpN3JiVEFZcm9yV0YzSkV3?oc=5,Kissimmee commissioner slams second ethics complaint as politically motivated  Orlando Sentinel,
2026-09-03,business_signal,funding_opening,UCF Hub Named 2026 National Small Business Development Center of the Year - University of Central Florida,University of Central Florida,"Thu, 02 Apr 2026 07:00:00 GMT",Central Florida,https://news.google.com/rss/articles/CBMioAFBVV95cUxPYVpJbTdVRFYyNDZvU0F3TE96RkNMZG9JTUZrbXdxVFM2Z0o2WEU1S0ZPRklRcXJmZm13WG81REhPQjNpZzNVWFRNejRNWlRSR0dwZmJSWFZGWHdscnN0NEhLRzhLeDhfYXFFTnNkb1RiOTNBLU1oVkhocm5ZRXBGVk1GRXcwMlhjYTNvNXdKSDVIaVJwakdqdU16QUxucWJZ?oc=5,UCF Hub Named 2026 National Small Business Development Center of the Year  University of Central Florida,
2026-09-03,business_signal,funding_opening,"2026 Voter’s Guide - Florida House District 39, Republican primary - WKMG",WKMG,"Fri, 31 Jul 2026 07:00:00 GMT",Central Florida,https://news.google.com/rss/articles/CBMitwFBVV95cUxNWEQtUnpBczJrSmhDWk9HZVNSSGpYVU5tZFRIZXdjSWdWU245R29teHhaOG9fY0pJYktlN3RzSlRHV0lTRVktcEIxZ1FVZHhQcktGbkdSTFNoMzlxNlRxSXFZVktHd295Z0hPcjZCUVFESHQxR09tLTRJQTBkVVRjb1hGOWRzNWl5a3FKdEQ3YVdsZ2IzQ2tPa2twaW5LMEhOZWlnQlRDR1puUHhMQ0toMVkwMEE3WG8?oc=5,"2026 Voter’s Guide - Florida House District 39, Republican primary  WKMG",
2026-09-03,business_signal,funding_opening,Arkansas Ranks Near the Bottom in SBA Lending. Minority Businesses Feel the Shortfall - Arkansas Business,Arkansas Business,"Mon, 04 May 2026 07:00:00 GMT",Central Florida,https://news.google.com/rss/articles/CBMimgFBVV95cUxNSHZtOXU4X1M0aDJNNmRBNEpvVXFnYXJTZV9YX0hJVFBjVkV6bURZWVNDZmlWU1Z3ZS0wUEVzVVktSXRpMmtBeHNKRnlCVTh5Ykl2SzNGQ1hNTFV1RGpiOEpvZ0Y2Y1ZRM2h1MGJWT211R3VsTnVkVy10WVVNVEk2d25xMDJoM2R4dnhxWFV6QUZjVnhrN1dOOXRB?oc=5,Arkansas Ranks Near the Bottom in SBA Lending. Minority Businesses Feel the Shortfall  Arkansas Business,
2026-09-03,business_signal,funding_opening,New Primark Store Arriving at Orlando Vineland Premium Outlets on August 20 - PR Newswire,PR Newswire,"Mon, 03 Aug 2026 07:00:00 GMT",Orlando,https://news.google.com/rss/articles/CBMiywFBVV95cUxQbGlGMWFKMk1uOU01NXdTdXdOVmJrc3MzZDBZNnJXWFdfdU05MTRndlRUdklINFRYRnRieTRUYmlsa0xlbmdaUEZQR2N3cmIxbXUybGFyZThRMGM4bW9jUGNrWlEzWS12S25NNk1tQzVMNC1VY3RZaUJ1NXVQRlAzaWNoNVpIMk10M2pxV1g3aUlPR0QwZVlVX1RsVEp5VzF4UzhaekZNTU13NEtBdU9NVHZ5eV9SeVZ1WTJ2ZngwM0RlUmxzMnlNSUYzNA?oc=5,New Primark Store Arriving at Orlando Vineland Premium Outlets on August 20  PR Newswire,
2026-09-03,business_signal,nonprofit_campaign,"Kissimmee police, Osceola County schools launch school threat awareness initiative - WKMG",WKMG,"Mon, 31 Aug 2026 09:00:00 GMT",Kissimmee,https://news.google.com/rss/articles/CBMizgFBVV95cUxPR04xcWNTdHBEOVY1aFN5OWs0Ynl1QWRPV3dJeGc3bk9BVjJkYTh6VmViczdkSTNzc0d0N3NpVnpYUWhwVEg3dzZoWFN0bkItQ0JDM2NZT1F4alIxMEc4dktQZmJhU1BCSmV2Y1RWOWJnMDFaWHVPM1o5NmR5WW9DRGpyOGR6cmlrY01abEpFMzg5dEQzR0JLMXI0eThPc3VWbDJLMUk1ckhNUkVDakxZMWd0bnAycS1IREhSTUZhaXJEMDROTzgySWZHN2xNQQ?oc=5,"Kissimmee police, Osceola County schools launch school threat awareness initiative  WKMG",
2026-09-03,business_signal,nonprofit_campaign,"Central FL nonprofit raising awareness of child trafficking, exploitation - WESH",WESH,"Tue, 21 Oct 2025 07:00:00 GMT",Central Florida,https://news.google.com/rss/articles/CBMiqwFBVV95cUxQQjJIQ2V6bTNlUGZtQmlpSW1vNmhITmFKMnhubGVrTS1Lb0NSZDdNYlhhOXVBU09fODFsQy1LS193aW1XRkU2SU9UdmNZOXdoVFB4cWxNUnBzRDJ1UmxJVVpUZXFZdjlEN0FrTXl4bHdhc0dDcW91MHF2R1hlZXdWX0pCSWp1S3NCbnN6aXNNRWUtMW1Mb01pZ0JMVjYyeHJ4Tm5MMTYzbEw4Z28?oc=5,"Central FL nonprofit raising awareness of child trafficking, exploitation  WESH",
2026-09-03,business_signal,nonprofit_campaign,ELEVATE Orlando to host fundraising event in Southwest Orange - West Orange Times Observer,West Orange Times Observer,"Mon, 21 Feb 2022 08:00:00 GMT",Orlando,https://news.google.com/rss/articles/CBMirwFBVV95cUxPaTIyZVQ1c0NKUFdKM014UXFkeGMzVXhVUXkxTUtpOXI1U1pIbWo0MDdUeUVmR01zNUYzd2RGbF9VX3Z6QzlRRzg4VGpucDZZaGN6SHFIc09KUzR4NjRxM2d0dXVUOGg4WG5HeFlSSzVzZ1ZKWG96blJWOXhEZkNmZGdONW1CWlNuMmx3QjRLMDVpZ2JxSHdjNEJGUFViX05wZUxPcGdLZVRBYkpPb2lR?oc=5,ELEVATE Orlando to host fundraising event in Southwest Orange  West Orange Times Observer,
2026-09-03,business_signal,nonprofit_campaign,Anna Eskamani secures $200K in early fundraising haul for 2027 Orlando mayoral campaign - Orlando Weekly,Orlando Weekly,"Thu, 02 Jan 2025 08:00:00 GMT",Orlando,https://news.google.com/rss/articles/CBMiywFBVV95cUxQcFdFMGRQcEFPTFowNVRDeFZOWm9TUG5wODU0NGMwS2RQeGotX3hYUU5VV3dDSXFONFN4NlhCb0Y0M1FLdDR2cmZfMU12V2ZMQlMzUzN5STFpYk1Yc1NPSV80OUZRd04tWXNmNzdoSjVNYy1XX0lvd1ZNRXlicXpvSlJkVmVEUGRlQmxGakc3bkVXTGJ5alVpNmtxZnB2bm1LUlVYVHNHVHRLOGxlV3BsYkdpaUZ3cHNvR3p6czZEZDV6c0d6STY0M28yNA?oc=5,Anna Eskamani secures $200K in early fundraising haul for 2027 Orlando mayoral campaign  Orlando Weekly,
2026-09-04,event,black_cultural,Events around Central Florida for Black History Month 2023 - Spectrum News 13,Spectrum News 13,"Wed, 01 Feb 2023 08:00:00 GMT",Central Florida,https://news.google.com/rss/articles/CBMiqgFBVV95cUxNZnhoR292aks5ME1aY2NjdW5RTVBVOThZZVVHNnRNRTZaUXdOODRTUjBEUG1Ub0pnbV9rZU0yZE1GQS0zbktvV1M2UTdkc0E0S0RuMW9VR000cUJWcHdQS2N6U01aWXpjS1dyRlk1MXh6MV90WHk3MF9CelZ2TkVnSFJzQ1BpLW1LaldkQ1FHNXE3QUJlSEhJN25zSXliNWd6aTlkZzVIc0I2Zw?oc=5,Events around Central Florida for Black History Month 2023  Spectrum News 13,
2026-09-04,event,black_cultural,Check Out These Black History Month Community Celebrations in Marion County - 352today,352today,"Thu, 05 Feb 2026 08:00:00 GMT",Central Florida,https://news.google.com/rss/articles/CBMirgFBVV95cUxQUUhpNUxwSy1QZExkcmpaaFVJU3U4ZmE3NjJVVUxKZ1FsNDNpY3FPZl9KYnZ0WlRnckxsSGk0dGFyQnFnSlI1aVRDRFNsMzNTOWdONjl2anhMYjd6TWRCdlZCOWxQcnA2VGt2bFAwZjZ4QngwVkp4NWlqc0tlNWJBQzNSOFN6X0dGQUFkazc2Sm9zWF9GX2k3YkREZk5ERDBXbk9pNHZjZGpQNkVRRmc?oc=5,Check Out These Black History Month Community Celebrations in Marion County  352today,
2026-09-04,event,womens,2026 Big 12 Women's Tennis Tournament - Big 12 Conference,Big 12 Conference,"Mon, 13 Apr 2026 16:11:40 GMT",Central Florida,https://news.google.com/rss/articles/CBMibkFVX3lxTE5FcU1KVXcxZ0tRckRTZi1HYWJVN3lkcW5GYjJJWEYxajdwR2Vwbms3TzlSN2E4ZEtSeGJhRVJjbWdEMGM5b3Q5UzJ1OHkwOUF4QVBCcXhXMFVkbVBxTTV6bEl0WWJoaFRuemYwaVBn?oc=5,2026 Big 12 Women's Tennis Tournament  Big 12 Conference,
2026-09-04,event,womens,UCF Softball’s Thrilling Road to NCAA Super Regional - University of Central Florida,University of Central Florida,"Mon, 11 May 2026 07:00:00 GMT",Central Florida,https://news.google.com/rss/articles/CBMijwFBVV95cUxQdXhuX0pBRXAxeHEzRmk1Z2lpQzRLcVduVDZpam01dEhZcXVMLV9wQk5YaUZjYnRWUDRrQTJoN3VxTFJJLTFuWEFoU0JETEg5RnRQZkNjNDQ4Y0E3VVp4OW5rUE1fd0dPemxFWUZXa0VfVmxUNURjMHRGeTFCV0I5TEhONFRVS280YWtudURhdw?oc=5,UCF Softball’s Thrilling Road to NCAA Super Regional  University of Central Florida,
2026-09-04,event,womens,Sacramento Kings Celebrate Women’s Empowerment Month Presented by Phoong Law - NBA.com,NBA.com,"Mon, 02 Mar 2026 18:02:29 GMT",Central Florida,https://news.google.com/rss/articles/CBMinwFBVV95cUxPYm0xSU9TeS0zUmZlTWNpOS0wVllySzdKWTR2ZmNSVmFfZ19feTJvWVNFWm5kbWlvYm1JQ2k0SHAtQ3hRWlI5cXp4T2VkdjRGRUJTcnhuS2ZNY0p2NjFObDJ2OHNoV040b2RKdTRuTlBuRUxvSXlidWMzdWNpcG5XNFg0bkdxeG5vOFhGTnduVEREY3RGS2tnZjFVMWVpbEk?oc=5,Sacramento Kings Celebrate Women’s Empowerment Month Presented by Phoong Law  NBA.com,
2026-09-04,event,womens,Finance leaders head to Orlando as OneStream maps AI future at Splash 2026 - Stock Titan,Stock Titan,"Tue, 10 Mar 2026 07:00:00 GMT",Orlando,https://news.google.com/rss/articles/CBMiugFBVV95cUxQUUxaSE5BUE5LZWVPOXRDelRrV3Jibm1zN1dHTUhNTFRvckNCYWJLQnVIaFR2X2g4UlpsNmxQdG92ZmJUOWV3SVZ0Q0VtX3AxVGE0T3kwT3VROWo1dVk3Wjd6SFZucV9FeGxvN2MzU2w1UkF1bWFGYUdnZ2p4V3NOclUxNm85dk43LU5UdHJUR2xkQlNjR0lPMzNKNnluT21OLVJWcTNLMUNzZmdtbUNlRjdMZ0V1dzBvYXc?oc=5,Finance leaders head to Orlando as OneStream maps AI future at Splash 2026  Stock Titan,
2026-09-04,event,womens,Youth empowerment event set for Soweto on Youth Day - The Citizen,The Citizen,"Tue, 19 May 2026 07:00:00 GMT",Central Florida,https://news.google.com/rss/articles/CBMi1gFBVV95cUxNZHZJVUk1azNCSzhqMS1aTnlYd3Fqd1hPdTA0RTRSS3hpY3pxeGRPTHJHS1pFejRCWHlVYmNiR0NfT3c0VV9CbEc1MXpfZ0ZqelAzeGRWd0hqVXJaQkVVTDFjMWd4MVdOVkVoOEt2dUZOeXh4VE1laTdVWEY4TXRGeHp2SHZMemxyLTFZWjFVcTE5ZkRyTzdqQ3o4dmRKb3FTOGpXQncyVk9yaUMwNTBubW13dVRKY0lKYnQzbTh2Rk42eHUzZjZ3blJRMzlnOGoyT0JYMUdn?oc=5,Youth empowerment event set for Soweto on Youth Day  The Citizen,
2026-09-04,event,creator,California may fine content creators who don't disclose they were paid to post about politics - WKMG,WKMG,"Sat, 08 Aug 2026 07:00:00 GMT",Central Florida,https://news.google.com/rss/articles/CBMi4AFBVV95cUxQR0YyeFF6N3B1OVV4QnRrRjJIUGlUTFhUeC1JNXJ6V3k5dGlIZko0eXM2VnZVU2hZWEZUelllUFZ1cENEQmMwTFBhSHhNODZORElaTU1yUW44Z0g3LV90RUctV0JXUkRDQWhYQUZCdXhiV3RDOXpGVHR5bnRMUFZKVkxwUTB3eHFYZ1daR2I5Q2M2dFBrcnNDWERDT1FxUmN1MXE2NjJGV1BqR0NtVmt6VXV5U1ZBSnp1UEc4QTFHd1VmbUlrbWJudnoya2M3R2lYMzJyWnRMOHk0ZVlwS2ljSw?oc=5,California may fine content creators who don't disclose they were paid to post about politics  WKMG,
2026-09-04,event,creator,"TouchGrass Music Fest Adds Trim, Slayr, and Sosocomo to Star-Studded Lineup - Audible Treats",Audible Treats,"Tue, 30 Jun 2026 07:00:00 GMT",Central Florida,https://news.google.com/rss/articles/CBMiYkFVX3lxTE1JYUMwSEx3a2ZJVk9zRXlKM2hIVWg0a0pCdzhsYVBxdW04OGxhYjdrTTgwWE5CQktqVXJHNkpkOWdKQ1FxUS1uaVZ4dm9tLWNTMER5VVlQa3F0RWdLdXpvbHRB?oc=5,"TouchGrass Music Fest Adds Trim, Slayr, and Sosocomo to Star-Studded Lineup  Audible Treats",
2026-09-04,event,nonprofit_programs,"One year later, Boey Cho is still going with the flow - The Community Paper",The Community Paper,"Sun, 30 Aug 2026 16:36:30 GMT",Central Florida,https://news.google.com/rss/articles/CBMingFBVV95cUxQU0JTSXdsbTFKRWhDdVM2WlRFOU1HQmU3aVYtZzJvMDBDQWV0eVRhRzNqQWh1dS1kZjFWdTlUejR3Mm9Mc2R3WUlJUllxZDBabjRyeTN2MzlSOEVjVmNONkkzVkhjUWJlRi04SEZlSEw2THJyZ3BYbkJTWlZfOHAyUHJ6ZTBhOF9pZlFoV3l2Z0JPQ2Y0WmVOaWh5ZDVvdw?oc=5,"One year later, Boey Cho is still going with the flow  The Community Paper",
2026-09-04,event,nonprofit_programs,NAVC Launches Inaugural Best Places to Practice Alongside the Return of the VETTY® Awards - Morningstar,Morningstar,"Tue, 01 Sep 2026 10:47:49 GMT",Central Florida,https://news.google.com/rss/articles/CBMi4wFBVV95cUxPOWdjZGpxbnpvUkE5MEktTGxSWXB1N2R3OS16ZW5rS094YWxERVhtVHNYdHdDa3lzNW5rOW9rNlNYbWZrRWdWbUl5VEFoQU4teGk1cmJxeDBROWxQekFNM2otSWxYV1FMR2ZtSUdqckNYYV9hakNINTNjVEx5d0pQSjgwaENvTzdWZ0VjV0x3d3gtMjBKbktmdjhLa1h4ckNnSmRManFuNGtaOXljYjEwSHB4R0hvRlJDVm9tMHctWHpCNzFCUjBTTE1ocC05Ry1EMkFwUnJUV2RXOUNCNDdCdWpFRQ?oc=5,NAVC Launches Inaugural Best Places to Practice Alongside the Return of the VETTY® Awards  Morningstar,
2026-09-04,event,nonprofit_programs,"DeSantis Administration Misspent $10 Million, Grand Jury Says - The New York Times",The New York Times,"Thu, 27 Aug 2026 17:00:34 GMT",Central Florida,https://news.google.com/rss/articles/CBMingFBVV95cUxPOXFmdm16VFUyczFNZVZKam52ZnFDYllPNUowMmcwVkRCSUlacGRKOFNqWHhsam11Ym1HVGtVZ1JsemJFcklBTF9QRlBfM1NONV9vT3lJTHRjR1FFS2Y5VHBEd1o3RWtYaTg4UERrTmUxUkJUYmplLUNZRG12MDFnM0pWQWFLX2Vqd3dtRHdyNDZ5RFU1aExCQjYtZlBuZw?oc=5,"DeSantis Administration Misspent $10 Million, Grand Jury Says  The New York Times",
2026-09-04,event,nonprofit_programs,‘Out for trouble:’ Orlando commissioners address concerns about e-bikes and safety - WKMG,WKMG,"Mon, 10 Aug 2026 07:00:00 GMT",Orlando,https://news.google.com/rss/articles/CBMiywFBVV95cUxQYU9uSmZULUZGVkZHVkxUVmhlbm0tbUtYY0YyLXIwTXRiQm53aFhWT2FGeHEtbldzcjhyN2Rnb3hpNzF2WkEyajc1QjJTZklhM3paM0FtUTF3T0l3RU1VQ3ExV1AyUVBUV1d4VDBETTVIdnZJd01yLWxFdi12blJqMmhMNDh5dTdyYXRuVzJLQUZLdEY1VFI0SER3RExLbE9UcFNYWGpsWDhaQjZWSm91R3RURmZnak9IdWpjTzlGUGZDengyYTVDUjFDYw?oc=5,‘Out for trouble:’ Orlando commissioners address concerns about e-bikes and safety  WKMG,
2026-09-04,event,community,Community Crossroads: Top Weekend Events - FOX 35 Orlando,FOX 35 Orlando,"Fri, 28 Aug 2026 21:00:19 GMT",Orlando,https://news.google.com/rss/articles/CBMiZkFVX3lxTE1NMGNuRTNlWkhvT0pGWWplZFQwX19rU0FwTnJHLWZzTVJ6ejhENmlTUWxpRmgzNmZCekdUTDNySU1pVXkxWThJWENfVGw3SGV4LWFjRkVxQ3h6VF9NZG5ZZHBya05FZ9IBa0FVX3lxTE9LSWZVeUM4eHJCNXhnb25FbHh1OUswMDFhSTB2dlhDYzdsSF8tb2s0Z2MwR0lXOThNaUwzOE9zclVWdFBKZl9uNzRyLVQ3bHJLM1loLTZzdHJKaHBaeVRSV01iU0ZmR1YzaWdz?oc=5,Community Crossroads: Top Weekend Events  FOX 35 Orlando,
2026-09-04,event,community,"Fall Events in Orlando: Food, Festivals & Frightful Fun - Visit Orlando",Visit Orlando,"Mon, 20 Jul 2026 07:00:00 GMT",Orlando,https://news.google.com/rss/articles/CBMia0FVX3lxTE55MEVOQlhWblo2akRnOUE0YlktTml5bzdoZzBEXy02M0w1WDJEd0hxZFhCMWJVeVFfaTcwVHU5V1pPRUQ0WVppMnBVOGZFVjFmU01vWEJFdlVuODFIWDNkN1hpb2tDc1pfMTM4?oc=5,"Fall Events in Orlando: Food, Festivals & Frightful Fun  Visit Orlando",
2026-09-04,event,community,Thousands celebrate Puerto Rican culture at 2026 parade and festival - WFTV,WFTV,"Sun, 26 Apr 2026 07:00:00 GMT",Central Florida,https://news.google.com/rss/articles/CBMivgFBVV95cUxObGFwMGp0eWZSVEUwQWZUYUs0N05DdHRKbXpkd0x3UTB3aTI5SjkxWnY3VFFTeHJocGY4M3JNVkxTWVA3UVQ4UFlITlFtM204MnZEOWlsNldfU3hHZWFIeGtvYzZ4dnZMUFlSUk1rTXlyaFFZdmx0U29RZV9jOW5mMkJSU19id2ZheGhaZGtkYXBHYnFQVnV0UHFOZmdXbkxLak05b0xPR2ZtTUJLVnhJS250d0ZndEZBaWJGaXVn0gHSAUFVX3lxTE12RUJxYTN3LUowNFpQdU5GdTlidjAwU2tpRHZKcmF5c2FscENPUC1CVWZOaXlHd1FPV2NSbFAwOUF4NUtmUFAyVlVSdS13MHB0REFzM3V5Y1RjODhLdDVCUDdvT0MwU0ZBRENzakg5ZjZURXZ4MHNHX1poMnBaYWpVOU8wTGJ1YkNlXzdxaUQzYS11WlZVSGx2WEVMT0VINlBsd3p4d05yQ2h0cU1vbi0zeHdubmRlUzFCWXZUWlgyUTRKZlJaN2ZHdHo1TFc1T3Y3QQ?oc=5,Thousands celebrate Puerto Rican culture at 2026 parade and festival  WFTV,
2026-09-04,event,community,The Tastiest Fall Foodie Events and Food Festivals in Orlando 2026 - Orlando Date Night Guide,Orlando Date Night Guide,"Sat, 20 Jun 2026 07:00:00 GMT",Orlando,https://news.google.com/rss/articles/CBMiggFBVV95cUxPSXhjeS1LSFFFQ0ltcWxpMWJoc0FjVW5LZHQ2R2ZWdXEwS1FaRGtuNjcyRk1QVTluRTd2elNLRmFXOExSZ2xDLU5abDF3U1FKWjlIUnV2X0dzSmwxeGdJdFc2NXdWQXA4RmZJR1RFVG5fT01DU29SSkpUNk1fREdqOFhn?oc=5,The Tastiest Fall Foodie Events and Food Festivals in Orlando 2026  Orlando Date Night Guide,
2026-09-04,event,community,New to the neighborhood - The Community Paper,The Community Paper,"Wed, 02 Sep 2026 20:13:09 GMT",Central Florida,https://news.google.com/rss/articles/CBMid0FVX3lxTE9Lbi1iQ0FUNk1QbnZCaWIzT3hSdDdsbXE5RjR0MVlzeG9JR2JUaU9TOHZKSGlHNEVZOXlnMk5BdGh4TXliQXVhblN4N08xTDRhbE9vell4UmFhcDN5ZDEyTFhTNDU1YlNEeHBMcjR2OUh3QzFTUk5j?oc=5,New to the neighborhood  The Community Paper,
2026-09-04,event,holiday_activation,"Labor Day in Orlando: Events, things to do this holiday weekend - Orlando Sentinel",Orlando Sentinel,"Wed, 02 Sep 2026 17:00:58 GMT",Orlando,https://news.google.com/rss/articles/CBMiqAFBVV95cUxNbkdTR0l1UEdMbGhMS1VCTnNIMzNWazRnTlA0bWctVzdBWDZScW9EdTZLTlFraFU0THZyYjk2M3Rmd2VYeWt2RHFLMXEwd1FrNU1BSWZ6MFdSbUtIc1ViWWtYNGFBeVIyWlRIY3o3Z3JJU0FxYzhPeFdsWlhKTW1iNWkzUFdHLTJ1NGlfT3hmSWJiSzJieWlWM1VtM05OWG1FeHFuWTI4bU0?oc=5,"Labor Day in Orlando: Events, things to do this holiday weekend  Orlando Sentinel",
2026-09-04,event,holiday_activation,Orlando Takes New York City For The Holidays - Orlando Magazine,Orlando Magazine,"Wed, 05 Nov 2025 08:00:00 GMT",Orlando,https://news.google.com/rss/articles/CBMigwFBVV95cUxNckNta1lNMzJZb1R2blYwMi1CTURQZTNCMG1yUllZNy1NZlJLNWxzUE9Ra056QXJTSjZ2UGZ2c0RiTWo0OC1uOHlWb1lBWDQxeHQ5VjBkYm1heVpzbmdNZUV1cEczNFB4QnhRTTF1WXFSYWUxQzJQcFZkWmVOYlcteld5bw?oc=5,Orlando Takes New York City For The Holidays  Orlando Magazine,
2026-09-04,business_signal,influencer_campaign,Here's why Izea was named best global influencer marketing firm - The Business Journals,The Business Journals,"Tue, 29 Aug 2023 07:00:00 GMT",Central Florida,https://news.google.com/rss/articles/CBMiswFBVV95cUxQTE9YOHhkQkQ0RndNcDJnWGJTR3g2MzVGem1FZy1WcU5XY0JfZy16aXJaYVNYRVJuanR3bVdORmJ6WmtfZ210bHhFellvU3o0UEFzQWZudUhxX3U3UDdDd2FSTmlGV2lMMUtxS1JtM1lCdmk5UVBlYmI1WkxfblhmREFXSWNRWVFrSDZ2RW5Xby1lYWZ0bUhFODZOWUpMUUlFMDNXa3RPQUpjcWR4QXdFN2Nhaw?oc=5,Here's why Izea was named best global influencer marketing firm  The Business Journals,
2026-09-04,business_signal,new_location,Cartier opens new Orlando store - ww.fashionnetwork.com,ww.fashionnetwork.com,"Fri, 04 Sep 2026 04:59:26 GMT",Orlando,https://news.google.com/rss/articles/CBMihgFBVV95cUxQb3hGYlZkOWlYU083Rzc1RW5fSmRpYUhoTm9CRDVkMzU0Vm9rTUZiSFhQU2FrMzJENXgtRWREdGtVdndFa2t4T0JhbktfUkY5ZVBHZ0xCTjF1Rm1DZVdLemIwMU0waHFmUGFyNjJuMzYxNDR4MjNyV25QSDdDamxWbTgtQngxZw?oc=5,Cartier opens new Orlando store  ww.fashionnetwork.com,
2026-09-04,business_signal,new_location,Global Peace Film Festival Expands with New International Drive Experience in Orlando - EIN News,EIN News,"Fri, 04 Sep 2026 05:04:00 GMT",Orlando,https://news.google.com/rss/articles/CBMixgFBVV95cUxOZmg2UE5nakF1SndEM1dKa3BsUW1KYlNUcGdzdHE2NDg0MjhqMzB1SnIwNWlPTmRwX0V3NnRHU1lGRTFlUVV1UjQ3LXZvNkJObjc4NkVORWN5ZW9NdVJXSVJuVkIyd0RsRHJCc1QxcXJWRm5LUzFYRWlERzhGMXg4Tk9pSkJyeU83dUN3Y2t0TkNvaEdIU0dlOGZlTkRHeTNId0tRdHNYbWN2WUhid2hYWkJ1LUJaZWhKS1FHNlpVbjdKVmVsZ0E?oc=5,Global Peace Film Festival Expands with New International Drive Experience in Orlando  EIN News,
2026-09-04,business_signal,new_location,Universal Orlando expands Epic Universe after-hours lineup with 3 new dates - WKMG,WKMG,"Wed, 02 Sep 2026 18:21:54 GMT",Orlando,https://news.google.com/rss/articles/CBMixwFBVV95cUxQVEhNalpuUDB0VXk4M2VJZEFQSFU5THFVM0hfXzJPMmM2QkxzNkYzZGYzUGtQVXdidVhkVHE2YzExdW9zYnhlVmcxaElvWEMycVNBWTlFWHBraGpfcTVHQnVJRDVMRjNKSTBlbzJoYWVPbHRPVGYtSFFDTC1wVmxwbXpQUUVRUTR5TXY5bWNSaHBLUTJvbzg0c09NS1ZNTU9US3M5WVRSNlRpaVVlOFA4cHpmcngtN2xSdkVlNktjX3FfOWtfLVcw?oc=5,Universal Orlando expands Epic Universe after-hours lineup with 3 new dates  WKMG,
2026-09-04,business_signal,new_location,AdventHealth opens $365M in hospital expansions across Central Florida - The Business Journals,The Business Journals,"Wed, 02 Sep 2026 10:00:00 GMT",Central Florida,https://news.google.com/rss/articles/CBMiqAFBVV95cUxNNm1UYWgyaVEtWHh2MHVPRFhsR1NrMkRHZ0ZjOXlJVXkxM0I2ek9OZzloYzVRVE1pMXZsWWFKLURRcDBmWHVGNFRtTVdYNnFYY3IyRUVjU2twbXg5N3FoenBYVUN2eW9oTmNrLVpBOEpKbWJIT0k0U3BQZ05xWjdRdWtxNm5DdlU0ODRJd2JpQi05QkF0NEVaZ2VLZ0VTWUhER29tVHo5RnA?oc=5,AdventHealth opens $365M in hospital expansions across Central Florida  The Business Journals,
2026-09-04,business_signal,product_launch,"Pet health company launches ""vet-strength"" supplements and sampling program - DVM360",DVM360,"Tue, 24 Feb 2026 08:00:00 GMT",Central Florida,https://news.google.com/rss/articles/CBMiqAFBVV95cUxOODhuRU5LclA3cGhzMHpBYnA1SnBtV2w4SmVPZTlnVmdON0hEM0xuZ2VyR3JoN3R0aEF0VWlmRTRqLU9KSGIwcWdBQnlLdEZzeGVoLTJkdWpYM1pDWnJ1MlZzQzJ6VFVuZ29jaThhVVZIY0ROVFA0aFd4WDVzVjRIXzA1UWRyZHlNQXZudEVkbE5sWURlamJOWFlIX2ZrcFZUblU5a1prd1o?oc=5,"Pet health company launches ""vet-strength"" supplements and sampling program  DVM360",
2026-09-04,business_signal,product_launch,Beautifully human ‘Songs for a New World’ pulls you in deeply | Review - Orlando Sentinel,Orlando Sentinel,"Sat, 29 Aug 2026 09:01:22 GMT",Orlando,https://news.google.com/rss/articles/CBMikwFBVV95cUxONjlRY19RVG1FdGhYVC1mSWhGY2V5cnJ5UU1fM0pSdU9UU2VtR1FhLURKdDdJQm9OeTM4SWNWU3FzSXkzYUhBWDltTUhFUThBR0ZzRzNYc3dzclAxU09Lcko0UWFyN3NaWi1yNFZ0dDFPcWdHVHRVcjNteGIyUjZpWllSQVhfNDFfZklya3JIMVZQdGc?oc=5,Beautifully human ‘Songs for a New World’ pulls you in deeply | Review  Orlando Sentinel,
2026-09-04,business_signal,product_launch,10 Innovative New Launches That Give Main-Character Hair - American Salon,American Salon,"Tue, 28 Jul 2026 07:00:00 GMT",Central Florida,https://news.google.com/rss/articles/CBMimwFBVV95cUxPem1GUWd4QTJBcUZPNjEwdHFWTnU3QUlGVmxiMmw1UTZqQmpsLXR4N1dtQ0RUS0JuOVBneUY4cGdacXU3RXFwd04zY0NqVmZJZm1BY21SZ21oMi1pZXVCU0VZVk5tR2JHLWozUFpIRFgwalJwclNSNmFqdldnWVNBTHU4dUJBX29NQU9sLW8zZTVKd0s4em1kQ3RyTQ?oc=5,10 Innovative New Launches That Give Main-Character Hair  American Salon,
2026-09-04,business_signal,funding_opening,Florida ethics panel finds ‘probable cause’ of wrongdoing in Kissimmee case - Orlando Sentinel,Orlando Sentinel,"Wed, 02 Sep 2026 19:20:06 GMT",Orlando,https://news.google.com/rss/articles/CBMiuAFBVV95cUxQQ29HQ2VGLU1fSnpXakZXeVEySmJjWGtVZ09UbHJIVVZQa19fdjNBQTB1NVNPYVRKTERXY05BeWdJMUc5RHNVcTRtS1BPcklGQ211aEZ6NElkd21SNHA0T216RkVZc3ExVlotMVU2WG9KR2dXZGdndjU4cE85SzdHTTRxdmdWRThaR2I4WWtSVk1SamlKTDROYjJrRXM1X2JUa05IX3YyYktPZ0wxV3dvZ0tPNS02MnVz?oc=5,Florida ethics panel finds ‘probable cause’ of wrongdoing in Kissimmee case  Orlando Sentinel,
2026-09-04,business_signal,funding_opening,Florida Ethics Commission finds probable cause in Kissimmee mayor grants case - WKMG,WKMG,"Wed, 02 Sep 2026 21:33:04 GMT",Kissimmee,https://news.google.com/rss/articles/CBMiyAFBVV95cUxNZnRNQ2dKclAwZFZDMFJQenNqZUZKdWFhaktURTRfLTlKNDg2UkFBeG56cnczNXNIb3RQQWMzMW95aDhwRzIzazZnV0NxU1d3a1RNX19jT3hqLTMyZDhzVHBRRGpSWk1vdW03VkJhaWlpLWNQVnZMek41aVhubHdta2tsT0Z4TFlONkFHeVNSUXU2WkwweHZieUR5bDVvMHF2aGpiZUI2c3pra0V6TDA5cy1saTJzNENsdm1VamsxalRMNVJvOUxvUA?oc=5,Florida Ethics Commission finds probable cause in Kissimmee mayor grants case  WKMG,
2026-09-04,business_signal,funding_opening,Jorge Martinez latest Republican to challenge Darren Soto in redrawn CD 9 - Florida Politics,Florida Politics,"Mon, 25 May 2026 07:00:00 GMT",Central Florida,https://news.google.com/rss/articles/CBMiugFBVV95cUxNYVdieFJ5YzROV01RTGNOTFFwSVRVS0pOdUQzaTl4RWhoRnplbHJtczlKV1piVFV1Zm04RklaNl9rQU1tUUJheWxvLW56MmVSNzVCYVo2SU9YTDc4S0V3eWZNSDV0RDJ0TDF5bWpkM3hqaE4zRVktbS1Id1FsZkhWbGVmSHlDTGIzdHBjVGJhdTVUN2lIdVdkMWo4V1FfXzNVZlFFUlRpWFZFUGV3MUl5dC0xUTNWZG9qdnc?oc=5,Jorge Martinez latest Republican to challenge Darren Soto in redrawn CD 9  Florida Politics,
2026-09-04,business_signal,funding_opening,‘We don’t know how long we can survive’: Church Street business owner hopes new project flourishes - WKMG,WKMG,"Tue, 07 Jul 2026 07:00:00 GMT",Central Florida,https://news.google.com/rss/articles/CBMi3wFBVV95cUxNS01hQXpXNWlteG53VDN1OFdNRGlPYVFKWHVrVFdldkk2clFSUkpDSVVzTFU3akNEZHdQc0gwU3NNU3duTlBPQVlKR3JHMHJWR25fMFFiZGwwLWFDN3h4QllTZjFYaXNvVFlDTWlaVUFCZzZfdEp3dHY1VU9aLUpSa19NbnI0bmNXZlJ0OENIejZVbEpKWXFiTFg0NlJTOUhGY2c5VGIycngzNURpNjdqdDRVYjZIRS1hMVVtVzg5Z2M0R2pabFZ3ZUltT3h6VHJQN1NvWkg1a082cnBWdUhN?oc=5,‘We don’t know how long we can survive’: Church Street business owner hopes new project flourishes  WKMG,
2026-09-04,business_signal,nonprofit_campaign,"‘Continuing the fight’: Lauren Book launches campaign for SD 30, expediting hopeful return - Florida Politics",Florida Politics,"Wed, 27 May 2026 07:00:00 GMT",Central Florida,https://news.google.com/rss/articles/CBMiywFBVV95cUxQSUZVekNDNWtqWFFNRlF5TklHM0k0X040bld5VHB6bkZDY2hiRHJvMUFQSHlHUGFielVyV0Y4R0txTGtTRUlIc1hxVUFXbW15LUM5c0JnUXR6c1ZQR1JnQTduQkFxenlpN2NqbFNhRk0tUUxodlV3UWFOdEFaVTBHbjI4ZmRReFoteGtnZS1PZFdHcms5N1habHkwVmx6WFZRV2lRamNFWU1zWElaYjNkS1dubnhuWjRpRk9TNGdmWUh2eHJya1pIVFNoNA?oc=5,"‘Continuing the fight’: Lauren Book launches campaign for SD 30, expediting hopeful return  Florida Politics",
2026-09-04,business_signal,nonprofit_campaign,Orange County Mayor Jerry Demings suspends Florida governor’s campaign after prostate cancer diagnosis - WKMG,WKMG,"Fri, 05 Jun 2026 07:00:00 GMT",Central Florida,https://news.google.com/rss/articles/CBMi1AFBVV95cUxOQ3BMV1B4eGd5bTY3RWg1bTBQRExVNkhXTkdOeFV4NWo0dk56MGRhal9sNVB0SFJIdWhVWkJwa3FhNFl0MUhPLWt2VzFxNXl4ckc5YlgyOU5TRHZYM1BaMDVCV2lRdWtrTFB5QnFuY0o3RFVMOGxraHlIcHF3aTZqdk9VQkVDeUlWNFlrWHFFcjE1dS1Ja2NTTTdIRVlzRHlSVEh5Y18waG9uaHVVMGE0MGVlN3dJdkRoRWtnODBlcV9LRG9NY0g5c2MwX2ZPMGtWQjJnWQ?oc=5,Orange County Mayor Jerry Demings suspends Florida governor’s campaign after prostate cancer diagnosis  WKMG,
2026-09-04,business_signal,nonprofit_campaign,New initiative launches to encourage Muslim Americans to vote - thedigitalcourier.com,thedigitalcourier.com,"Tue, 04 Aug 2026 07:00:00 GMT",Central Florida,https://news.google.com/rss/articles/CBMi8AFBVV95cUxPT1pUblBXR1lVWWI0M2Q4QWJXaTVBX3Y4UlVfeGZSLWY4U3JTdkNueFMtbHZRYWI0UDI1R21sQnVfRktSWTN2dmFJUGNfT3FRdWhTQjVkNW9FbTlYU0sxR2JlVzRwUDdpNG5Qd1lJTU0zWDRlbVpLZjlwa1M3XzZsbUNZVlhOWFVseTM3ZE92Qk5wZktEa2FWWDN1Y1RabVlid3dhNjNYY3JPNDZEY1A2SzczSm54TkpKVW9Fb1VGQlEyT0lmejdjSGwxSmoxWHdpSzlObkdfLTZwVk1BYzRXTDQ1TEJzMG52RE92TC0yUEI?oc=5,New initiative launches to encourage Muslim Americans to vote  thedigitalcourier.com,
2026-09-04,business_signal,nonprofit_campaign,Florida Water Tours launches headquarters for its educational programs - St. Augustine Record,St. Augustine Record,"Mon, 08 Jun 2026 07:00:00 GMT",Central Florida,https://news.google.com/rss/articles/CBMi1gFBVV95cUxQeVp5TzEtQTBQZ29kQWpQTDRLakNJalJLX0pHZFZhWGVtTGJILTktYmhfWTd1ek1LWl91TmJJWl9ueXFmSlRoZEVCNU12Y04wRTB2NktzdkN5MGxDZFVBQ2I5VkNRSjFZQUtJaHNSYUlJRUZkd2VqMXBvVFIxOF9ObDRPTmZaeDRncHVYNjA3eE5ST0VfZlpUUnJZZ1piNENSUmZVbThUbFFFNi04R1E0b3lqOTc0aW9QNmVYYnF1VmgtcjFuMzVBYTZFZVJPQ1o1ai1oQ2ZB?oc=5,Florida Water Tours launches headquarters for its educational programs  St. Augustine Record,
